stageNumber,time,latitudeDegs,longitudeDegs,altitudeKm,elevationDegs,azimuthDegs,rangeKm
2,0.01,34.63203086236217,-120.6106050084114,0.1651168166603893,0.139846406248464,209.32382564687396,30.78024197847311
2,0.2,34.63203183525492,-120.61056348463353,0.16513651306461544,0.1399088834214122,209.31773819209266,30.77828874414667
2,0.4,34.632031875213514,-120.61056386790327,0.16530605713743718,0.1402242911242096,209.31779931790098,30.7783028032994
2,0.6,34.632031474281504,-120.61056369586764,0.16554641695693137,0.14067156888553486,209.31773326467084,30.7783350101295
2,0.8,34.63203111330814,-120.61056390710172,0.16595632084645331,0.1414342520588694,209.31772833726424,30.778381281566475
2,1,34.63203179484584,-120.61056356303054,0.16655070125125349,0.14254138075019368,209.31774579684523,30.77830261159743
2,1.2,34.6320317746413,-120.61056360222904,0.16725779534410687,0.14385762852360925,209.3177495992211,30.7783095696886
2,1.4,34.63203105269476,-120.61056402469706,0.1680776031250134,0.1453829842528998,209.31773974436206,30.778402163578622
2,1.6,34.632031373259025,-120.61056389185997,0.16908188742026686,0.1472527969862317,209.31775227651823,30.77836984764273
2,1.8,34.632031733781744,-120.61056414229233,0.17025571578741075,0.1494380166403008,209.31782593439306,30.778351650910857
2,2,34.63203169337271,-120.61056422068914,0.1716699039740488,0.1520705042497906,209.31783353909182,30.778365753563435
2,2.2,34.632031692922226,-120.6105646823551,0.17325363623164594,0.15501838944547128,209.31790226935217,30.778394024163433
2,2.4,34.63203125158182,-120.61056458871637,0.17490818423777818,0.15809812882577312,209.31784382089322,30.778440544378707
2,2.6,34.63203159189974,-120.61056487834664,0.1767891066968441,0.1615995883884458,209.31792128096473,30.778429746970183
2,2.8,34.6320315312863,-120.61056499594146,0.17891038897819816,0.16554830039281127,209.31793268791174,30.77845137557603
2,3,34.632031470672906,-120.61056511353621,0.18103167125582695,0.16949700682417063,209.31794409484556,30.778473150372783
2,4,34.63203216925378,-120.61056568626617,0.19482047961093485,0.19516538750705667,209.31809985168437,30.77850389631089
2,5,34.632031603980174,-120.61056632214671,0.2130353819569573,0.22907170395252574,209.31813758520832,30.778692647849574
2,6,34.632030957442545,-120.61056757647513,0.2356623929385096,0.271190076511023,209.31825925594924,30.778957534636007
2,7,34.632031532986055,-120.61056795538474,0.26284409112017604,0.32178829455712477,209.318373733168,30.779116323430376
2,8,34.63203162633351,-120.61056878070372,0.2946782577522099,0.3810450846763007,209.31850609386132,30.779406111234625
2,9,34.632031237491944,-120.61057005242355,0.3311648928374052,0.448959465395405,209.31865633656338,30.779841330099053
2,10,34.6320313689905,-120.61057083198925,0.37231892881169915,0.5255609150292018,209.31878572732933,30.78029961347
2,11,34.632029915675666,-120.61057226917161,0.4184785067504272,0.6114723026974157,209.31885328831532,30.781059270656176
2,12,34.632029022668135,-120.61057359745048,0.46947502965573223,0.7063830690567678,209.31896111980757,30.781898389296423
2,13,34.63202654489251,-120.6105755833211,0.5254770945422351,0.8105984962558008,209.31900712159918,30.783085712352825
2,14,34.632023044021594,-120.61057673297955,0.5865704495916143,0.9242781064985973,209.3188254021475,30.784528846094062
2,15,34.632017697642276,-120.61057947871646,0.6527112446427346,1.0473288426696992,209.31869537356005,30.78644566925432
2,16,34.63201154824506,-120.61058326521825,0.7240839562267065,1.18009212788229,209.3186394210445,30.788747062261024
2,17,34.63200179007971,-120.61058642668964,0.8007873709620908,1.3227366225025627,209.3181265490012,30.79166884357592
2,18,34.6319905273949,-120.6105910121,0.8828354161623866,1.475282404978341,209.31767413757134,30.795139145453543
2,19,34.631975836228115,-120.61059646614662,0.9701852471102029,1.6376302816072452,209.31700554134912,30.799360576016554
2,20,34.63195805748158,-120.61060261676623,1.0631340542631225,1.810320279808199,209.31612955419885,30.804347330241384
2,21,34.63193570816653,-120.61060946391109,1.1615681774616242,1.9931148023126033,209.31489678108983,30.8102891120907
2,22,34.63190975008788,-120.61061888435249,1.265685073875822,2.1863593159542245,209.31368375342976,30.81723692550329
2,23,34.63187908192456,-120.61062789074583,1.3754857494356112,2.390034406141641,209.31193475789007,30.825220815564364
2,24,34.63184292161294,-120.61063929821943,1.4910958993528038,2.6043283590299233,209.3099903858974,30.83450840912548
2,25,34.63180183108934,-120.61065161306813,1.6126012726537884,2.829377633410016,209.30768507299754,30.845047442208184
2,26,34.63175524922247,-120.61066632871021,1.739916122871451,3.0649747990367318,209.3051848797882,30.857022811835655
2,27,34.631701854164945,-120.6106817794853,1.8732528994511812,3.311466087888871,209.30210913153925,30.870571208168574
2,28,34.63164138572229,-120.61069890359629,2.012653502861038,3.5688724906295275,209.29857177875334,30.885838806898576
2,29,34.63157476598289,-120.61071919428394,2.1581458477638664,3.8371930558876106,209.29488826577415,30.902885206784735
2,30,34.63149993189752,-120.61074098590697,2.3098855553818867,4.116639292846039,209.29060380398175,30.921930548235192
2,31,34.63141806643485,-120.6107648333883,2.467858642796986,4.40712889581699,209.2859206373548,30.942973291011135
2,32,34.63132728676952,-120.61079056451611,2.6321918151127175,4.708795977860029,209.28062473167495,30.966290340524335
2,33,34.63122803456112,-120.61081873412861,2.802814260976389,5.0214281776565,209.27484396411168,30.991954589788367
2,34,34.631119168683426,-120.61084916995989,2.9799095169370995,5.345254625748076,209.26843927800357,31.020185050759256
2,35,34.63100117090595,-120.61088280982932,3.163576317110099,5.680354968047277,209.26159962297686,31.051092143112545
2,36,34.63087141767721,-120.61091948136968,3.3538845426607877,6.026698438896079,209.2540377416342,31.085038514467133
2,37,34.63073061180266,-120.61095880111557,3.550721487244591,6.383969020649781,209.24576904093703,31.122040629142276
2,38,34.63057805341675,-120.61100115170899,3.754199876204133,6.752221572201358,209.23678226715901,31.1623112333989
2,39,34.63041260221807,-120.61104636074329,3.964503253374249,7.131621479675022,209.22694015154735,31.2060952031993
2,40,34.63023443992455,-120.61109592066586,4.181602714280598,7.521943268312498,209.21648479385334,31.25356311352935
2,41,34.63004020291575,-120.61114965888235,4.405511324070394,7.922957640613003,209.20505768280404,31.30515987299096
2,42,34.62983163656385,-120.61120663683408,4.636300856387243,8.334656733261797,209.19269777163134,31.36081672148598
2,43,34.629605557747446,-120.61126817473927,4.8739554660068825,8.756710675418185,209.17928740167213,31.421028477278536
2,44,34.62936200914869,-120.61133465475523,5.118644721312449,9.189197374778313,209.16489227164521,31.485969790701837
2,45,34.62910051308627,-120.61140513824007,5.3702699217172345,9.631701637184916,209.1493315467498,31.555768397694052
2,46,34.62881981021548,-120.61148149986342,5.628858071250841,10.083958203439051,209.13276313528178,31.630770995907916
2,47,34.628518281821194,-120.61156262894889,5.894494013737887,10.545815053608386,209.11486950065523,31.71123955898927
2,47.5,34.62835933602689,-120.61160532772934,6.029860935832374,10.780070935363373,209.105442491346,31.75360111465595
2,48,34.62819533028417,-120.61164963407326,6.1669225010303785,11.016498651095569,209.09576294558306,31.797373249601147
2,49,34.62785121995053,-120.611741576478,6.446101673888974,11.495665659496886,209.0753398201138,31.889234605238222
2,50,34.62748501286019,-120.61183973644812,6.731479104459286,11.981992088392838,209.05370522572406,31.986989116179686
2,51,34.62709449019866,-120.6119441127052,7.02288437235076,12.474795564724548,209.03065077319192,32.09093175871698
2,52,34.6266810180716,-120.61205355559301,7.31992254755646,12.973151979464356,209.00615334647603,32.2009095922569
2,53,34.62624377914985,-120.61217049339434,7.622549851597287,13.47660590478024,208.98050067854197,32.3171997092565
2,54,34.625779935346486,-120.61229287793714,7.930695620601066,13.984644273610206,208.95312820058786,32.44006617394091
2,55,34.62528897072857,-120.61242258249894,8.244443736311979,14.49702726313804,208.92427501844182,32.56975626943272
2,56,34.624769709566124,-120.61255905084482,8.563808280520142,15.01340300536191,208.89376166756415,32.70645681735863
2,56.5,34.624499479418006,-120.612630715171,8.725727146375924,15.273183153287425,208.87801932229206,32.77753716324965
2,57,34.62422093589425,-120.61270453836322,8.888985876851715,15.533656630833587,208.86181675119255,32.8505250224645
2,58,34.623640895058195,-120.61285682494584,9.220259909703396,16.057866106344775,208.82796642203732,33.002205057091054
2,59,34.623026791346916,-120.6130174391931,9.55808139739465,16.58623346921077,208.79218596445173,33.16205210564458
2,60,34.622378011820324,-120.61318752663126,9.902902284425684,17.11903658627832,208.75460726032293,33.33041202354271
2,61,34.621691322308926,-120.61336806050795,10.255244447288103,17.656506660140188,208.7150878330548,33.50790002374652
2,62,34.62096471098273,-120.61355775734953,10.615433244273067,18.198626093348707,208.673280395822,33.69487387178062
2,63,34.620196086190866,-120.61375776184941,10.983807045321912,18.745307631824474,208.62918553246922,33.891810927379254
2,64,34.61938409774351,-120.61396921822775,11.360761056651361,19.296561122795794,208.5828769806824,34.09914459658401
2,65,34.61852635527616,-120.61419382447183,11.746506058924831,19.852002256736398,208.5344124005638,34.317371497991864
2,66,34.61762181120593,-120.61442897718261,12.141212858102284,20.41134433439895,208.48336341503085,34.5466745047663
2,67,34.616667776502624,-120.61467692812346,12.54496465219278,20.97393540266469,208.42984844174987,34.787554800906975
2,68,34.615662864424095,-120.61493843756735,12.957987205121666,21.53943882375365,208.37389770189228,35.04038016906376
2,69,34.614605909061225,-120.61521294666363,13.380294850711712,22.107232095292723,208.31537807705044,35.305365658401364
2,70,34.61349404485611,-120.6155012151121,13.811999798872508,22.676700663516165,208.25419241296825,35.58296431071321
2,71,34.612325888043856,-120.61580400213589,14.253327907338738,23.247477259273833,208.190384816835,35.87353444703297
2,72,34.611099275290904,-120.6161216842996,14.704278721129523,23.81881712603229,208.12387886284364,36.177396563019116
2,73,34.60981282497924,-120.61645501992817,15.165078170684167,24.39034298151051,208.05472781923675,36.49490025279874
2,74,34.608463676376154,-120.61680476680488,15.635838630138897,24.96141423114006,207.98285669128427,36.82647716497483
2,75,34.60704992990028,-120.61717036422611,16.116517858723178,25.53127482271389,207.90809996319555,37.172347868292626
2,76,34.60556920751935,-120.61755350502926,16.607327045897954,26.09943601093298,207.83056953806897,37.532962856533715
2,77,34.60401909214913,-120.61795549914196,17.10830789313838,26.66518516770957,207.7503255904574,37.90867980853552
2,78,34.602397809438386,-120.61837374139135,17.619574853566476,27.228077905917534,207.66695288247072,38.29967447144716
2,79,34.60070216521401,-120.618812347721,18.141295512751675,27.7874564725849,207.58084414448166,38.70652030098771
2,80,34.598931266685526,-120.6192698195592,18.673442771231755,28.342741514417003,207.49182653587366,39.12927777137966
2,81,34.59708156432662,-120.61974729271932,19.21624217799306,28.893440517364645,207.39986726855867,39.568448937293184
2,82,34.595151607720005,-120.62024475704776,19.769581066895277,29.438824750999423,207.30496428527346,40.024139719946795
2,83,34.59313876985578,-120.62076483549191,20.33371301075723,29.97849066179534,207.20737610036466,40.496823079660174
2,84,34.5910399856911,-120.62130640943795,20.908610401497224,30.511784756384902,207.10683036617084,40.98672535457069
2,85,34.588853151764724,-120.6218702300747,21.49444312636275,31.038331102556548,207.00339419608696,41.49414920542599
2,86,34.586576605301275,-120.62245760105522,22.09131031164527,31.557704331180194,206.89724836026556,42.01933701108568
2,87,34.58420702710676,-120.62306833707743,22.69922655259166,32.06933452701438,206.7882503026891,42.56256593538306
2,88,34.581742278347754,-120.62370280560962,23.318192466121168,32.57273581419117,206.67643443512415,43.124015594442255
2,89,34.579179743864394,-120.6243636234446,23.948462196474896,33.06763410061088,206.56209460888684,43.70411231850408
2,90,34.5765166301618,-120.62504873420737,24.589966786547564,33.55354779791787,206.44491386609369,44.30295384451459
2,91,34.57374824628385,-120.62576185861062,25.242591919510627,34.02968187551905,206.325182622652,44.920955547627045
2,92,34.570873063737885,-120.62650225407486,25.906593895765955,34.49602866362529,206.20286845030034,45.558315602496194
2,93,34.56788721649288,-120.62727121731356,26.581902398368346,34.95203725183541,206.07802941726453,46.21530499641965
2,94,34.56478592320296,-120.62806855719478,27.26841945233755,35.39714975521506,205.95048127619492,46.89219235943935
2,95,34.56156654219513,-120.62889650184088,27.966230514491908,35.83111430632302,205.82050899461373,47.589247238955316
2,96,34.55822373740288,-120.6297563439526,28.675152346163056,36.25328881361788,205.6880926914825,48.306761132359505
2,97,34.554753475322016,-120.63064788889538,29.395144288776443,36.6633506137022,205.55313710427015,49.04494456140036
2,98,34.55115356050227,-120.63157391259156,30.126221509129742,37.06111299854492,205.4160438288501,49.80398123465645
2,99,34.547417310467935,-120.63253366526573,30.868244487899357,37.446067976123686,205.27648638322472,50.58420345453737
2,100,34.54354161837012,-120.63352843422722,31.621201042632574,37.81805916781133,205.1346432021086,51.38579057558778
2,101,34.53952307887012,-120.63456005739873,32.384951635243375,38.17681887117635,204.99074053151477,52.208879296193494
2,102,34.53535641655373,-120.63563019864748,33.159484014509246,38.52210585121236,204.84486557058943,53.05382169836447
2,103,34.531038312952404,-120.63673827503641,33.94464610144589,38.85378982383284,204.6969818958319,53.92065540646107
2,104,34.526563894306065,-120.63788611938782,34.74018579181377,39.17152988658277,204.5472406583769,54.80954588130406
2,105,34.521928935480986,-120.63907483827043,35.54627598204184,39.47543111398025,204.39575713000656,55.720850828319016
2,106,34.517128828511616,-120.64030532849118,36.362623228223995,39.76523279451953,204.24260623830418,56.65465426859485
2,107,34.512159749675654,-120.64157886496916,37.18916063884832,40.04093367217181,204.0879582244323,57.61113195928336
2,108,34.50701783555804,-120.64289634095884,38.02565210327413,40.302440639567685,203.93194164760683,58.59034207456758
2,109,34.50169783486821,-120.64425940702093,38.87208766966034,40.549753866009304,203.7746907900719,59.59261816770108
2,110,34.49619497457902,-120.64566746983563,39.7282042385079,40.782799691005486,203.61613454336822,60.61802924949514
2,111,34.49051083352116,-120.6471236584208,40.59447344234865,41.002365083224234,203.4569485536708,61.66674320742678
2,112,34.484637255251414,-120.6486268243705,41.47047725055087,41.208096208144134,203.29681577341444,62.73898121543358
2,113,34.4785733890657,-120.65017823089578,42.356377442937344,41.400470347800166,203.13607538826278,63.83485325713011
2,114,34.47231603870233,-120.65177803643438,43.252364716267216,41.57986113240781,202.97482118863323,64.95464623393946
2,115,34.46586331964712,-120.65342805105166,44.158417377559466,41.746547829004385,202.81337659341904,66.0984556056226
2,116,34.45921425706548,-120.65512842891393,45.074896617895924,41.90114625681856,202.65193370071913,67.2665251929898
2,117,34.452364448114125,-120.6568783929569,46.00183901420329,42.043871840673646,202.49042165121503,68.45912699596704
2,118,34.445313974330894,-120.65868067608348,46.939435713781975,42.17522871824811,202.3293220348872,69.67639184515974
2,119,34.43805848515709,-120.66053487537732,47.88789365142398,42.29552928550228,202.16859239261615,70.91872409121002
2,120,34.43059649732981,-120.66243983016014,48.847307319588026,42.40519181071624,202.0082555982193,72.18622076263199
2,121,34.422924938695196,-120.66439957230702,49.817854416632095,42.50449152298464,201.84873569015343,73.4792940883467
2,122,34.41504220186056,-120.66641183547577,50.799828673138286,42.59396179674504,201.68993326984085,74.79816927397765
2,123,34.406945001528705,-120.66847878856952,51.793268007330596,42.673808961683136,201.5320752107391,76.14314285129976
2,124,34.39863135524951,-120.67060111860617,52.79835272507835,42.74441412431861,201.37530100652802,77.51447621863672
2,125,34.39009767872435,-120.6727784098238,53.81534903138783,42.80613042282228,201.21958336942626,78.91258952611328
2,126,34.38134169590493,-120.6750118946527,54.8443107214151,42.85923139985205,201.06508737511336,80.33770345792209
2,127,34.372361227284756,-120.67730355651608,55.88563118185755,42.90415430766184,200.91203317023601,81.79028574557698
2,127.5,34.36778561636277,-120.67847002871352,56.41093399550486,42.92362613248464,200.83594492811778,82.52694220002373
2,128,34.363152178338204,-120.67965166769895,56.93931004275475,42.94108740460546,200.76025308322008,83.27059542804061
2,129,34.353715367017266,-120.68205855169548,58.005429936379194,42.97043768663071,200.61009283534776,84.77867516295382
2,130,34.34404787792801,-120.68452302697993,59.08397687924001,42.99242642725831,200.4614635844965,86.31470587087699
2,131,34.33415130637142,-120.6870446338707,60.174907852611504,43.00746043872129,200.31449216563078,87.87852562445056
2,132,34.32402500318436,-120.68962568840077,61.278193720532585,43.01579521254656,200.16942776929343,89.47022071220542
2,133,34.313668659623595,-120.69226517742386,62.393750313473866,43.01771771896927,200.02626107760295,91.08973867183657
2,134,34.30308123186658,-120.69496208745538,63.52143745215517,43.01344823817835,199.88495560329596,92.73704819783657
2,135,34.292263809282545,-120.697717802859,64.66129770559539,43.003345272100006,199.7457140357711,94.4121379683587
2,135.2,34.29007219110331,-120.69827630888035,64.89080095204898,43.00065444069935,199.7181236989917,94.75058697131955
2,135.4,34.2878738520628,-120.69883569961684,65.12055627348461,42.99776917318332,199.6905890913627,95.08976309433025
2,135.6,34.28566940092311,-120.6993979968407,65.35046385235526,42.994648417005585,199.66327428072444,95.42959675500117
2,135.8,34.28346103429586,-120.69996005129295,65.58034032139928,42.99135096683068,199.6360195529493,95.76972233080456
2,136,34.281249665361,-120.70052333604667,65.81021319567506,42.987911271270505,199.60895748484893,96.11012193687037
2,136.2,34.27903598306651,-120.70108747537789,66.0399692811165,42.98431658103614,199.58208057111983,96.45065634750742
2,136.4,34.276819938875114,-120.70165209371335,66.26943905145954,42.98049839489918,199.55535911990242,96.79120421422981
2,136.6,34.274603007193946,-120.70221719099146,66.4987351715751,42.97657053502741,199.52883589537248,97.13172979452517
2,136.8,34.27238470720956,-120.70278184311437,66.72775914924313,42.972483228878865,199.50242962867392,97.47218148994993
2,137,34.27016521421703,-120.70334752287037,66.95648214235158,42.96821496318555,199.47624768514783,97.81255895669815
2,137.2,34.26794508981768,-120.70391275754855,67.1849893359216,42.963845926417505,199.4502015540077,98.15284460420553
2,137.4,34.265725629357334,-120.70447919319203,67.41306756449957,42.959321571740794,199.42444251579795,98.49282903997153
2,137.6,34.26350479972796,-120.70504518386115,67.64087370144483,42.95464420800651,199.39879394518027,98.8327394856275
2,137.8,34.2612844578957,-120.70561090313682,67.86827973752376,42.949837594118826,199.37332081326932,99.17234906662772
2,138,34.25906460339435,-120.70617635118356,68.09528566685971,42.944903066233444,199.34802124490926,99.51165774066095
2,138.2,34.25684472301307,-120.70674337536613,68.32197589534987,42.93983330844233,199.32300559411084,99.85080395066826
2,138.4,34.25462441666482,-120.707308656346,68.5482385829715,42.934606786455674,199.2980321427062,100.18966777869366
2,138.6,34.252404771631866,-120.70787513848266,68.77407230204157,42.92923414226425,199.27333251593342,100.52822991088254
2,138.8,34.25018566146496,-120.70844172474662,68.99967546479776,42.92380671006767,199.24882563680853,100.8666119789955
2,139,34.2479662993453,-120.70900804028024,69.22482222774438,42.91820425669933,199.22446183537093,101.20471095287515
2,139.2,34.24463716836541,-120.70943911862776,69.56191188324429,42.91452369283783,199.1599713975386,101.70223812037754
2,139.4,34.24241854731093,-120.71000543252448,69.78613577165176,42.90860563517418,199.13613297264507,102.03969861709211
2,139.6,34.24020015369798,-120.71057239927495,70.0100017479565,42.90256668703838,199.1125068029791,102.3769268427737
2,139.8,34.23798107488806,-120.71113854745289,70.23348240426742,42.89637705481058,199.08896710307002,102.71394188450083
2,140,34.235763216072534,-120.71170442559735,70.45661919071618,42.890125737230456,199.06560205784504,103.05063742651686
2,141,34.22467386519332,-120.71453643138855,71.56661299687345,42.85694647088488,198.95127608219204,104.73051644469777
2,142,34.21358834506242,-120.71737003461091,72.66724033168518,42.82090647232021,198.840893708633,106.40411095406994
2,143,34.20250686060395,-120.72020432437115,73.75845884836652,42.782141705987115,198.73421374968888,108.07135224647597
2,144,34.19142893018838,-120.72303876495874,74.84033953204286,42.74079123820447,198.63101601920928,109.73231237976984
2,145,34.180354247594174,-120.72587429033044,75.91292455292772,42.69696500024992,198.53118919702928,111.38706312190247
2,146,34.16928418526689,-120.7287105384267,76.97615660827887,42.65080418367865,198.4345907137186,113.03545097681352
2,147,34.15821795520017,-120.73154752133803,78.02997938727215,42.60235855011829,198.34105701583837,114.67749992558907
2,147.2,34.15600498007604,-120.73211504601562,78.2396596042104,42.5924126798245,198.32270387137714,115.00519542204492
2,147.4,34.15379247211319,-120.73268230499244,78.44893959522341,42.58238556566459,198.30445659850267,115.3325904687149
2,147.6,34.151578753282706,-120.73325059246942,78.65791893228796,42.572240382788,198.2863519354039,115.65991125468085
2,147.8,34.14936507120549,-120.73381806699042,78.86656918304972,42.56203102835553,198.26830855225953,115.98700224236319
2,148,34.147150177754575,-120.73438656999727,79.07491880447604,42.55170528517896,198.25040586349851,116.3140191190815
2,148.2,34.144934380058466,-120.73495555402393,79.28309508187324,42.54132614085644,198.23261753999205,116.64101345881005
2,148.4,34.14271788143523,-120.73552372535562,79.49088616713323,42.53083820379112,198.21487119846074,116.96779728062253
2,148.6,34.14050065232696,-120.73609384550849,79.69847509279009,42.52027972726483,198.19732790537827,117.29455639756327
2,148.8,34.138281300029846,-120.7366635261682,79.90573617224582,42.5095802706655,198.17981431388822,117.62126309270771
2,149,34.13606129820733,-120.73723276745517,80.11278166520688,42.49883301433954,198.1623639090878,117.94787932319343
2,149.2,34.13383939915572,-120.73780340999363,80.3196400794955,42.48798666332822,198.14505496763192,118.27456071677922
2,149.4,34.131617279673165,-120.7383741603687,80.52621179191117,42.47707839332521,198.127849287211,118.60108119598478
2,149.6,34.12939351801394,-120.73894539158495,80.73255415740236,42.46607536809168,198.110735535131,118.92759878603313
2,149.8,34.12716694795452,-120.73951655642668,80.93868224533368,42.45494798899302,198.09365525920688,119.25420342792181
2,150,34.12494033091819,-120.74008929631553,81.1444948420683,42.443742833431166,198.07676461071338,119.58064497695054
2,150.2,34.122712634287325,-120.74066104975977,81.35016309317574,42.432508457343104,198.05989193984587,119.90706717204527
2,150.4,34.12048230297944,-120.74123420383627,81.55558830527217,42.42113425848471,198.0431392741782,120.23357430093381
2,150.6,34.11825058422762,-120.74180691863278,81.76074196975586,42.40967193775925,198.02642832077885,120.56001099349781
2,150.8,34.11601770439112,-120.74238103383153,81.96576483322401,42.39816164586846,198.00986853400525,120.88649421814996
2,151,34.11378343687877,-120.74295470975568,82.17051618635655,42.38656444677762,197.99334929337277,121.2129072138544
2,151.2,34.11154752640022,-120.74352886618898,82.37503837171383,42.374878336112275,197.97691683247746,121.53931818987492
2,151.4,34.109309717738434,-120.74410442268017,82.57937373920437,42.36310138354903,197.9606168941276,121.86579529908468
2,151.6,34.107070521061964,-120.74467953990519,82.78343766207249,42.351239652541175,197.94435598082137,122.19220257199105
2,151.8,34.104829426049015,-120.7452560569588,82.98731481827423,42.33928855656941,197.928226099974,122.51867618630357
2,152,34.10258767963587,-120.74583213475209,83.1909766413914,42.32729825301724,197.91215013298628,122.8450607348375
2,152.2,34.10034355293508,-120.74640869277526,83.39435334471892,42.3151783026006,197.89614191326478,123.17146332945119
2,152.4,34.09809826450063,-120.74698665028376,83.59759941948113,42.30301510237,197.8802782973287,123.49791303952918
2,152.6,34.095850850641774,-120.747564168541,83.80051809509844,42.290726445420056,197.86443546205783,123.82431311169246
2,152.8,34.09360184624853,-120.74814253923256,84.0033773578424,42.27841024966432,197.8486962847114,124.15083118104705
2,153,34.09135188171024,-120.74872101752396,84.20589415408298,42.26599917105891,197.8330321746753,124.4772096107304
2,153.2,34.08909984468328,-120.74929942898952,84.40825318797026,42.25352037938376,197.81740950673995,124.80365791017
2,153.4,34.08684707410257,-120.74987978616984,84.6104105269201,42.24098648228369,197.80196680673058,125.13008298607308
2,153.6,34.08459174905424,-120.75045915738146,84.81231176342071,42.22834509122568,197.78650382025648,125.45652993773373
2,153.8,34.08233495339258,-120.75104047403558,85.01395530875865,42.21560661419615,197.77120373312664,125.78297356103707
2,154,34.08007707674177,-120.7516208047721,85.21545488207508,42.20284836072532,197.75591353422283,126.10939995479322
2,154.2,34.07781730087694,-120.75220253401245,85.41676798749621,42.19000846578323,197.74074595112276,126.43589394453355
2,154.4,34.075556135447194,-120.75278382407537,85.61780994691699,42.17709234453532,197.7256109144513,126.76231996049016
2,154.6,34.07329307064144,-120.75336651241479,85.81866549019144,42.16409586405064,197.71059717186,127.08881381133398
2,154.8,34.07102904426425,-120.75394930818393,86.01917874636968,42.151010162856814,197.69565339215444,127.41516921412685
2,155,34.068762516679975,-120.75453149025238,86.21960564977024,42.137876044334924,197.68070883111722,127.74166643896581
2,155.2,34.06649451770388,-120.75511561685722,86.41977502933145,42.12464925332356,197.66592188821858,128.06816109692036
2,155.4,34.064225865358125,-120.75569930430225,86.61972938614618,42.111391454840394,197.65118032509142,128.39456858294648
2,155.6,34.06195457643477,-120.75628438945692,86.81944144107774,42.098014000504904,197.63654186881183,128.72106443164066
2,155.8,34.05968237917879,-120.75686995377521,87.01898087809607,42.08460422070649,197.62199167313477,129.04754109772148
2,156,34.057407626635516,-120.757454532477,87.21826453245151,42.07109465473754,197.60741824881774,129.37404174847032
2,156.2,34.05513213885785,-120.758041055039,87.41734678467176,42.0575374399836,197.59301347882348,129.70052039162897
2,156.4,34.05285483241306,-120.7586265920361,87.61622930416651,42.043923435279055,197.57859968077113,130.02700331535652
2,156.6,34.050576790473144,-120.75921407262348,87.81491045754869,42.03026258605333,197.56435289880312,130.35346437238198
2,156.8,34.04829619293107,-120.75980056769774,88.0133359301379,42.01650421086983,197.5500818743746,130.6799501027801
2,157,34.04601369509033,-120.76038845973501,88.21157529515214,42.00267237633065,197.53592476687547,131.0065051389513
2,157.2,34.04373071599553,-120.76097737693414,88.4095709819058,41.98879732741381,197.52188917903672,131.33297093010773
2,157.4,34.041445181062876,-120.76156530869784,88.60731106941681,41.974826547054064,197.5078287000124,131.65946195981547
2,157.6,34.039158482333725,-120.76215463708672,88.80492110379507,41.960825103253846,197.49389473614892,131.9860024554733
2,157.8,34.036870137529014,-120.76274444413895,89.00230274689291,41.94675430108006,197.4800293392656,132.31254509467257
2,158,34.034580146543924,-120.76333472980033,89.19945602306072,41.93261466383303,197.4662320450592,132.6390900251078
2,158.2,34.03228833623531,-120.76392403017398,89.39640977798776,41.91842237421466,197.45242345249102,132.96564064244382
2,158.4,34.029995052596085,-120.76451527297165,89.59310639302525,41.90414656854857,197.43876119502153,133.29219061694985
2,158.6,34.02770012245998,-120.76510699421644,89.78957471429557,41.88980346703448,197.42516567081984,133.61874333042016
2,158.8,34.025403855052915,-120.76569864769348,89.98594193735532,41.875447648530624,197.41161434379774,133.94534937632818
2,159,34.023105631642956,-120.76629132569268,90.18195374255255,41.860971330334586,197.39815099801507,134.27190799587578
2,159.2,34.02080632523212,-120.76688301853437,90.37782209605817,41.846484967382764,197.38468911246474,134.59845266808088
2,159.4,34.01850511755116,-120.7674761070352,90.57350464677438,41.831931082376975,197.37133435556044,134.92506818098778
2,159.6,34.01620269016656,-120.76807021983161,90.76888780130446,41.81729868027036,197.35807998818711,135.25161628158637
2,159.8,34.0138981884307,-120.76866426470029,90.96411402479,41.802615139908966,197.34485397153773,135.5782388440522
2,160,34.01159203952604,-120.76925878768334,91.15911212220229,41.7878674736045,197.331691734089,135.9048651646206
2,160.2,34.00928424334427,-120.7698537887272,91.3538821181003,41.77305615274873,197.3185928536856,136.23149539881726
2,160.4,34.00697479977677,-120.77044926777842,91.54842403705698,41.75818164418227,197.30555691181627,136.55812970287738
2,160.6,34.00466444544132,-120.77104522478355,91.74279382970744,41.74328405865462,197.29259713820647,136.884747570128
2,160.8,34.00235127976912,-120.77164111374515,91.93695089527593,41.728297726828764,197.27965061504486,137.21146133318803
2,161,34.00003763015161,-120.77223802651963,92.13086464855914,41.71327574774958,197.26681461789693,137.53808804294803
2,162,33.98844312802627,-120.77522903530696,93.09727027376182,41.63728901819557,197.2034815574151,139.17157448278007
2,163,33.97680809417472,-120.77823126147617,94.05840325529408,41.55997024628543,197.1416084991766,140.80541403562103
2,164,33.96513294295469,-120.7812452441193,95.01419538409635,41.481353894701705,197.0811826628952,142.43955481698
2,165,33.95341748930614,-120.78426951529823,95.96467850187328,41.401499688591684,197.02208581306553,144.0740198405276
2,166,33.94166163896851,-120.78730644553444,96.90986930597109,41.320435123127304,196.9643867399145,145.7088923119524
2,167,33.92986447032932,-120.79035456687646,97.84974386828858,41.238178994081146,196.90795892172073,147.34421740892847
2,168,33.91802696095416,-120.79341295815571,98.78431864949874,41.1548095919804,196.8527379796723,148.97992694016048
2,169,33.90614833713027,-120.79648435736273,99.71372420213186,41.07036080869136,196.7987994250322,150.61624253472343
2,170,33.89422977168237,-120.79956655879171,100.6377648925502,40.984860349687615,196.74602489938263,152.25291276722203
2,171,33.88226915728365,-120.80266029480939,101.55661568631233,40.89832964739077,196.69437943579203,153.89025657640917
2,172,33.870268632666445,-120.80576518972644,102.47027745237295,40.810861549826384,196.64384712819273,155.52811280356406
2,173,33.85822529649873,-120.8088816059979,103.37870000236389,40.722394210176255,196.5943671434494,157.16670769305298
2,174,33.84614145779547,-120.81201062597779,104.28185538815893,40.6330048594337,196.5459909100034,158.80587633613277
2,175,33.83401577029351,-120.81515024064056,105.17979123742413,40.542713562401694,196.49858186338784,160.44573817318215
2,176,33.82184796753593,-120.81830135663925,106.07255337507651,40.4515483894297,196.45214732339224,162.0863821994078
2,177,33.80963888338001,-120.82146505580508,106.9600023980327,40.35951423767888,196.40671726483902,163.727689076562
2,178,33.797387969191,-120.82463969844684,107.84241128924862,40.26670533826686,196.36218888920757,165.3698704190108
2,179,33.785094100729474,-120.82782545471204,108.71943119349703,40.17302701633882,196.3185289909384,167.01281080847147
2,180,33.77275896815082,-120.83102414128741,109.59131748150662,40.078601244460174,196.275810725068,168.6565960621438
2,181,33.760380176264185,-120.8342342955484,110.45793551913462,39.98336775081557,196.23391789508972,170.30132445523665
2,182,33.74795992080018,-120.83745591097373,111.3194554450158,39.887445680791735,196.1928583098163,171.94694779653958
2,183,33.73549597692359,-120.84068898107044,112.17571397832688,39.79076289987612,196.1525802757247,173.59356141919488
2,184,33.722989066526495,-120.84393349937397,113.0267701396672,39.69337339006374,196.1130730204224,175.2411651609405
2,185,33.71044008133312,-120.84719091284822,113.8726541257929,39.59531800016357,196.0743834731798,176.8897539533889
2,186,33.69784668860838,-120.85046012723619,114.7134012523545,39.496578063591926,196.03641950125862,178.53954198740342
2,187,33.68521028408047,-120.85374076948288,115.54895647254679,39.39719375707141,195.99916673823822,180.1903918070645
2,188,33.672530536738016,-120.85703337640008,116.3791964011332,39.297144076976096,195.9626231847806,181.84228205975583
2,189,33.65980707288914,-120.86033776406907,117.20436560454779,39.19649919664866,195.926759970943,183.49541958279426
2,190,33.64703956159,-120.86365446861387,118.02434080064856,39.09523744717941,195.8915758669542,185.14978339980644
2,191,33.63422798689702,-120.8669834829299,118.8391256179018,38.99337719200076,195.85705391864948,186.80539828679719
2,192,33.62137216351354,-120.87032334918098,119.64875244677347,38.8909465369476,195.82312423636878,188.4622934618721
2,193,33.60847199318483,-120.87367641953516,120.45323892743328,38.78795223603911,195.78985444190144,190.12055552996028
2,194,33.59552722518453,-120.8770408712881,121.25244793406874,38.68438271599961,195.75716241401938,191.7801034970361
2,195,33.582537657195715,-120.880417970086,122.04659550465644,38.580293147044074,195.72507608574878,193.4411390143518
2,196,33.569504195032806,-120.88380643708155,122.83552834901027,38.475688449700584,195.69354787303214,195.10348472541804
2,197,33.55642516288596,-120.88720753705074,123.61935194620024,38.370567006141655,195.6625890539615,196.76739472041874
2,198,33.543300544288215,-120.89062126253748,124.39807013675664,38.26494417197335,195.6321862088525,198.43289451164372
2,199,33.53013124322476,-120.89404633616827,125.17152964135819,38.15882411497987,195.6022941942797,200.0998077343854
2,200,33.516916321403656,-120.89748402141517,125.93989140463248,38.052231961735686,195.57293308271883,201.76836211055272
2,200.5,33.51029208209974,-120.89920740927307,126.32210466547497,37.998758072697406,195.55844539655618,202.6031947614349
2,200.6,33.50896534121916,-120.8995526827957,126.39842604860291,37.988045415726035,195.5555648194719,202.7702799869191
2,200.8,33.50631114460929,-120.90024281036499,126.55085495955683,37.96660961252151,195.54979994744346,203.1043915260644
2,201,33.50365618045666,-120.90093485284594,126.70308776206244,37.94517182594287,195.54411270970877,203.43851313915414
2,201.2,33.50099821951603,-120.90162537336363,126.85514308673143,37.92370828632133,195.53836730921694,203.77277871185473
2,201.4,33.49833875361844,-120.9023178085962,127.00694716576581,37.90221662934215,195.5326914124741,204.1070822203252
2,201.6,33.49567761449267,-120.9030107110818,127.15852875419426,37.880706440468224,195.52703599151891,204.44142821298215
2,201.8,33.49301438344706,-120.90370353891196,127.30995943663176,37.85918769696579,195.52137902296403,204.775886993829
2,202,33.49034947891123,-120.90439683394591,127.46116768943985,37.83765060646268,195.5157424240391,205.11038866064408
2,202.2,33.48768290071168,-120.90509059614087,127.61215354145412,37.81609527041976,195.51012609882827,205.44493342274694
2,202.4,33.48501391152767,-120.90578482545402,127.76286184964702,37.794495749712844,195.50452224223827,205.77954920439552
2,202.6,33.48234331668052,-120.90647988508746,127.91351739342045,37.772914596713136,195.49895087586668,206.11431661980814
2,202.8,33.47967104776794,-120.90717541167953,128.06395063079148,37.75131549425907,195.49339948674518,206.44912772879903
2,203,33.476996785716835,-120.90787194694417,128.21403486453463,37.729662819109116,195.48788199273744,206.7839405229864
2,203.2,33.47432074987643,-120.9085678655692,128.36409514573867,37.708037975610615,195.48234862609115,207.11890972836665
2,203.4,33.47164272053499,-120.9092647927817,128.51380648902617,37.68635984464225,195.476849003435,207.45388111221448
2,203.6,33.46896375359807,-120.90996218678272,128.66335079806484,37.664690018632854,195.47137662721195,207.78886916530064
2,203.8,33.466281956431715,-120.91065950584569,128.8126893736357,37.64298678256685,195.4658946767414,208.12399994303738
2,204,33.46359823390479,-120.91135819629949,128.9618486835435,37.62126679462453,195.4604583632512,208.45924142042279
2,204.2,33.46091283619108,-120.91205735334047,129.11078590558748,37.599529622291676,195.4550414050468,208.79452810299463
2,204.4,33.458226500321345,-120.91275697692632,129.25955620173832,37.57780095793514,195.44965125035557,209.12983211542698
2,204.6,33.455537333779496,-120.9134565254029,129.4081209108988,37.55603939837515,195.4442513836024,209.46527977467403
2,204.8,33.45284617227032,-120.91415708196995,129.55633691667487,37.53422567693656,195.43888447404862,209.8007314460042
2,205,33.450153654233276,-120.9148575633795,129.70445766290277,37.51243042384842,195.4335228340749,210.1362709959068
2,205.2,33.44745921000155,-120.91555941552133,129.85239933919627,37.49061902217698,195.42820599782186,210.47192243595273
2,205.4,33.44476292206221,-120.91626028811828,130.00014782544784,37.46880010521554,195.4228610413156,210.80762460208533
2,205.6,33.442064388164475,-120.91696307281128,130.1475906106634,37.44693018676999,195.4175743911401,211.1433974272713
2,205.8,33.43936449733922,-120.9176657821763,130.2949382520821,37.425078890677845,195.41229274727277,211.47925875602593
2,206,33.43666219266924,-120.9183689577114,130.44200897792354,37.40318597048999,195.40702233198454,211.8151955147135
2,206.2,33.43395869837382,-120.91907350341936,130.58895590432826,37.3813026838837,195.4018034636833,212.15121680580327
2,206.4,33.43125303999152,-120.91977761111414,130.7355831038859,37.35937742520766,195.39657006253788,212.48724839479726
2,206.6,33.428545036886305,-120.92048254735553,130.88210306603648,37.33744643231191,195.39135963211476,212.82346322735592
2,206.8,33.4258360241054,-120.92118758706098,131.02828686228673,37.31548922468781,195.38616296314876,213.15959051622775
2,207,33.423124666360756,-120.92189345515527,131.17436348771676,37.29352645518571,195.380989085078,213.49590143824875
2,208,33.40954022171954,-120.92542996565342,131.90166843234934,37.18348326860607,195.3553714134669,215.1785548834009
2,209,33.39590827043247,-120.9289799268198,132.62384415366688,37.073034580690226,195.33019861877082,216.86320676780159
2,210,33.3822292932671,-120.93254152471158,133.340808980044,36.962191048029,195.3054115736075,218.54975292200788
2,211,33.3685033418933,-120.93611511474349,134.05273660319952,36.85099876923947,195.28101360894624,220.23832619589817
2,212,33.35473024329233,-120.93970267447858,134.7594758369876,36.73942640622724,195.25705363728468,221.92890851447834
2,213,33.34090897849026,-120.94330167101232,135.4612028749641,36.62751260936608,195.23343898194892,223.62167018534845
2,214,33.3270397897842,-120.94691462210967,136.15769501724094,36.5152172165191,195.21023828466318,225.31652454354955
2,215,33.3131223963565,-120.95053899599002,136.84918350140845,36.402602030156324,195.1873677702255,227.0136121424947
2,216,33.2991580257713,-120.95417640804726,137.53545758203046,36.28964934274659,195.16487833852128,228.71275135700364
2,217,33.28514442423049,-120.95782613060926,138.21672466520872,36.17637488525829,195.1427216921748,230.4142730938168
2,218,33.27108240267462,-120.96148923735052,138.8928457766669,36.062770504416285,195.1209288438228,232.1180658109703
2,219,33.25697152550948,-120.96516518022666,139.5638970010914,35.948855541148966,195.0994736664363,233.824226144091
2,220,33.24281218710879,-120.96885449210113,140.22981104930398,35.834630718599435,195.0783678663393,235.53271210354725
2,221,33.22860378620206,-120.97255518496928,140.89069273113924,35.72012282332158,195.0575452126727,237.24362416926544
2,222,33.21434589569306,-120.9762701322029,141.5464343766952,35.60530298745961,195.0370749629875,238.95701293025297
2,223,33.2000393152443,-120.9799969864787,142.19708088476864,35.490209819361056,195.01689396587244,240.67281342313171
2,224,33.18568278851374,-120.98373753967815,142.84266814311965,35.37483265630386,194.9970343532341,242.39121478502216
2,225,33.17127580464678,-120.98749088480007,143.48310294973945,35.259157958584396,194.9774619622765,244.1122115576887
2,226,33.155374339982814,-120.99121656684022,144.18168350079284,35.13307374709305,194.94533595621357,245.99989493314408
2,227,33.14086428086108,-120.99499736381205,144.81154952303785,35.01687607184107,194.92647639601975,247.7263242338635
2,228,33.126302710452585,-120.99879182795816,145.4362658862397,34.900388720252614,194.9079009828238,249.45553215303164
2,229,33.11169000952259,-121.00259977008437,146.05613338621612,34.783682048587636,194.88960288091513,251.18768397039193
2,230,33.09702534114379,-121.00642082380931,146.67093264075183,34.66671245562332,194.8715613609706,252.92273913415687
2,231,33.08230876146552,-121.01025533936816,147.28083808753732,34.54951966900789,194.85378134488792,254.66082620142444
2,232,33.067539184406186,-121.01410384780895,147.88567366953754,34.43206218934097,194.83626329491167,256.40197087360934
2,233,33.05271831211763,-121.01796544395843,148.48551028974913,34.314388498202085,194.81899327944356,258.1460700398958
2,234,33.03784472427519,-121.0218404775579,149.08041333838366,34.19649636888719,194.8019650059056,259.8933181752311
2,235,33.02291839880668,-121.02572894045491,149.67038782902156,34.07839400058494,194.7851741199132,261.6437431727692
2,236,33.007938465144576,-121.0292133920125,150.2554034747137,33.961343123472176,194.758489499487,263.38934553348696
2,237,32.992906083810624,-121.03333889384407,150.83544215743336,33.84217404871071,194.74729196754257,265.15026732118486
2,238,32.97782030856114,-121.03705957974753,151.4104867290193,33.7240578143809,194.7262515244095,266.90635672609835
2,238.5,32.97025707887407,-121.03923826279014,151.6961235490078,33.66398200948224,194.72329110098855,267.79172409069395
2,239,32.96267735178723,-121.0412128436977,151.980833915405,33.60448943753523,194.71540820979652,268.67436726433067
2,240,32.947464062606706,-121.0449662948964,152.5475029463433,33.485948557502546,194.6948644873868,270.43996544646785
2,241,32.932175384034004,-121.04915599165588,153.1106496741893,33.365946058630584,194.68431770455322,272.21992309608044
2,242,32.91681243899146,-121.05294623125268,153.67026685787832,33.24693953366237,194.6641956947732,273.99795850001976
2,243,32.90137455247265,-121.05717335990698,154.22647861292774,33.12654147632619,194.6539374154931,275.79044813831865
2,244,32.8858611756506,-121.06100299979448,154.77920302701276,33.0071219717668,194.6342823697944,277.5812318624335
2,245,32.87027231991652,-121.06526838223364,155.32844388958068,32.88633849773079,194.62431238977507,279.3865062518741
2,246,32.854606671082266,-121.06913448570072,155.8742538724048,32.76652871630586,194.6050350473733,281.1902335215514
2,247,32.838865413649174,-121.07343840440097,156.41661485824082,32.64539695789507,194.59534387167184,283.00857825044386
2,248,32.823047371600495,-121.07734322419104,156.95555537395367,32.52523755728069,194.57648581576765,284.82542740444313
2,249,32.80715113215176,-121.08168542157715,157.491145938335,32.403783829878414,194.5670445360262,286.6572315025164
2,250,32.79117951045425,-121.08562834581053,158.02326546533126,32.28330924675879,194.54857571288227,288.4874228794041
2,251,32.77512906665329,-121.09000982275836,158.55197279893702,32.1615609589783,194.5394060582558,290.3326688352397
2,252,32.75900070659603,-121.09399202304513,159.0772989763217,32.04077265411577,194.52132325043516,292.1766253246752
2,253,32.742794462039456,-121.0984116281507,159.59924455479253,31.918771126677143,194.5123845594285,294.03560132304443
2,254,32.72651006311742,-121.10243302829186,160.11786343584023,31.79772983407732,194.4946828453788,295.89340204382955
2,255,32.7101455983012,-121.10689193017159,160.63313019205816,31.675493234779722,194.4859800654119,297.7664941380985
2,256,32.69370249209581,-121.11095191593738,161.14498405976875,31.55419643435293,194.4686223196899,299.63843473802245
2,257,32.677180171668866,-121.11545057405652,161.6535327858217,31.431757827579748,194.46016278920376,301.52569209448484
2,258,32.66057674382102,-121.11975926571787,162.15874805924204,31.309728957359713,194.44745842008072,303.4161877462554
2,259,32.643894325671546,-121.12408899944654,162.66063138307538,31.18761666076276,194.4349275231294,305.3138667156446
2,260,32.62713045252171,-121.12843725377076,163.15925604389142,31.065419033021158,194.42250209984482,307.21897049351486
2,261,32.61028567996041,-121.13280597282649,163.65453000751137,30.94313195328745,194.4102240726493,309.13145886775663
2,262,32.59335975130588,-121.13719602505535,164.14650548248179,30.820767189477166,194.39810782478648,311.0514245208086
2,263,32.57635233419511,-121.14160453812181,164.6352482851781,30.698346329539227,194.38609256429746,312.9789010087898
2,264,32.55926259225266,-121.14603380631739,165.12072840030493,30.575858384758202,194.37421817579173,314.91401738731133
2,265,32.5420909183477,-121.1504843453085,165.6028826041734,30.453305073423238,194.36249566286685,316.8567361991084
2,266,32.52483633126848,-121.15495363586193,166.08189267477766,30.33071732084042,194.3508688260752,318.8072203539
2,267,32.507499046947174,-121.15944415547914,166.5575410399912,30.20806677584913,194.33938630144354,320.7654038237663
2,268,32.49007759623977,-121.16395516031506,167.03009697692283,30.085388173740007,194.32802411634302,322.73157641095895
2,269,32.47257301946536,-121.168486814799,167.49938173078468,29.96267301765109,194.31679024160474,324.70557096777253
2,270,32.454984158916304,-121.17303856129469,167.96542305702437,29.83992237225703,194.30566658978606,326.6875221204707
2,271,32.43731051395207,-121.17761215154765,168.428317717148,29.71714935937284,194.29468254417333,328.67758510266145
2,272,32.419552559868116,-121.1822057906154,168.88798780790344,29.594358764146655,194.28380583196872,330.6756610316867
2,273,32.40170963710626,-121.1868198070508,169.34455875006225,29.471568973389004,194.27303824475476,332.6819066012897
2,274,32.383780408703345,-121.19145560080555,169.7979045139784,29.348752521508384,194.2623976064799,334.6964303341232
2,275,32.36576544426621,-121.19611172774889,170.2481169431312,29.22593900020713,194.25185942548418,336.7192208770768
2,276,32.347663745445224,-121.2007890510919,170.69519606451783,29.10312395310484,194.2414334537917,338.7504109678776
2,277,32.32947529901785,-121.20548754818843,171.13915181841796,28.980315952880268,194.23111836237493,340.79002840911613
2,278,32.31120049297473,-121.21020773220737,171.57992191031576,28.85751584951273,194.22092450173753,342.83803584692134
2,279,32.29283810945143,-121.21494797291648,172.01773323063367,28.734754495622365,194.21081557964212,344.8946555020889
2,280,32.27438761126072,-121.21971073897849,172.45231604456063,28.611990350446575,194.20083210773404,346.9598682181008
2,281,32.25584892441266,-121.22449493531273,172.88387866943236,28.489261404540617,194.19095336453927,349.03378871281666
2,282,32.23722129293015,-121.22930053849412,173.31237811110262,28.366561276114236,194.181174409441,351.1164870142009
2,283,32.21850494551356,-121.23412664205269,173.73778098242173,28.243895881523432,194.17148005866324,353.20792744207324
2,284,32.19969839725101,-121.23897587154377,174.16017613775657,28.12126555125913,194.16190773379873,355.30836945716214
2,285,32.1808031043084,-121.24384555440788,174.57949589771033,27.99868584439664,194.15241786583127,357.4176079040737
2,286,32.161816838859885,-121.24873831443334,174.99577613672614,27.876143051750105,194.1430437659243,359.5359457978987
2,287,32.14274041454325,-121.25365182736664,175.40906553243008,27.753662000283914,194.13374924319135,361.663304929674
2,288,32.12357258941898,-121.25858783298538,175.81940966344717,27.631240877648676,194.12455716966758,363.79988155746565
2,289,32.104313246464905,-121.2635459599087,176.22665010743123,27.508864143994554,194.1154600879547,365.9456199980693
2,290,32.084962074428844,-121.26852599461093,176.63103994945902,27.38657000143074,194.10645241386447,368.1006933929544
2,291,32.065519112022415,-121.27352898194913,177.03239247619268,27.264337735786068,194.09755096542173,370.2650448304275
2,292,32.04598280385499,-121.27855382672661,177.43081082128268,27.14217594644602,194.08872985921965,372.43887342850144
2,293,32.02635353245925,-121.28360103865478,177.82623405201082,27.020084935136484,194.0799987866128,374.6221421094091
2,294,32.00663088449134,-121.2886700576763,178.21874617695065,26.89807930299724,194.07134633663193,376.8149409487391
2,295,31.98681460317065,-121.29376173821028,178.60840288686381,26.776168528024545,194.06278468401572,379.0173584773094
2,296,31.966902943774812,-121.29887693348208,178.99515410755296,26.654335916350718,194.05431896797353,381.22957430751495
2,297,31.94689711694299,-121.30401385852423,179.37897659849284,26.53259725286727,194.0459258249029,383.4514441858759
2,298,31.926795879954984,-121.30917424548173,179.75991758095847,26.41095130389969,194.03762666028553,385.68316483110203
2,299,31.90659906150634,-121.31435665449924,180.13801759997477,26.289409970673862,194.02939770528369,387.92476296113676
2,300,31.88630605600121,-121.31956247200692,180.51320761954878,26.167962754851583,194.02125757674378,390.1763099569654
2,301,31.86591621035914,-121.32479201445398,180.88561669253,26.046626114393536,194.0132077759549,392.43795694363405
2,302,31.845429004308464,-121.33004437645172,181.25516038274486,25.925392110300148,194.005231694742,394.7097140049008
2,303,31.824845165927684,-121.33531953098684,181.62190402249155,25.804280127097535,193.9973317838207,396.99155993947664
2,304,31.804162202910536,-121.34061832795891,181.98574627915303,25.68326211546905,193.9895099805075,399.2837235517671
2,305,31.783381828241502,-121.34593986272967,182.34676123285945,25.562367393664843,193.9817596189886,401.58607430709753
2,306,31.76250165950092,-121.35128532697868,182.70501747232117,25.441589822805444,193.97408824913643,403.898918871024
2,307,31.741521328147535,-121.35665522580464,183.06040293923206,25.320917272090973,193.96650145112093,406.2222681399534
2,308,31.72044140785177,-121.36204812065614,183.4130118695516,25.200373240553272,193.95897999909764,408.55610043449497
2,309,31.699261528542113,-121.36746451729168,183.76273232222815,25.079945483643392,193.95152964078116,410.9004268412669
2,310,31.677980053124262,-121.37290560423169,184.10968642433454,24.959640464744634,193.94416073913467,413.2555069401543
2,311,31.656596457054707,-121.37837047676632,184.45379104643223,24.839450796655715,193.9368577381448,415.62135282386885
2,312,31.635111467519437,-121.38385910591404,184.795112425494,24.719394957601438,193.92962299475755,417.997941596424
2,313,31.61352333393176,-121.38937233693585,185.13360383791198,24.59945860733014,193.92246140334936,420.3854576539693
2,314,31.591831529618908,-121.39490926587054,185.46918259449768,24.47963461205927,193.9153578477531,422.7839140857754
2,315,31.570036657767453,-121.40047107766429,185.8021290917555,24.359964200490268,193.9083313275432,425.19342323996267
2,316,31.54813709032139,-121.4060574014038,186.1321834248947,24.240410399532895,193.90136999467146,427.61403455906685
2,317,31.526132176743285,-121.4116685468794,186.45947724299785,24.120989099249254,193.89447550851824,430.0458968420954
2,318,31.504022288018668,-121.4173050163324,186.78395242406336,24.001700215484057,193.8876560389985,432.4889741578908
2,319,31.481806504354836,-121.42296537310303,187.10559972993565,23.882543359288096,193.88088809361946,434.94334148509387
2,320,31.459484566466976,-121.4286504593051,187.42447846905142,23.76352745954636,193.87418226177832,437.40908562129
2,321,31.437054720536853,-121.43436111579237,187.74054378212523,23.644639389281256,193.86754326480295,439.88639349409914
2,322,31.414518082317933,-121.44009784342555,188.05379026417248,23.525890132791105,193.86098179855884,442.3751795043442
2,323,31.391872714343688,-121.4458590116039,188.3643995235404,23.407294934821604,193.85446855334231,444.8757016775532
2,324,31.369118505701508,-121.45164531581094,188.67201989821623,23.288816517797102,193.84801251524797,447.387843158686
2,325,31.34625567548325,-121.45745740062951,188.9770058954032,23.170500861855604,193.84162296983993,449.9117716543145
2,326,31.323282346742698,-121.46329576571951,189.27914437421597,23.05231573115742,193.83529950666158,452.4476044241703
2,327,31.300198345702483,-121.46915897531893,189.57847963810525,22.93427176637042,193.82902261661695,454.99536656531154
2,328,31.277003174672934,-121.47504873679385,189.87511703156494,22.816380251376494,193.8228128173488,457.5552053973982
2,329,31.253696299986302,-121.48096414668028,190.16897631517054,22.69863461725875,193.81665639066938,460.12713648393685
2,330,31.230277336702734,-121.48690570414634,190.45994913851283,22.581024462398172,193.8105584160899,462.7111768508234
2,331,31.20674524920442,-121.4928731800679,190.74824260862357,22.46357147374058,193.80451232205286,465.30753293713525
2,332,31.183099652109366,-121.49886707263491,191.03374878448994,22.34626529458909,193.7985231401687,467.9162218384941
2,333,31.159340521012776,-121.50488734758149,191.31648459719773,22.229112230831674,193.79259032692795,470.5372688176319
2,334,31.13546570994553,-121.51093430640024,191.5964813592881,22.112107183884213,193.78671030939415,473.1709242754985
2,335,31.111475580155123,-121.51700844597183,191.87368349675555,21.99525021442511,193.7808905256624,475.81715396990484
2,336,31.087370342494662,-121.52310886364435,192.14806369294507,21.878545145365862,193.7751204530377,478.4759226209178
2,337,31.063147978518685,-121.52923619505961,192.41982345483174,21.762005757571064,193.7694012361235,481.14754819937485
2,338,31.03880871960753,-121.53539060114271,192.6887382331146,21.645613415466464,193.7637356764311,483.8319294968328
2,339,31.01435116819202,-121.54157238089664,192.95489231753257,21.529373381108435,193.75812281262927,486.5292649624879
2,340,30.989774913857712,-121.54778096624564,193.2183770038495,21.41329811105299,193.75255449942668,489.2396388762993
2,341,30.96507994803648,-121.55401738417441,193.479013073653,21.29737172323975,193.74704317890908,491.9630117984604
2,342,30.940264489436405,-121.56028140023295,193.7369586643139,21.181605747082415,193.7415802708353,494.6996410568472
2,343,30.915328894709404,-121.56657350857253,193.99215951762443,21.066000187548937,193.7361728691193,497.44949288799825
2,344,30.890272237626398,-121.57289227540464,194.2446113670813,20.950555403988027,193.73080114612185,500.21264492065535
2,345,30.86509326896028,-121.5792393930602,194.49437189589256,20.835273094620625,193.7254812627829,502.98929686607624
2,346,30.839792578280495,-121.58561449022503,194.7413424033746,20.72015080877646,193.72021079414665,505.7793551593259
2,347,30.814368016578513,-121.59201786163591,194.98555799032283,20.605184761127937,193.7149865277262,508.5830727139757
2,348,30.78881955488831,-121.59844946864094,195.22703849286492,20.490381144734872,193.70980806979512,511.4004748753616
2,349,30.763146929513738,-121.60491013566923,195.46584887899738,20.375748479180345,193.70468415869735,514.2316466344539
2,350,30.737348841778196,-121.61139896012828,195.70186197326518,20.261272234185185,193.69960057500435,517.0766631573695
2,351,30.71142502687846,-121.61791676565798,195.93514321840368,20.146961014028257,193.6945660398944,519.9356097299631
2,352,30.68537356939076,-121.62446298141944,196.16568431186957,20.032809047710053,193.68956846835044,522.8086802441301
2,353,30.65919571011134,-121.63103842948011,196.39365327089374,19.918842552313254,193.68462102551683,525.6958483819886
2,354,30.632889021952437,-121.63764273825876,196.61874873821625,19.805023827089816,193.67971244179526,528.5972443148758
2,355,30.60645361208215,-121.64427619809265,196.84116137740668,19.691376202205195,193.6748464892702,531.5129551774695
2,356,30.57988907507581,-121.65093929866039,197.0607884460017,19.577891078038686,193.67002752822202,534.443004592533
2,357,30.5531936342198,-121.65763179802703,197.27779251271022,19.464580071264162,193.6652478640227,537.3876482948002
2,358,30.526367636645315,-121.66435418479637,197.49212224575692,19.35144324851943,193.66051403291632,540.3468538156417
2,359,30.499409920458902,-121.67110694724113,197.70362485898846,19.238463728670247,193.65582807895944,543.3207021509243
2,360,30.472318564586026,-121.67788845158198,197.91249204220344,19.12565660563385,193.65116713846677,546.30944670546
2,361,30.4450944355651,-121.68470110616681,198.1185717264358,19.013012951668337,193.6465597735961,549.3130011330488
2,362,30.417736744729776,-121.69154380674325,198.32203344370333,18.90055025131558,193.64199207442456,552.3315043328115
2,363,30.390243195438902,-121.69841650995845,198.52274841286243,18.788249571691637,193.6374573981537,555.3651526900942
2,364,30.362614275095336,-121.70532003063646,198.720836003365,18.67612760821232,193.63296596377648,558.4139734693935
2,365,30.334848815609533,-121.71225485438087,198.91614531739896,18.56416822201616,193.6285197638387,561.4780501042036
2,366,30.306945506608194,-121.71921901868238,199.10875123889932,18.452378274874132,193.6240950640431,564.557519569386
2,367,30.27890535425748,-121.72621525455598,199.29867224286124,18.34076527995595,193.61972319947458,567.6523547312244
2,368,30.250725306303337,-121.73324245615915,199.4859283040138,18.229322424920735,193.61538462319027,570.7628669136367
2,369,30.222405701059667,-121.740301107677,199.67047070976068,18.11805004998681,193.61108550047223,573.8890253448459
2,370,30.193945513911704,-121.74739201940167,199.8523194986973,18.00694865086804,193.60683151007643,577.0309725189347
2,371,30.16534380880418,-121.75451375858918,200.03147761231753,17.896019467409026,193.60260591807113,580.1887892543365
2,372,30.13659956061375,-121.7616671348569,200.20796578332317,17.78526307722347,193.59841452751635,583.3626182248629
2,373,30.10771234780629,-121.76885263076457,200.38168604560198,17.67467213937597,193.59426134478068,586.5524878984526
2,374,30.078681154603373,-121.7760699947278,200.55285705543216,17.564266067864487,193.59014149679254,589.7585935716356
2,375,30.04950517431471,-121.78332023767011,200.72125776218343,17.454024415427924,193.5860631545609,592.9809673411329
2,376,30.02018286525551,-121.79060225213,200.88701188872102,17.34395658661701,193.5820117533182,596.2198048820474
2,377,29.990714700682027,-121.79791790247884,201.0500447790362,17.234059958472205,193.57800702688365,599.4750795736414
2,377.2,29.98480327214379,-121.79938500573115,201.08233651031554,17.21210140785479,193.5772103353066,600.1281414082979
2,377.4,29.9788865040566,-121.80085309890168,201.11456633177772,17.190156284604676,193.57641333164827,600.7818205049083
2,377.6,29.972962881281894,-121.80232218165092,201.14663452244363,17.16820975304019,193.57561218206627,601.4362361047063
2,377.8,29.96703405939576,-121.80379363659439,201.17861326533276,17.146273723337657,193.57482445200367,602.091272662756
2,378,29.961099369701635,-121.80526522673064,201.21043512792514,17.124341388966297,193.57402683003014,602.7469282062867
2,378.2,29.955158121423235,-121.80673951235602,201.24223731611204,17.10242010073264,193.57324228764963,603.4033781886645
2,378.4,29.949211004680052,-121.80821393249411,201.27388307388966,17.0805026088786,193.57244787514765,604.0604475863553
2,378.6,29.94325778899402,-121.80968934035019,201.30541828691216,17.058591396957762,193.5716512568948,604.7181950262025
2,378.8,29.93729937256027,-121.81116711813604,201.3368651243616,17.036690891510368,193.5708679802972,605.3765643586188
2,379,29.931334098762633,-121.81264588279771,201.36815195695218,17.014789395450542,193.57008058006593,606.0356718880597
2,379.2,29.925363252806804,-121.81412648712855,201.39942450021115,16.992904112184558,193.56930047200277,606.6954566690167
2,379.4,29.919386536578212,-121.8156072244511,201.4305417035036,16.971022862832967,193.56851055587595,607.3558619452174
2,379.6,29.913403860397437,-121.8170903298563,201.46152152087168,16.949145150735905,193.56773201725358,608.01694970217
2,379.8,29.907415083215803,-121.81857442061234,201.49239213776588,16.927274008059335,193.56695126733538,608.6787167556863
2,380,29.901420732860938,-121.82006034923708,201.52324933881687,16.90541921774035,193.56617776941644,609.3411617027486
2,380.2,29.89541952297561,-121.82154726239247,201.5539479428353,16.883563776469536,193.56540017126974,610.0043462325259
2,380.4,29.889412969227966,-121.82303515973695,201.58458786999992,16.86172233442065,193.56462226112387,610.6681506893792
2,380.6,29.883399925350634,-121.82452457010125,201.6149960037414,16.839874971218155,193.56384622698607,611.3326404019837
2,380.8,29.87738153688507,-121.82601496394709,201.64534589146544,16.818041690428615,193.56306988302862,611.9977504412215
2,381,29.871356815782505,-121.82750719344729,201.67563365865126,16.796217679208052,193.56229887231984,612.6635992418863
2,381.2,29.865325233196973,-121.82900040560715,201.7057640165817,16.77439331219015,193.56152379417117,613.3301888363228
2,381.4,29.859288445483976,-121.83049598158546,201.73580885241927,16.752580191901476,193.56076183414842,613.9974027752509
2,381.6,29.8532451840046,-121.83199201026449,201.76582022152468,16.73077942868584,193.5599917571812,614.665352543938
2,381.8,29.847196188045558,-121.8334895495382,201.79565098436083,16.70898033172505,193.55922540950337,615.3339289282259
2,382,29.841141087427772,-121.83498806993967,201.82537505290938,16.687188317870188,193.55845688028396,616.003186853668
2,382.2,29.835080021910525,-121.83648895230256,201.85496471927223,16.66540050062741,193.55769953696898,616.6731300731092
2,382.4,29.82901271093612,-121.83798943384981,201.88447608956042,16.643622794180374,193.5569266602287,617.3437517042537
2,382.6,29.822939204926218,-121.83949312847218,201.91389928806666,16.621851803748854,193.5561724047153,618.015117219775
2,382.8,29.81685906368206,-121.8409969506567,201.94312122884114,16.600078497833206,193.55540666552324,618.6871672729463
2,383,29.81077334524979,-121.8425026039147,201.97233313764167,16.578322105812898,193.55464805323402,619.3598977411117
2,383.2,29.804681520145127,-121.84400923594062,202.00143974536005,16.55657307519134,193.55388727266472,620.0333109684532
2,383.4,29.79858372787338,-121.84551822707976,202.03041335417052,16.534828538221205,193.55313759552652,620.7074107657874
2,383.6,29.792479459163115,-121.84702766714453,202.05935584574567,16.513096786003615,193.55237989591885,621.3822482330729
2,383.8,29.786369451786143,-121.84853861378721,202.08812001737766,16.491367203672752,193.55162587788533,622.0577145732564
2,384,29.780252577475004,-121.85005053765958,202.11673014873918,16.46963805974186,193.55086785837346,622.7339250072598
2,384.2,29.774130124420445,-121.85156428982448,202.14533162161987,16.44792603851037,193.5501169120306,623.4108168151076
2,384.4,29.768001931383942,-121.85307954733574,202.17375546344277,16.426216336804018,193.54936962565668,624.0883381774776
2,384.6,29.761866272511284,-121.8545961032165,202.20214554265795,16.404514963893124,193.54861989426544,624.766716774254
2,384.8,29.755724872815176,-121.85611416359124,202.23035847744998,16.38281602311803,193.54787381659318,625.4457254007981
2,385,29.749578122312872,-121.85763319917099,202.2585178536959,16.361131927285367,193.5471274193805,626.1253579985871
2,386,29.718747887100673,-121.86524968429407,202.39753130128236,16.252786015063876,193.54341359745246,629.5343464176387
2,387,29.687762356465758,-121.8729007910204,202.53389601644594,16.144615741655688,193.53973530832425,632.960913645419
2,388,29.656619369986288,-121.8805867871042,202.6676629412854,16.036620679753096,193.53609016658172,636.4053192407561
2,389,29.62531835106694,-121.88830676823186,202.7987675014278,15.928797390859907,193.5324689486317,639.8675921672985
2,390,29.59385863172534,-121.89606205874635,202.927163442716,15.821142090871941,193.52888252076056,643.347823553503
2,391,29.562238809797027,-121.90385292412927,203.05295258008968,15.713661473863501,193.52533031080577,646.8462123816693
2,392,29.530457179284433,-121.91167793122686,203.17609597496875,15.606350678875724,193.52179591845137,650.3629036155711
2,393,29.49851396818213,-121.9195397786674,203.29657012164034,15.499210096840113,193.5183043877052,653.8979314718158
2,394,29.46640710282926,-121.92743650427113,203.41441080550663,15.39224018622145,193.5148338622416,657.4514951049882
2,395,29.43413703654011,-121.93536995609864,203.5295491927564,15.285438997584022,193.51140211024537,661.0235714610161
2,396,29.401700341615168,-121.94333849166772,203.64209285136405,15.178808017512825,193.50798733963114,664.614532969711
2,396.5,29.385420303563517,-121.94733712750673,203.69739042787347,15.125559174093969,193.50629883136875,666.4170403790995
2,396.8,29.375631593504053,-121.94974032652927,203.73015764108766,15.093620626354767,193.50528461714302,667.500845992861
2,397,29.3690974695948,-121.95134395695139,203.75197385032288,15.072345419729851,193.5046071767824,668.2243569932484
2,397.2,29.362557350386076,-121.95294991237843,203.77367435972394,15.05107795582934,193.50393994035966,668.9485690339715
2,397.4,29.356009574826693,-121.95455681728663,203.7951891988199,15.029808007183941,193.50326727900585,669.67360289064
2,397.6,29.349455666164616,-121.9561646713218,203.81661670335663,15.008548593122857,193.5025926026242,670.3993339416506
2,397.8,29.34289517060532,-121.95777516733583,203.8380493999794,14.987304486965387,193.5019295337001,671.125876993629
2,398,29.336327607384764,-121.95938629308716,203.85917718805558,14.966050649268652,193.50125961893866,671.8531323180115
2,398.2,29.329753093179086,-121.96099953152805,203.88038469633088,14.944817262217981,193.50059592327145,672.5812529980975
2,398.4,29.32317303433829,-121.96261339897339,203.90138581593894,14.923587144491961,193.49992877563673,673.3099613619296
2,398.6,29.31658449986324,-121.9642293779907,203.9223692663787,14.902364675737617,193.499264463221,674.0396605332799
2,398.8,29.309990193172574,-121.96584683152244,203.9431930261599,14.881147944497286,193.49860347968124,674.7700051316816
2,399,29.303388988465787,-121.96746523109942,203.9638823717125,14.859935615439355,193.4979388065019,675.5011109125057
2,399.2,29.29678065878796,-121.96908542246571,203.98448375845328,14.838730109885654,193.4972772100032,676.2330353632747
2,399.4,29.29016655534195,-121.97070708707757,204.0049262407832,14.817530478112696,193.4966189307483,676.9656059172726
2,399.6,29.28354397452572,-121.97233086036732,204.025352581962,14.796338770785907,193.49596346199579,677.6991683421898
2,399.8,29.27691548279104,-121.97395473196461,204.04564837990702,14.775155682634614,193.49529926162853,678.4333728589177
2,400,29.270280227067577,-121.9755809213714,204.06578337071184,14.753974597768204,193.49464342958706,679.1683441219316
2,400.2,29.26363860683655,-121.97720889997149,204.08588072521613,14.73280693873606,193.49399231445648,679.904072286921
2,400.4,29.25698873428874,-121.97883813919523,204.10591696977244,14.711645047106284,193.49333728630862,680.640735928291
2,400.6,29.250333311453197,-121.98046800328672,204.12574973474165,14.690486933671497,193.49267885416828,681.3779897722245
2,400.8,29.243670534201833,-121.98210050066231,204.14554305088149,14.669338391508388,193.49203016200485,682.1161211243852
2,401,29.237000854543993,-121.98373393963313,204.16520479265228,14.648194748161256,193.4913778177513,682.8550158725247
2,401.2,29.230324407933598,-121.98536969316864,204.18470745168347,14.627053425994735,193.4907337690287,683.5946787641954
2,401.4,29.223640695893508,-121.98700585947918,204.20415312985145,14.605922097749936,193.49008081650257,684.3351581491928
2,401.6,29.216950978802323,-121.98864433932704,204.22348912006058,14.58479948927506,193.48943779904542,685.07634311065
2,401.8,29.21025323270168,-121.9902832311139,204.24271989482176,14.563680669041922,193.48878424984906,685.8184079870027
2,402,29.203549480654782,-121.99192443540987,204.26184154545516,14.542570658016125,193.48814061825084,686.561178854729
2,402.2,29.1968385975178,-121.99356742371319,204.28087958632224,14.521468195460406,193.4874999953161,687.3047715353227
2,402.4,29.19012080879024,-121.99521135050706,204.29978806289566,14.500370975025056,193.48685574716197,688.0491291669946
2,402.6,29.183395125010723,-121.9968570603021,204.3185647621844,14.479275153889127,193.48621286379802,688.7943722159755
2,402.8,29.17666307202482,-121.99850455252212,204.33730751799607,14.45819328279511,193.48557462477154,689.5403745510293
2,403,29.16992411213287,-122.0001529818677,204.3559215903841,14.43711680120871,193.48493277451803,690.2871424942211
2,404,29.136125282329306,-122.00841919987835,204.4473612310551,14.331831829431119,193.4817526658326,694.0328238472679
2,405,29.102150059265025,-122.01672334393169,204.53617169968692,14.226710432586795,193.4785966106946,697.7985490687104
2,406,29.067998387531432,-122.02506535119463,204.6223905272251,14.121758641774605,193.4754644675422,701.5843450379652
2,407,29.033668817845992,-122.03344652956673,204.7059306376325,14.016967680991817,193.47236442820085,705.390370646765
2,408,28.99916016886631,-122.04186628710545,204.78685596728326,13.912342431371671,193.4692895627892,709.2167688464114
2,409,28.964470853947432,-122.05032455945326,204.86510835959297,13.807876903507806,193.46623654300592,713.0636946151945
2,410,28.929599242197305,-122.05882243897705,204.9408457520539,13.703580698946327,193.46321137002064,716.9314044086054
2,411,28.894544328202418,-122.06735954458158,205.01389064300713,13.599440869095236,193.46020936812994,720.8199454258232
2,412,28.85930582742011,-122.0759366517724,205.08432975899242,13.495465856802522,193.45723666490915,724.7294018044353
2,413,28.823881158858722,-122.08455453441756,205.152105517732,13.391646509395896,193.45429461533718,728.6600508950961
2,414,28.788270127867122,-122.09321175620569,205.217286912201,13.287991442408613,193.45137187718194,732.6119152963021
2,415,28.75247069409208,-122.10190993041248,205.27991242611222,13.184499782137056,193.44847763999894,736.5852646687952
2,416,28.716480719861934,-122.11064814742151,205.33983352740762,13.081158210953012,193.445601001131,740.5802650478471
2,417,28.680300461603462,-122.11942801756823,205.39723437477647,12.977983235621071,193.4427555896376,744.59699205673
2,418,28.64392701166006,-122.12824863054037,205.45191965980084,12.874956101933257,193.43992907993803,748.6356777849978
2,419,28.60736049429094,-122.13711022801081,205.50410223957525,12.772095634681857,193.437124163105,752.6963922246023
2,420,28.570598261304376,-122.14601463079735,205.55353297712935,12.669378682053816,193.43435020166157,756.7793796297613
2,421,28.533639183762116,-122.15496018551848,205.6004800489368,12.566825495068892,193.43159286090525,760.8848204777624
2,422,28.496482144968983,-122.16394871069771,205.64479148774407,12.464424301005316,193.42886440150465,765.0128290985332
2,423,28.459125539989397,-122.17298013206361,205.68641801625026,12.362170513863365,193.4261616641518,769.1635658112074
2,424,28.42156683603759,-122.18205415876453,205.72550678485166,12.260071092856231,193.42347820214113,773.3373477955181
2,425,28.383805899434428,-122.19117176853182,205.7619087861171,12.158117877125473,193.42082163889935,777.5341694944676
2,426,28.34584118716379,-122.2003318323677,205.7957732500043,12.056320967991846,193.4181812260199,781.7542262326642
2,427,28.307670230126703,-122.20953647237448,205.82702559867036,11.95467074113205,193.4155686801012,785.9978071991484
2,428,28.269291066561266,-122.21878508368027,205.85569485774263,11.853167634204732,193.41297644275474,790.2651244459219
2,429,28.230703973957606,-122.2280781141633,205.88175642485544,11.751813587438145,193.41040886843183,794.5561574945441
2,430,28.191905448202288,-122.2374149586907,205.90514603178576,11.650598748534842,193.4078557491179,798.8712523258938
2,431,28.15289532254111,-122.2467977329572,205.92593440938833,11.549529673513536,193.40533271436877,803.210500237974
2,432,28.11367051224631,-122.25622530302908,205.94418099057208,11.448606366876675,193.4028265618068,807.5742306250085
2,433,28.07423029930729,-122.2656989469846,205.95986378536,11.34782806513512,193.40034577873502,811.9625463244963
2,434,28.03457285943446,-122.27521827496673,205.97277312062775,11.247179595818057,193.39788489838276,816.3755746527509
2,435,27.99469586091286,-122.28478329191266,205.98323412433547,11.146680192850855,193.3954404745978,820.8136713609474
2,436,27.954597731541504,-122.29439632367584,205.99098400073964,11.046310627570932,193.3930267479686,825.2769771520078
2,437,27.914276797698545,-122.30405487462868,205.9962082070131,10.946083551547037,193.39062385148193,829.7656820748819
2,438,27.87373168854158,-122.31376157460457,205.99881435569935,10.84599152177268,193.38824843506052,834.2799646192863
2,439,27.83295965784668,-122.32351581023282,205.99879389473702,10.746031000089143,193.3858920670599,838.8201080497133
2,440,27.79195963079993,-122.33331832446903,205.99620525836386,10.646206136753912,193.38355865784854,843.3862664900079
2,441,27.750729420932203,-122.34316819809683,205.99091977709065,10.546507148958591,193.381238813621,847.9786206551377
2,442,27.709267515068913,-122.3530678323731,205.98309226737916,10.446942667247429,193.3789470329748,852.5974349594477
2,442.2,27.700946661548542,-122.35505393144817,205.98125063325185,10.427046427686426,193.37849233208723,853.5244577232786
2,442.4,27.692616474190284,-122.35704086388162,205.97921183236318,10.407149981928436,193.3780308249555,854.4524932514447
2,442.6,27.684277073941495,-122.3590311178633,205.97716498455125,10.387264610434203,193.37757958878532,855.381637687991
2,442.8,27.675928338246695,-122.36102220393815,205.97492193119788,10.367379150463718,193.37712155737822,856.3117954499133
2,443,27.6675703884627,-122.36301660980907,205.97267180479224,10.347504862091034,193.37667376880512,857.2430625596132
2,443.2,27.65920275890826,-122.36501132093765,205.97030124946218,10.327634826702829,193.37621507901727,858.1753916870684
2,443.4,27.65082569980512,-122.36700904648636,205.96775595988055,10.307764980798927,193.3757642102068,859.1087962641126
2,443.6,27.64243852510316,-122.3690087344506,205.9651860812772,10.287903831590079,193.37531292221593,860.0433728039338
2,443.8,27.63404291062258,-122.37101060601798,205.962441440274,10.268045518114318,193.37486548966936,860.9789021383957
2,444,27.625637396344345,-122.37301360947066,205.95962577265686,10.248193847024856,193.3744124230816,861.9155492415681
2,444.2,27.61722210695758,-122.37501909859742,205.95671220005863,10.22834682058602,193.37396304226468,862.8533209661846
2,444.4,27.60879781628372,-122.37702707251873,205.95374758295807,10.208509154868226,193.37351861495344,863.7921489405018
2,444.6,27.60036319145068,-122.37903670164107,205.95059228217136,10.188669436570283,193.37307137789188,864.7321160522064
2,444.8,27.59191978073424,-122.38104798532855,205.94733947071526,10.16883703386905,193.37262389383102,865.673085304165
2,445,27.583466591968516,-122.38306175149549,205.94399077580496,10.149009505402738,193.37218007264906,866.615180225064
2,445.2,27.57500384115272,-122.38507717079186,205.94049924064336,10.129184759017452,193.37173472775214,867.5583464903116
2,445.4,27.566530969176334,-122.38709454551928,205.93698770762794,10.109369193213958,193.3712889707806,868.5026868663675
2,445.6,27.55804831711326,-122.3891144002661,205.93338184774387,10.089558672911727,193.37084686529658,869.4481536711194
2,445.8,27.549556658758863,-122.39113560312946,205.92951232532783,10.069744780936656,193.37040214015363,870.3945902088967
2,446,27.541055435723166,-122.39315958727754,205.92571809697617,10.049946987833264,193.36996342677875,871.342187322262
2,446.2,27.53254387186255,-122.39518522089934,205.92173733605446,10.030147660547172,193.36952192982417,872.2909259406948
2,446.4,27.52402274128205,-122.39721250335661,205.91761679857876,10.010351469431756,193.3690789242675,873.240737549869
2,446.6,27.515492044633852,-122.39924256441917,205.9135731127849,9.990571511053506,193.36864191097737,874.1917103102271
2,446.8,27.506951561972613,-122.40127397029211,205.9092220685864,9.970783903158585,193.3682010286593,875.143723193078
2,447,27.49840129383435,-122.4033078506516,205.90478031085618,9.951001750692447,193.36776376914355,876.0968643912887
2,448,27.455503300727674,-122.41350757558787,205.88141208679602,9.852189345193107,193.36558719830686,880.8794008699601
2,449,27.41235838179785,-122.42375888776931,205.85525103148353,9.75348375121386,193.36343020045186,885.6900251881
2,450,27.36896476860946,-122.43406146604079,205.8265151474271,9.654898158486647,193.36128852547762,890.5289897820588
2,451,27.325319605808506,-122.4444168641464,205.7952293057423,9.556430612551026,193.3591684379879,895.3966445185534
2,452,27.281421796610083,-122.45482468035108,205.76124761367123,9.458073323565383,193.35706626023511,900.2930604739211
2,453,27.237268142225425,-122.46528593977503,205.724672368533,9.359828733193497,193.3549842481961,905.21863607279
2,454,27.192855996070687,-122.47580136430602,205.6854846593626,9.261693235368424,193.35292355296315,910.1736687511997
2,455,27.148183578948554,-122.4863695001384,205.64369206740335,9.163667548248073,193.35087286521798,915.1583256062082
2,456,27.103248698194495,-122.49699294168055,205.599175796479,9.065742394070373,193.3488460081217,920.1728655808846
2,457,27.058048470729062,-122.50767083158837,205.55219156533946,8.967930890281538,193.3468338263992,925.2176581564804
2,458,27.012580470079854,-122.51840545980355,205.5024549227683,8.870213726035711,193.34484769492136,930.2929330042618
2,459,26.966841246197582,-122.52919514262715,205.45013117611595,8.772597926506332,193.34287256486414,935.3990767025568
2,460,26.920829587162252,-122.54004164231439,205.39510462324787,8.67507704457819,193.34091833822043,940.5362270021988
2,461,26.874542163124204,-122.55094462025176,205.33751612448506,8.577656356746033,193.33897866667746,945.7047782000275
2,462,26.827976643919406,-122.56190530991078,205.27728257471043,8.480329450614267,193.33705842944903,950.9049860430254
2,463,26.78112993517703,-122.5729236655063,205.2147163333362,8.383111807486523,193.335153521562,956.137274031987
2,464,26.733998925154417,-122.58400091536308,205.1496923086131,8.28599310244829,193.3332676124973,961.4019691878522
2,465,26.686581635585924,-122.59513753247171,205.08249584389944,8.188988987309418,193.33140141388236,966.6993775660419
2,466,26.638874832748186,-122.60633339572725,205.01303212212306,8.092091170257717,193.3295502701984,972.0298193647045
2,467,26.59087609022522,-122.61758949791133,204.94146929995438,7.995307430514911,193.3277174194858,977.3936255905185
2,468,26.54258154386283,-122.62890577967983,204.86808304648102,7.898649161810687,193.32589777382762,982.7912890660012
2,469,26.493989188161322,-122.6402839810106,204.792725950717,7.802106717941486,193.32409958663794,988.2230217335078
2,470,26.445095161273304,-122.65172403657252,204.71567728406097,7.705691584520114,193.32231777217174,993.6893163098324
2,471,26.395896681621462,-122.66322529090303,204.63697086452973,7.6094036384716235,193.32054544334045,999.1904682057316
2,472,26.34638967180365,-122.67479088062294,204.55671582053787,7.513243281771856,193.3187960332421,1004.727011928644
2,473,26.296572917040024,-122.68642014438353,204.47503839856108,7.417218194605522,193.3170647815938,1010.2990995798888
2,474,26.246440539925942,-122.69811352901209,204.39201712567453,7.3213247975794244,193.3153469938911,1015.9073937446352
2,475,26.195990910933816,-122.70987200160755,204.3078787371842,7.225574774860803,193.31364685248252,1021.5521519985282
2,476,26.145219473448023,-122.72169571015533,204.2226265261192,7.129962825965425,193.3119598547824,1027.233867458185
2,477,26.09412393225363,-122.73358695397773,204.1364198033279,7.034495226176834,193.31029678727754,1032.9528777381572
2,478,26.042699291305357,-122.74554401221982,204.04936882851086,6.939172289492901,193.30864206035992,1038.7097130240304
2,479,25.990942936958238,-122.75756865320523,203.96171262938063,6.844003969291337,193.30700306832716,1044.504754927481
2,480,25.938849643310284,-122.76966234964765,203.8733928681463,6.748980157671024,193.30538197587904,1050.3385786197746
2,481,25.886417471734386,-122.78182552291905,203.7847237559203,6.6541161753263305,193.30377943132493,1056.2114845543108
2,482,25.833641082289425,-122.7940583015617,203.69567875958143,6.559403842898444,193.30219003934957,1062.1240403061627
2,483,25.78051629463062,-122.80636243603014,203.60641888669227,6.464846223456606,193.3006189045131,1068.076773186357
2,484,25.72703960532642,-122.81873833582232,203.51717808872928,6.3704515705022,193.29906462762628,1074.0701287706122
2,485,25.673206145033532,-122.8311855953848,203.42805709069503,6.276219221276242,193.29751970457357,1080.104646427853
2,486,25.61901284805882,-122.84370647501703,203.3391922255447,6.1821523553674025,193.2959934345726,1086.1807362965035
2,487,25.564453648949193,-122.85630218221961,203.25074423194118,6.088250933317198,193.29448552032625,1092.299115859869
2,488,25.509524472422516,-122.8689722991449,203.16286557673848,5.994518097243525,193.29298954879349,1098.460251709245
2,489,25.45422056793792,-122.88171773815986,203.0756415325394,5.900952102150091,193.29150545818453,1104.6646928727416
2,490,25.398538357963705,-122.8945410248363,202.9893443085719,5.807561837164899,193.2900431520128,1110.9129449748002
2,491,25.342470886957347,-122.9074420139078,202.9041311360784,5.714345968063119,193.2885942052146,1117.2057910372585
2,492,25.28601471911641,-122.92042131730648,202.82001455737185,5.621301145159127,193.28715864702238,1123.5436120651432
2,493,25.229163599856196,-122.93348092029025,202.73722378880717,5.528430057388669,193.28574021203758,1129.927178742718
2,494,25.171912475776864,-122.94662118631308,202.65593610413094,5.435735055049153,193.28433567930963,1136.3570842670706
2,494.5,25.14313492942595,-122.95322217890094,202.61587830541376,5.389451961823577,193.28363971514847,1139.5896446610886
2,495,25.114255303024105,-122.95984328083402,202.5763389228033,5.343217224168976,193.28294484180205,1142.83404783148
2,496,25.05617988901728,-122.97315078049697,202.49847501590756,5.250861027314094,193.28157249240874,1149.3594646615757
2,497,24.99768166950882,-122.98654350550459,202.42265315717552,5.158676142872301,193.28021336389764,1155.9338977549194
2,498,24.9387618956096,-123.00002094791354,202.34894381972495,5.066669075197179,193.27886750293192,1162.5572128222818
2,499,24.879420031257478,-123.01358340492524,202.27738324016892,4.974841685201631,193.27753689693094,1169.2294760105788
2,500,24.819655031402217,-123.02723145383806,202.20813461402338,4.883200880288871,193.27622429735976,1175.9508468736683
2,501,24.75946804291566,-123.04096325895149,202.14129803119692,4.791754102304713,193.274922953431,1182.721180906026
2,502,24.698859434755114,-123.0547804410709,202.07692856273428,4.7005043942281075,193.27364241661888,1189.5404778363109
2,503,24.637828261029476,-123.06868144574082,202.0151699989019,4.609457778693443,193.27237494636734,1196.4088354978785
2,504,24.576374786515874,-123.08266656634207,201.95610639874172,4.5186184608708,193.27112335908677,1203.326243784638
2,505,24.51450007307849,-123.09673609511955,201.89986432936695,4.427993473562412,193.26989129616507,1210.2926169520708
2,506,24.4522021889934,-123.11088927871127,201.84659929353836,4.337587137289875,193.26867392006804,1217.3081778602361
2,507,24.389482900004616,-123.12512532910208,201.79626432249788,4.247399380931025,193.26747043596913,1224.372696844157
2,508,24.326341779218833,-123.13944561580932,201.74912327167578,4.157440524737975,193.26628794706718,1231.4863055738147
2,509,24.262778199519477,-123.15384910565365,201.70525079313015,4.067712449864804,193.26512176413294,1238.6490582947665
2,510,24.19879293362584,-123.16833581071144,201.6646111691622,3.9782135469535786,193.26397375994384,1245.860851436353
2,511,24.134385959952045,-123.1829052523412,201.62761570241676,3.888960993186324,193.26284259355288,1253.1217704685578
2,512,24.06955775272881,-123.19755716602211,201.59406322038362,3.7999451228564984,193.26172848168605,1260.4316956246316
2,513,24.00430686206336,-123.212500880982,201.56424462391715,3.711123037886104,193.26160442050826,1267.795226976925
2,514,23.938634628285993,-123.22731800407114,201.53822981540858,3.6226027662477454,193.2605215316019,1275.203467823265
2,515,23.87254092449164,-123.24221769091953,201.51622108938824,3.5343383787557943,193.25945862217424,1282.6608482337538
2,516,23.806025924434525,-123.25719915674385,201.49809790470638,3.4463230521537223,193.2584131367506,1290.1672898651989
2,517,23.739088838274366,-123.27226191814734,201.48423772687465,3.358570017800154,193.25738293912138,1297.7229504554853
2,518,23.671730743969494,-123.28740650829026,201.474536193762,3.2710736929320228,193.25637246805013,1305.3276851497194
2,519,23.603951449563496,-123.30263348421175,201.4692199316416,3.183840927567081,193.2553848621053,1312.9815702309484
2,519.2,23.590344836880266,-123.3056881777575,201.46872356665227,3.1664273759787633,193.25518729310335,1314.5182647334343
2,519.4,23.57672584925255,-123.3087448945447,201.46833010470868,3.1490269540769784,193.25498954086314,1316.0563955610828
2,519.6,23.563095388758448,-123.31180494846095,201.46805430373362,3.1316410362414375,193.25479843091412,1317.5958961479319
2,519.8,23.54945663002083,-123.31486516441561,201.4678156180773,3.1142708202792617,193.25460294982142,1319.1363360186149
2,520,23.535809990867268,-123.31792712884948,201.4677553811595,3.0969223255285914,193.25441064599684,1320.6777384764735
2,520.2,23.52215804376369,-123.32099029746468,201.46770011679735,3.0795914619266864,193.25422169447907,1322.2197699564751
2,520.4,23.508499401990253,-123.3240536271805,201.46776363728196,3.0622815059252857,193.25403001434034,1323.762587147245
2,520.6,23.494836445355016,-123.32711736771765,201.4678225867413,3.0449900528370284,193.25383914656862,1325.3059065430552
2,520.8,23.4811694927314,-123.33018179063525,201.4680442019403,3.027724354748927,193.25365062314683,1326.849741078732
2,521,23.46749870689908,-123.33324635304615,201.46813491340635,3.0104723927471944,193.25346218286583,1328.3939880072996
2,521.2,23.453824727064095,-123.3363115978605,201.46842875923215,2.9932486974142045,193.2532768877164,1329.9386730578435
2,521.4,23.440148709312375,-123.33937619005582,201.46862144493406,2.9760422045053443,193.25308995967015,1331.4835666905508
2,521.6,23.426469787868847,-123.34244198625939,201.46894108539914,2.958860869877777,193.25290877436754,1333.0288584982736
2,521.8,23.41278933920171,-123.34550660932385,201.4692763473522,2.941702193906684,193.25272415402767,1334.574321625562
2,522,23.399107461947196,-123.34857137355564,201.4696011290867,2.9245648260918693,193.25254203123512,1336.1199662019965
2,522.2,23.385424668345685,-123.3516357580298,201.47003191450705,2.9074542604009745,193.25236060498113,1337.6657548515398
2,522.4,23.37174044492794,-123.35470028450138,201.4704524320988,2.890364852532072,193.2521816630213,1339.2117248123138
2,522.6,23.35805578504974,-123.35776416150152,201.4708519723462,2.873297459725982,193.25200269498117,1340.7577491116901
2,522.8,23.344369693608822,-123.36082818152431,201.47124142838084,2.8562510841383024,193.25182619973256,1342.303954651351
2,523,23.330684481677437,-123.3638910320344,201.4717659262875,2.8392347059765024,193.25164869189717,1343.8500998342372
2,523.2,23.316998126419232,-123.36695454788668,201.47220375092235,2.822236244915142,193.25147623170966,1345.3963864818527
2,523.4,23.30331184615822,-123.37001689549002,201.47273701407295,2.8052650150192235,193.25130195063218,1346.9426896570812
2,523.6,23.289625414849084,-123.37307911810888,201.47317274518497,2.788312473864274,193.25113021071766,1348.4890072609821
2,523.8,23.275939057445832,-123.37614017395872,201.47370389682987,2.771386994523702,193.250956652391,1350.0353411900348
2,524,23.262253160913048,-123.37920189736857,201.47422756093647,2.7544842944901555,193.25078970591886,1351.5816620427167
2,525,23.193819992415072,-123.3945000916431,201.47701197866164,2.6703133568491673,193.24995372839552,1359.3138538785936
2,526,23.125386696404977,-123.40978831996468,201.48014572171775,2.5867145737377535,193.24915350888435,1367.046531428211
2,527,23.0569521883545,-123.42506404021316,201.48364160266985,2.5036781620207997,193.24837614441077,1374.779741651361
2,528,22.988515961054805,-123.44032916565348,201.4873576635234,2.4211880079872303,193.24762869681263,1382.5135241284447
2,529,22.920078163249975,-123.45558273446348,201.49148689817545,2.339243121441698,193.24690643461835,1390.2478710230494
2,530,22.85164027366137,-123.47082508074487,201.4958638026677,2.257829526838441,193.24621150474476,1397.9825686449453
2,531,22.78320074116928,-123.48605733953224,201.50062792820577,2.1769419860857337,193.24554651432013,1405.717824565313
2,532,22.714759573530365,-123.50127749429907,201.50575473144184,2.096571381994846,193.244902235693,1413.4535710371915
2,533,22.646318056722006,-123.5164866675601,201.51112903275342,2.016705996666923,193.24428397234206,1421.1896453977238
2,534,22.57787563740389,-123.5316852048119,201.516878573725,1.9373419213583736,193.24369196465597,1428.9261286301307
2,535,22.50943170258025,-123.54687370547734,201.5228880950585,1.8584658225651256,193.24312744986287,1436.6630535684774
2,536,22.440986786330175,-123.56204963729984,201.52924792784268,1.78007448346504,193.24257978106266,1444.4003144620012
2,537,22.372540529534753,-123.57721595496145,201.53603435692844,1.7021620719140922,193.24206022956045,1452.1380140029426
2,538,22.30409286812481,-123.59237090445778,201.54297907250842,1.6247110929046413,193.24156087913437,1459.8760393907692
2,539,22.23564468965512,-123.60751561239043,201.55033748253342,1.5477246491150418,193.24108654485147,1467.6143648450384
2,540,22.16719528384298,-123.62264937369443,201.55802046434954,1.4711914802982338,193.24063309491947,1475.3530144808908
2,541,22.09874565063233,-123.63777278762255,201.5659886225071,1.3951039753232022,193.2402032663489,1483.0918669302182
2,542,22.0302943455042,-123.6528848920134,201.57435853413307,1.319458216630494,193.23979130510557,1490.8310719185918
2,543,21.961841649209894,-123.66798758705274,201.58302751606425,1.2442434763551178,193.23940452176976,1498.570598185194
2,544,21.893388377959134,-123.68307886784892,201.5920074558733,1.1694548295506892,193.23903505220142,1506.3103032198871
2,545,21.8249337239284,-123.69816011411939,201.60123526503426,1.0950823160832588,193.23868713550962,1514.0502731928793
2,546,21.75647895533373,-123.71323088326753,201.6108625890063,1.021126537539605,193.2383595732845,1521.7903842397106
2,547,21.688022362566922,-123.72829125275005,201.62081521777995,0.947576702319258,193.2380506449643,1529.5307907850622
2,548,21.619565487823813,-123.7433412997921,201.63116724631098,0.8744309337834326,193.23776146765044,1537.2713314619168
2,549,21.551107065886715,-123.75838084338416,201.64171597777772,0.8016746253105786,193.23748972799163,1545.0120759275094
2,550,21.482648013642333,-123.77341099675483,201.65271574808844,0.7293117676838208,193.2372400192528,1552.7529971545266
2,551,21.414188233417505,-123.78843002378922,201.66389734804724,0.6573271764244015,193.23700503056426,1560.493989715777
2,552,21.34572683911343,-123.80343981337151,201.67549352599028,0.5857222357720191,193.2367908013492,1568.235233424356
2,553,21.27726491722057,-123.81843888801866,201.687437253356,0.5144903715182384,193.23659208593125,1575.9765500775015
2,554,21.20880264632963,-123.83342784492054,201.69965093807224,0.44362345901904926,193.23641084748243,1583.7179009599122
2,555,21.14033868491821,-123.8484070163382,201.71222774906084,0.3731180336110237,193.23624675423483,1591.4594489095073
2,556,21.07187420229899,-123.86337622289693,201.72507455617375,0.3029668036076014,193.23609963056123,1599.201028078722
2,557,21.00340867601734,-123.8783357955019,201.73832080764976,0.23316855016160457,193.2359698257132,1606.9427217591224
2,558,20.934943449021215,-123.8932847816756,201.75182068033982,0.1637146772928157,193.2358544202784,1614.6843164793816
2,559,20.86647619132255,-123.90822428552752,201.76568425793388,0.09460154986929954,193.23575519988074,1622.4261033460268
2,560,20.798007810460316,-123.92315360900506,201.77989543299284,0.025824775963093124,193.23566987655977,1630.1679537266082
2,561,20.729539124648475,-123.9380741195984,201.79446435329692,-0.042619537174907476,193.23560373413102,1637.9097985426763
2,562,20.661070394307593,-123.95298434806473,201.80928640238568,-0.11073908696018343,193.23555111810816,1645.6515417368103
2,563,20.592600285105817,-123.96788462274176,201.82445602665004,-0.17853659814362605,193.23551176580577,1653.3933470264503
2,564,20.524128795369638,-123.98277630892503,201.83994816632568,-0.24601766612607104,193.23549024817837,1661.135226024647
2,565,20.455656748040802,-123.9976574201731,201.85577102642787,-0.31318527813519875,193.2354795732353,1668.8770391003904
2,566,20.387184960913704,-124.01252932177236,201.87193404251897,-0.38004294485103296,193.2354849458185,1676.6187177903612
2,567,20.318711707094995,-124.02739208813276,201.88836740313658,-0.44659887618987093,193.23550486599297,1684.3604232223258
2,568,20.250237469581702,-124.04224527409502,201.9051838109484,-0.512852985657991,193.23553771871772,1692.1021110986428
2,569,20.18176340582195,-124.05708870478782,201.92228755711764,-0.5788114178425932,193.2355833977263,1699.8436183939998
2,570,20.11328736720847,-124.07192270393165,201.93973988306243,-0.6444782531141217,193.23564102827368,1707.585189925078
2,571,20.04481116234816,-124.08674786447149,201.95753207060974,-0.7098561643260137,193.2357137289616,1715.3266298351937
2,572,19.976334626174303,-124.10156297366075,201.9756890880652,-0.7749481789382233,193.23579671105787,1723.0679269856373
2,573,19.907857177947413,-124.11636991101787,201.99407374570055,-0.8397634030450193,193.2358957868713,1730.8091401281115
2,574,19.83937922720247,-124.13116694510447,202.01282312479523,-0.9043004804500359,193.2360048189351,1738.5502128774147
2,575,19.77090068989843,-124.14595415017243,202.0319371165363,-0.9685632069507245,193.23612367550538,1746.291146437837
2,576,19.70242073627248,-124.16073288443008,202.05135690068732,-1.032558069688866,193.23625611877057,1754.0320353638667
2,577,19.63394092918638,-124.17550322025753,202.07115005713422,-1.0962850816494316,193.2364031935788,1761.772719174819
2,578,19.565459864199735,-124.19026370163932,202.09114345295913,-1.1597541988923468,193.23655848384794,1769.5132677908437
2,579,19.496978532461615,-124.20501541153736,202.1115879884111,-1.2229602628116887,193.23672612738588,1777.2536494803396
2,580,19.42849667212941,-124.21975869672393,202.1322412872091,-1.2859145313504468,193.23690677024481,1784.9938310365003
2,581,19.360014300083265,-124.23449207303312,202.1533705145903,-1.348611727980084,193.23709503448484,1792.7338369751049
2,582,19.291531226728207,-124.24921717037994,202.17470846947376,-1.4110638589540125,193.23729601158027,1800.4736471169922
2,583,19.22304771298137,-124.26393302332022,202.19644424982278,-1.4732678778126116,193.23750629403008,1808.2132512794935
2,584,19.15456332343988,-124.2786407422239,202.21838884598577,-1.5352333108378597,193.23772899625789,1815.9526645795897
2,585,19.086079150475268,-124.2933393613478,202.24076398602222,-1.5969553364248483,193.23796133429417,1823.6917950249142
2,586,19.017593456570744,-124.30802895275792,202.26350415400603,-1.6584405549191745,193.23820201066425,1831.4308080419905
2,587,18.9491076154558,-124.32270986609609,202.28643264277,-1.719696164255346,193.2384528754029,1839.1695099178778
2,588,18.880621578221465,-124.33738265567875,202.3098446541112,-1.7807163217989024,193.2387154231866,1846.907982874613
2,589,18.81213498715412,-124.35204639224425,202.33352286722885,-1.8415106365057106,193.23898602228078,1854.6461842591361
2,590,18.74364759617221,-124.36670190707538,202.35752071198075,-1.9020806880764056,193.23926695383437,1862.3841635465978
2,591,18.67515947779112,-124.38134851297936,202.38178483235276,-1.9624306748888016,193.2395557214153,1870.1218774008296
2,592,18.606671216645744,-124.39598703998034,202.40640072994958,-2.0225604379397693,193.23985516441508,1877.859293396405
2,593,18.538182498288965,-124.41061703998112,202.43144650668745,-2.0824705900573885,193.24016331086665,1885.5964481346944
2,594,18.46969385485613,-124.42523886416505,202.45671204095615,-2.142169596271202,193.24048138521076,1893.3332313151495
2,595,18.401203910831438,-124.43985154659865,202.48232206157968,-2.2016574020400532,193.24080504553572,1901.069795503033
2,596,18.332714314870017,-124.45445643361742,202.50831517788862,-2.2609342972235376,193.24113949851858,1908.805992438549
2,597,18.264223475586057,-124.46905283955469,202.53457466739044,-2.3200074419753087,193.24148117727566,1916.541943797714
2,598,18.19573281429942,-124.48364159072288,202.56121706900467,-2.37887489112391,193.24183342164284,1924.2775347396177
2,599,18.12724172361772,-124.49822124717817,202.58810339849163,-2.4375433850353856,193.24219095914842,1932.0127590255927
2,600,18.058749584428792,-124.51279287095609,202.61541965029576,-2.4960106778541222,193.24255650825714,1939.7477455117084
2,601,17.990257745959106,-124.52735681482093,202.64298634014,-2.5542832294905016,193.24293182239379,1947.482303345404
2,602,17.92176589826091,-124.5419126304407,202.67088157262094,-2.6123613258167726,193.2433150104833,1955.21646939562
2,603,17.853272901434828,-124.55645986935023,202.69915290150885,-2.6702467941097026,193.24370366130148,1962.950362911494
2,604,17.78477994570517,-124.57099963893539,202.7276743085049,-2.727944659696157,193.24410178823163,1970.6838395967661
2,605,17.716286504311583,-124.58553097171813,202.7566024933029,-2.785453014473867,193.2445057683896,1978.4169689926327
2,606,17.647792712809007,-124.60005445605488,202.78585900685565,-2.842776253652364,193.24491728615007,1986.1497223318397
2,607,17.579298703305394,-124.61457068009703,202.815365375516,-2.8999187071254493,193.24533800017915,1993.8820712098666
2,608,17.51080478912317,-124.6290786759037,202.84530860604067,-2.9568768926632756,193.24576487166303,2001.6140020763946
2,609,17.44230958277659,-124.64357828072757,202.87549579728955,-3.0136593610649958,193.24619628047063,2009.3456066982744
2,610,17.373815354348082,-124.65807031497184,202.90607112868037,-3.0702624830563274,193.24663598153137,2017.0766863065878
2,611,17.30531972661358,-124.6725553660871,202.93686630142852,-3.126694924445574,193.24708400071017,2024.8074618025428
2,612,17.23682484013831,-124.68703171618358,202.96807340727375,-3.182951426281139,193.2475362345947,2032.5377076870245
2,613,17.168329004512774,-124.70150070253806,202.99960871964413,-3.2390378244245164,193.24799545846955,2040.267607629586
2,614,17.099832970989908,-124.71596239349208,203.0315019069817,-3.2949546655743176,193.24846212325997,2047.9970830361715
2,615,17.03133694709971,-124.73041536102086,203.0636439852966,-3.3507064240190703,193.24893183091348,2055.7260477714053
2,616,16.962840618205743,-124.7448624372672,203.0961196619803,-3.4062933716319015,193.24941268704185,2063.454610565514
2,617,16.894344753475874,-124.75930040980101,203.12895167721902,-3.461715655244213,193.24989530463844,2071.1826207228796
2,618,16.825847511530927,-124.77373136111807,203.16211224438808,-3.5169776247375175,193.25038456997208,2078.9103081786966
2,619,16.757350690815308,-124.78815587734653,203.1955808546152,-3.5720802962964413,193.2508831152057,2086.6374792917372
2,620,16.688854079032907,-124.802571496511,203.2294052496385,-3.627023969263569,193.2513832795863,2094.364111894613
2,621,16.620356672461316,-124.81698029819968,203.26358724623452,-3.681811454689831,193.2518904120169,2102.090352826812
2,622,16.551859572848233,-124.83138212278465,203.29802214455512,-3.7364463463164923,193.25240449681382,2109.8160469347995
2,623,16.483361444858218,-124.84577600118394,203.33283874371463,-3.790927842597299,193.25292166335484,2117.541345739266
2,624,16.414864290547378,-124.86016303853484,203.3679363899296,-3.8452588668175385,193.25344617331305,2125.2660241820954
2,625,16.346366980454437,-124.87454278403408,203.40336518050265,-3.8994405631177775,193.25397581147135,2132.9902023149293
2,626,16.277868387357014,-124.8889147867122,203.4391757675754,-3.953474046655587,193.25450839394563,2140.714000155573
2,627,16.209371350658493,-124.90328015125407,203.47529476126843,-4.00736080317803,193.2550486423711,2148.437109113459
2,628,16.14087306132775,-124.9176384263852,203.5117168213427,-4.061104635645548,193.25559335841095,2156.1598169066756
2,629,16.07237525449017,-124.93198893674202,203.548442704821,-4.114705639889234,193.25614144443196,2163.8819163610647
2,630,16.003876725769963,-124.94633323481062,203.58555460736434,-4.1681643992117605,193.256696459451,2171.603586053277
2,631,15.935378508660206,-124.96066990277326,203.62297004632745,-4.221483535761361,193.2572547535051,2179.324657891908
2,632,15.866880516935524,-124.97499900850886,203.6606887465883,-4.274664617748127,193.257816294638,2187.045137225189
2,633,15.798382586265562,-124.9893226203759,203.69874199497235,-4.327708749283615,193.25838668632338,2194.7650878736313
2,634,15.729884514448939,-125.00363828514216,203.73717704767455,-4.380615984348198,193.25895864235204,2202.4844874476175
2,635,15.661385568310315,-125.01794658886848,203.77588793725894,-4.433391056767917,193.25953323514153,2210.203394860151
2,636,15.592887405021042,-125.03224885734889,203.81490507744533,-4.486033546387707,193.26011499000964,2217.9216612528917
2,637,15.524389746297704,-125.04654463791748,203.8543070085058,-4.538543029355552,193.2607022707981,2225.639322559608
2,638,15.455890954508579,-125.06083325732305,203.89398480007705,-4.590924716985708,193.26129206425645,2233.356508434815
2,639,15.38739347504955,-125.07511478239758,203.93401840893833,-4.6431761517589125,193.26188579676773,2241.072971547387
2,640,15.318895401378802,-125.08939001817072,203.97440979656392,-4.695300167051247,193.26248444406798,2248.7889304330274
2,641,15.250396781206081,-125.1036582920885,204.01510368433037,-4.747299302430183,193.2630859892917,2256.504346472419
2,642,15.181899218211088,-125.11791967054776,204.05615257814247,-4.799172382598454,193.2636913626007,2264.219056420623
2,643,15.113401123829345,-125.13217473855306,204.09742485516705,-4.850925159650827,193.26430110869677,2271.933204916988
2,644,15.044903728556523,-125.14642252472471,204.13913053671737,-4.902552722709161,193.26491307871473,2279.6466887129177
2,645,14.976405498252847,-125.1606648690401,204.1811152078323,-4.954061470590887,193.2655312974889,2287.359666828978
2,646,14.907908113173333,-125.17489984522821,204.22339834203757,-5.005450633198787,193.26615125640419,2295.071917645643
2,647,14.839410382138144,-125.18912899159547,204.26606526576077,-5.05672046176598,193.26677633203136,2302.7836197000324
2,648,14.770913196500521,-125.20335163720618,204.3090858682925,-5.107872133889542,193.26740502119551,2310.494650011191
2,649,14.702415934276166,-125.21756763129228,204.35229968613478,-5.15891109373492,193.26803640934327,2318.2050256460793
2,650,14.633918863859076,-125.2317767372185,204.3959458274562,-5.209832559517204,193.26866985202784,2325.9147709693743
2,651,14.565422262669975,-125.24598005783403,204.43986603669916,-5.260641405535614,193.26930832124765,2333.6238326614516
2,652,14.49692568537982,-125.260176620407,204.48421822895855,-5.311335210252157,193.26994879112476,2341.3322756340203
2,653,14.428428558009138,-125.27436752759164,204.52881926867644,-5.361919992801419,193.27059375339783,2349.0401318974305
2,654,14.359932436964463,-125.28855159202217,204.57374210394082,-5.4123938311624,193.27124072001325,2356.7472232222444
2,655,14.291436263186537,-125.30272961225673,204.61901755251736,-5.4627579709678775,193.2718910972439,2364.453684335357
2,656,14.222940976065312,-125.31690217175479,204.66459108806868,-5.513014165266199,193.27254678379953,2372.1594069741095
2,657,14.154444565458915,-125.33106756476596,204.7105156019982,-5.563163446284528,193.27320201687778,2379.8645821702203
2,658,14.08594971870562,-125.34522762636678,204.75676233550348,-5.6132058550285615,193.27386295506338,2387.5689459351156
2,659,14.017454427735638,-125.35938065116608,204.80338434347138,-5.663142402975017,193.27452386794005,2395.2726892245328
2,660,13.94895883061255,-125.3735284733651,204.85027961975524,-5.7129766173517575,193.2751895161753,2402.975803795474
2,661,13.880464490229468,-125.38766990701855,204.89751924033465,-5.762706582476134,193.27585746425274,2410.6781107356956
2,662,13.81197064169936,-125.40180553600437,204.94499961342848,-5.812336288290967,193.27652868808931,2418.3796727302433
2,663,13.743475886591426,-125.41593511681963,204.99291139614118,-5.861863317319467,193.2772016686179,2426.080682373657
2,664,13.674982301336893,-125.43005902146417,205.04108754746056,-5.911291023461404,193.27787832531772,2433.780874227483
2,665,13.606488611711107,-125.44417627600953,205.08966243449507,-5.960618081071091,193.27855532082756,2441.480397285748
2,666,13.537995919562693,-125.4582879830705,205.1385010573622,-6.009847862930948,193.279235950771,2449.1791151177827
2,667,13.469503001326073,-125.47239441631017,205.18771536772604,-6.058979674112039,193.2799201331438,2456.8771913633523
2,668,13.401010860097085,-125.48649418199227,205.2372157339342,-6.108015551982774,193.2806046646692,2464.5744603238345
2,669,13.332518322671346,-125.50058880106245,205.28709171833472,-6.156955430809611,193.2812927087428,2472.2711003085114
2,670,13.264026553918363,-125.51467740023247,205.3371741694631,-6.205803040735619,193.28198249092844,2479.9669175011195
2,671,13.195535069526763,-125.52876097957538,205.38765514087027,-6.2545554601904,193.28267617547945,2487.6620328194463
2,672,13.12704385538207,-125.54283762818672,205.43850059425924,-6.303214080193349,193.28336875805917,2495.356394607845
2,673,13.058553771916111,-125.5569099025863,205.4896877157744,-6.351780022138317,193.28406703945979,2503.0499531774544
2,674,12.990063096398721,-125.57097589300372,205.5411370921554,-6.400256827516161,193.2847651624357,2510.742828761001
2,675,12.92157333405475,-125.58503638961713,205.59295036688167,-6.448642158196342,193.28546576505255,2518.434899108779
2,676,12.853084672123853,-125.5990912493135,205.64499116294644,-6.4969396820834096,193.28616844771403,2526.1260998461457
2,677,12.784595627412191,-125.61314094771497,205.6975090504093,-6.545145865174295,193.28687352371304,2533.816664870561
2,678,12.716106656768789,-125.62718513567818,205.75023201365957,-6.59326708237862,193.28758021838553,2541.5064593609027
2,679,12.647618955992401,-125.64122356244847,205.80341928527784,-6.641297647083146,193.288288379573,2549.1954161155695
2,680,12.579131155829577,-125.65525660545617,205.85681129072515,-6.6892449694424725,193.28899813751644,2556.883615561459
2,681,12.510644611583409,-125.66928453261812,205.91058766483516,-6.737105050320844,193.28971070531634,2564.570962510512
2,682,12.442157639529428,-125.68330668257758,205.96464789586048,-6.784881896839487,193.29042348045417,2572.2575930846474
2,683,12.373671753613234,-125.69732384196419,206.01909201256,-6.832573193086428,193.29113903738727,2579.9433841726973
2,684,12.305186274964536,-125.71133586964815,206.07376196187548,-6.8801835163391125,193.2918565623044,2587.62835855482
2,685,12.236700813473632,-125.72534178905988,206.12881630686297,-6.927710364202955,193.29257334401703,2595.312577692994
2,686,12.16821633305393,-125.73934342517813,206.1841745014051,-6.975155772126645,193.29329421386538,2602.9959497645355
2,687,12.09973270550234,-125.75333959789745,206.2398584849732,-7.022519932666803,193.29401608976178,2610.678466191343
2,688,12.03124873420929,-125.76733057173693,206.29598361357117,-7.069801989718537,193.2947389166994,2618.3602895264585
2,689,11.962766556713603,-125.78131600520153,206.35231840490738,-7.117006028527904,193.2954627876834,2626.0411145215253
2,690,11.894284012965688,-125.7952968841276,206.40901476092824,-7.164131153628563,193.29618892827028,2633.7212326479594
2,691,11.825801980228261,-125.80927254905133,206.46603615854775,-7.211178142725583,193.2969160451892,2641.4005217936306
2,692,11.757321374584423,-125.8232435823367,206.52332343120315,-7.258148367803324,193.29764586717354,2649.078875250646
2,693,11.688840963542983,-125.8372090059081,206.5810146038737,-7.305040342900368,193.29837532669941,2656.756440036769
2,694,11.620360806928074,-125.85116940187581,206.63903021950833,-7.351856428255568,193.29910574443232,2664.4331959927968
2,695,11.551881818853344,-125.86512535241843,206.69731086416542,-7.3985979689338315,193.29983883502314,2672.109036547618
2,696,11.483402912534347,-125.87907639918905,206.75591566470732,-7.445265066424268,193.30057286415854,2679.784081910301
2,697,11.414924720046193,-125.89302208356116,206.81494386080558,-7.491855851227967,193.30130692922108,2687.4582787019854
2,698,11.346447538891901,-125.90696278908908,206.8741788672302,-7.538375250502613,193.30204197629718,2695.131538475776
2,699,11.27797094016582,-125.9208994947108,206.93381482454575,-7.584820341465178,193.30278000908078,2702.8039786699164
2,700,11.209495040215657,-125.93483082472838,206.99373650649284,-7.631193842204792,193.30351770926742,2710.475522062933
2,701,11.141020611153417,-125.94875684136571,207.05396298520267,-7.677495471136531,193.30425548449534,2718.1460886589775
2,702,11.072545651013256,-125.96267904174277,207.11457055398637,-7.723725827502785,193.30499581401526,2725.8159428862527
2,703,11.00407199076764,-125.97659605167819,207.17548243687395,-7.769885668493249,193.3057362097424,2733.484833965503
2,704,10.93559858704576,-125.99050864999528,207.23673688016368,-7.815975616555803,193.30647790581924,2741.152897556
2,705,10.867126311445256,-126.00441618101621,207.29829501545336,-7.861996377467758,193.3072196662295,2748.820011726512
2,706,10.79865412133226,-126.0183194227727,207.36019546941108,-7.907948553756816,193.30796271848104,2756.4863121721473
2,707,10.730183747631274,-126.0322177199877,207.42241777263953,-7.953831900666228,193.30870622903956,2764.151589880549
2,708,10.66171328873867,-126.04611184990954,207.4849820786612,-7.9996479483571745,193.30945102104747,2771.816067630385
2,709,10.593243744798652,-126.06000167859615,207.54776961803995,-8.045398930712718,193.3101971345351,2779.479597753185
2,710,10.524775534961783,-126.0738869407038,207.611015230543,-8.091080452311198,193.31094404074614,2787.1421932491103
2,711,10.456307938868406,-126.08776750263719,207.6745629294198,-8.136696609826938,193.31169100020435,2794.8038807418384
2,712,10.387840870187464,-126.10164342554494,207.7384125556173,-8.182248012311948,193.31243801539716,2802.464667235044
2,713,10.319374369258059,-126.11551529163233,207.80248451412842,-8.227736797328001,193.31318633827348,2810.1245341759613
2,714,10.250908865079516,-126.1293828335976,207.86701349193976,-8.273158594879588,193.31393544570776,2817.78349385936
2,715,10.182444583654732,-126.14324520515494,207.93180361719243,-8.318517502990428,193.3146834098351,2825.4414447267645
2,716,10.1139812560481,-126.15710389476429,207.99697061077413,-8.363812159069118,193.31543340197322,2833.0984765451635
2,717,10.045518149611006,-126.17095877051042,208.06235921078735,-8.409046547646662,193.3161846845739,2840.7546170241694
2,718,9.977055792721378,-126.18480885030108,208.12814579935278,-8.454217295123483,193.31693516845218,2848.409836484703
2,719,9.908595085944263,-126.19865471596871,208.1942678685747,-8.499325606011116,193.31768647677507,2856.0640290069637
2,720,9.840135081499511,-126.21249642793937,208.2607077855142,-8.54437294547288,193.31843822336313,2863.7172891019154
2,721,9.771675693536256,-126.22633404655261,208.32746540050115,-8.589359872483625,193.31919040779087,2871.369623821273
2,722,9.703216923415667,-126.24016692033602,208.39448233268132,-8.6342879025157,193.3199414740576,2879.0209991110246
2,723,9.63475937323912,-126.25399653318814,208.46189176123124,-8.679154776844065,193.3206949168772,2886.6714166525035
2,724,9.56630313150215,-126.26782152201672,208.52957673001941,-8.723962970407204,193.3214476257729,2894.320801235644
2,725,9.497847823720077,-126.2816428475889,208.59773303936421,-8.768709616036698,193.32220148513784,2901.9692668594457
2,726,9.429392991169323,-126.29545948077663,208.6660098993443,-8.813401977115735,193.32295390967494,2909.616735540825
2,727,9.360938923193643,-126.30927257033379,208.7347577748494,-8.85803386096813,193.32370748618882,2917.2632992860995
2,728,9.292486797710538,-126.32308179893803,208.8037167519424,-8.902609816655204,193.32446192530858,2924.9087458638264
2,729,9.224034488392261,-126.3368868928572,208.87307165295445,-8.947128165018585,193.32521560365666,2932.55334840579
2,730,9.155583752341522,-126.3506884336655,208.9427750028409,-8.99158919079337,193.3259704736351,2940.196913528666
2,731,9.087133722314224,-126.36448577160687,209.01275200449675,-9.035995207711073,193.32672463589213,2947.8394954031537
2,732,9.018685175594355,-126.37827896692156,209.083018180931,-9.080345868404425,193.32747847036907,2955.4810132727775
2,733,8.950237944694992,-126.39206878850455,209.15363167440145,-9.124640732822119,193.32823349584623,2963.121515001311
2,734,8.881790971148753,-126.40585477319433,209.22465622823873,-9.168879680503386,193.32898815146973,2970.7611200133783
2,735,8.813345332445667,-126.41963731680616,209.29588951853944,-9.213066226348435,193.32974367038025,2978.3996580491394
2,736,8.744900725193315,-126.43341543430905,209.36749023702367,-9.257197938426458,193.33049769060867,2986.037184875586
2,737,8.676457171425996,-126.44718970798745,209.4393785603307,-9.301276757428374,193.3312514024984,2993.6736833814566
2,738,8.60801440120237,-126.46096038230837,209.51169250208233,-9.345300777785125,193.3320051326043,3001.309225402264
2,739,8.539573483895005,-126.47472785438458,209.58422894832307,-9.389273482651593,193.33276009959755,3008.9436411240044
2,740,8.471132392005314,-126.48849113832149,209.6571169387754,-9.433194090553618,193.3335132320046,3016.5771623076084
2,741,8.40269376786615,-126.50225204595196,209.73030032889267,-9.47706256439549,193.33426945232267,3024.209523894853
2,742,8.334255739966606,-126.51600817740096,209.80379069325608,-9.520879980240778,193.33502272907833,3031.8408765870427
2,743,8.265818072532166,-126.52976100487491,209.8777056911569,-9.56464494243472,193.33577604051507,3039.4713083111774
2,744,8.197382690431311,-126.54351092713162,209.95185592889507,-9.608360079237697,193.33653095231432,3047.100561547815
2,745,8.128947573617436,-126.55725695718854,210.02637147354523,-9.652024593301432,193.337284426623,3054.7288677683055
2,746,8.060514542598181,-126.57099897192829,210.10114191292507,-9.695639673624513,193.33803688081602,3062.3559933791757
2,747,7.992081533575888,-126.58473791807346,210.17633630299196,-9.739204099607276,193.33878938491293,3069.982226566385
2,748,7.923650463357949,-126.5984741957137,210.25176435197798,-9.782720473343247,193.33954349003815,3077.607310221579
2,749,7.85522112276523,-126.61220611236728,210.32752548281942,-9.826187316240834,193.34029544478722,3085.231258437934
2,750,7.786791550973776,-126.62593513618987,210.4037102346858,-9.869604811504427,193.34104746014398,3092.8543356883383
2,751,7.718364596072833,-126.639660964157,210.4800819381429,-9.912975671580408,193.34179998263767,3100.476156503732
2,752,7.649938177004257,-126.65338331235832,210.55683131118678,-9.956298160519118,193.3425514773124,3108.0969921175847
2,753,7.581512278885878,-126.66710153562245,210.63389913935868,-9.999573606514913,193.34330051139423,3115.716809695842
2,754,7.5130885981230335,-126.68081814769621,210.71127093508187,-10.042801855699121,193.3440529507623,3123.335472721549
2,755,7.444666043387997,-126.69453022835691,210.78905320544075,-10.085981724593225,193.34480216713686,3130.953066588082
2,756,7.376244735027866,-126.70824011150701,210.86706636709349,-10.129116899960195,193.34555299379753,3138.5695691222963
2,757,7.30782447261128,-126.721946104837,210.9454099147888,-10.172205903448079,193.3463017480036,3146.1849938810747
2,758,7.239405193294899,-126.73564949386963,211.02406342201866,-10.215249621914166,193.3470509931523,3153.799364990901
2,759,7.170987657131381,-126.74934911040663,211.10305937751195,-10.25824721010435,193.3477985376276,3161.412583986513
2,760,7.102570932789308,-126.76304623952649,211.18236477511377,-10.30120030649332,193.34854658216904,3169.0247638603814
2,761,7.034155866883607,-126.77674023771566,211.26193239177113,-10.344109440704024,193.34929405747047,3176.6357833282573
2,762,6.965742223414486,-126.7904313407043,211.341900718024,-10.386972734244129,193.3500412738265,3184.245712095552
2,763,6.897329982214142,-126.80411890507658,211.42220994634368,-10.42979147406431,193.35078682569542,3191.8545176305843
2,764,6.828919079290568,-126.81780421505233,211.50283971602283,-10.47256652258038,193.351533239214,3199.4622241720995
2,765,6.760509552471017,-126.83148592705346,211.58367072269414,-10.515300034721452,193.35227770374937,3207.0687599053863
2,766,6.692101108569635,-126.84516497651981,211.66490119142645,-10.557989242586215,193.35302193674949,3214.67423383537
2,767,6.623693664445812,-126.85884142103305,211.7465309481574,-10.60063452554907,193.35376594264142,3222.278653105211
2,768,6.5552882060235085,-126.87251444307424,211.8283725773925,-10.643238649712023,193.35450837445268,3229.881834509024
2,769,6.486883656271053,-126.88618550144844,211.9105334547991,-10.685800940665285,193.35525168673144,3237.483953496105
2,770,6.418480779511199,-126.89985342893237,211.99304451652523,-10.728320565290968,193.35599373881365,3245.0849110687022
2,771,6.350079491103871,-126.91351828356682,212.0759053103691,-10.770797891437585,193.35673454193628,3252.684714435318
2,772,6.2816797829317625,-126.92718064880093,212.15903596389015,-10.81323462554001,193.35747519285712,3260.283348710923
2,773,6.2132814921199,-126.94084005727457,212.24251557216513,-10.85562977978138,193.35821461224012,3267.880843348196
2,774,6.144883738931142,-126.95449709250776,212.326253646194,-10.89798576060298,193.35895355380725,3275.477272917054
2,775,6.076488101904593,-126.96815128684696,212.41035088089203,-10.940300149480546,193.3596916198085,3283.0724881752426
2,776,6.008093626555586,-126.98180269805044,212.49479620065446,-10.982574011649001,193.3604284821555,3290.666585677069
2,777,5.939701170744076,-126.99545190975432,212.57952030126006,-11.024808316388048,193.36116556146123,3298.2594614757663
2,778,5.871309705772834,-127.00909845386542,212.66459187242202,-11.067002782242108,193.36190145233343,3305.8512341423407
2,779,5.8029200706428545,-127.02274169036949,212.74996098719072,-11.109157915381203,193.36263513847535,3313.44178246417
2,780,5.734532143606979,-127.0363835984747,212.83566755335127,-11.151273644173378,193.36337042100618,3321.031170151452
2,781,5.666144935169675,-127.05002178832477,212.92174030913412,-11.19335009155918,193.3641021186461,3328.6194592561246
2,782,5.597759384900172,-127.06365859392294,213.00801063729077,-11.235389979940424,193.36483512990566,3336.2065418342986
2,783,5.529376123186306,-127.07729179696702,213.09466609804986,-11.277389862929628,193.36556525052345,3343.7923614311894
2,784,5.46099340743297,-127.09092320490171,213.18158814140875,-11.319353212410947,193.36629530250542,3351.377100417299
2,785,5.392612826797696,-127.1045523486078,213.26887508602348,-11.36127766603201,193.36702489422376,3358.960608413726
2,786,5.324233426069031,-127.11817928533209,213.35651708608214,-11.403164235278334,193.3677537016914,3366.5429822951264
2,787,5.255856040344332,-127.13180337637765,213.4444630201282,-11.445013417282096,193.36848072336397,3374.124100903336
2,788,5.187480598904418,-127.14542590222722,213.5326930770995,-11.486825977020496,193.3692083581813,3381.703989105074
2,789,5.119106128679997,-127.15904569770123,213.6212171203606,-11.528602456716891,193.36993389756844,3389.282726512124
2,790,5.050733414797666,-127.17266282048756,213.7100438269442,-11.5703424923979,193.3706576845564,3396.8602307820042
2,791,4.982361453835848,-127.1862780232876,213.79922428122163,-11.612046212656747,193.3713807337547,3404.4366377149654
2,792,4.913991904481513,-127.19989136307312,213.8887756440677,-11.653712592002847,193.3721037041141,3412.011774982474
2,793,4.845623855838017,-127.21350220212207,213.97862856095284,-11.69534345559828,193.37282495208234,3419.585701104098
2,794,4.777258151586195,-127.22711112556807,214.06871168900747,-11.736939727950258,193.37354585188265,3427.158312724854
2,795,4.708892845480053,-127.24071713570659,214.15916667162628,-11.778500461126272,193.37426369261453,3434.7298387921296
2,796,4.640530539171752,-127.25432203936161,214.2499195417827,-11.82002569977447,193.3749828430763,3442.300013729359
2,797,4.572168461822546,-127.26792414387094,214.34104385693092,-11.861515994967359,193.37569895970995,3449.869117780831
2,798,4.503809255008295,-127.28152456235628,214.43240470581037,-11.90297223272394,193.3764150851774,3457.4368470066
2,799,4.435450937815406,-127.29512298952992,214.52420484442172,-11.944392622890664,193.3771298338812,3465.0034684198267
2,800,4.36709535954578,-127.30871915177741,214.61617998699472,-11.985780380472312,193.37784329966817,3472.568691440536
2,801,4.298740554113703,-127.32231396492581,214.70851455243212,-12.027134137740376,193.37855643220294,3480.1328008263026
2,802,4.230387297434271,-127.33590626419851,214.8012347968081,-12.068453108948733,193.37926723836497,3487.6956960072807
2,803,4.162036479440325,-127.34949716359958,214.89418906537722,-12.10973946697897,193.379978088766,3495.2572533739904
2,804,4.093687040289628,-127.36308566310652,214.9875281606922,-12.150991611378315,193.38068663687028,3502.817611196404
2,805,4.025339031481246,-127.37667218482326,215.08103272449878,-12.192213166840668,193.38139363630376,3510.376698143459
2,806,3.956993066109166,-127.39025711293087,215.17498909289017,-12.233399603728902,193.38209996771374,3517.9345482222393
2,807,3.888649146009759,-127.40384034065696,215.26925693968963,-12.274553289907013,193.38280536256477,3525.491110352347
2,808,3.820307185494731,-127.41742192493412,215.36383578805254,-12.315674501556874,193.38350982921904,3533.046391910928
2,809,3.751966260941843,-127.43100123115762,215.45865800710675,-12.356764959757118,193.38421178125378,3540.600452626879
2,810,3.683627961832005,-127.44457969938388,215.55385768358224,-12.397822036482138,193.38491441943987,3548.1531952774317
2,811,3.6152904821539122,-127.45815547410673,215.64937939009351,-12.438847651075214,193.38561356406987,3555.704751917396
2,812,3.546955492459953,-127.47172983290707,215.7452169519635,-12.479841251115129,193.38631213659644,3563.254967209846
2,813,3.47862206656593,-127.48530214179168,215.84130292381627,-12.520804539610205,193.3870085608993,3570.8039010934835
2,814,3.410290926538284,-127.49887383918102,215.93776448139735,-12.561735525498582,193.38770569858937,3578.351546254553
2,815,3.3419611777482263,-127.51244360044981,216.0344737307234,-12.602636720326906,193.3884007074858,3585.89792490785
2,816,3.2736335356693735,-127.5260116429092,216.1315761473626,-12.643505725083283,193.38909418394874,3593.443011458773
2,817,3.205307112673917,-127.53957786304495,216.228925633871,-12.684345451382569,193.3897855594817,3600.9868464020237
2,818,3.136983538355884,-127.55314300784593,216.32659384773766,-12.72515412911025,193.3904767257024,3608.5292938532875
2,819,3.0686609437370684,-127.56670660341877,216.42464848172105,-12.765931997637653,193.3911660821638,3616.0705617695353
2,820,3.000341056318206,-127.5802685470609,216.52295993389188,-12.806680144882453,193.39185399086628,3623.610419264708
2,821,2.932022880025278,-127.59382836511475,216.62160148149079,-12.847398202099027,193.392539172536,3631.148983776545
2,822,2.863706372450601,-127.6073878650375,216.7204754579896,-12.888088040912336,193.39322485411296,3638.686261613745
2,823,2.795391344185129,-127.62094551078,216.81981899515634,-12.928746263147213,193.3939080995474,3646.222318088917
2,824,2.7270787123019935,-127.6345022625276,216.9193382964693,-12.969376972579179,193.3945909190703,3653.7569746234517
2,825,2.65876829060862,-127.64805658396062,217.0192700905623,-13.009976783049991,193.3952703930462,3661.2902962439475
2,826,2.59046006643877,-127.66161081367747,217.11943756859563,-13.050548762288775,193.39595070058732,3668.822270285093
2,827,2.522153040905471,-127.67516325724398,217.2199330132911,-13.09109212357122,193.39662835668793,3676.352995805207
2,828,2.4538480025918985,-127.68871397114196,217.32076057444513,-13.13160652426355,193.39730368297012,3683.882389410129
2,829,2.385545746747213,-127.70226423145307,217.42190601663293,-13.172092027281243,193.39797919752195,3691.4103859728543
2,830,2.317244434402167,-127.71581287489006,217.52337849956473,-13.212549627181206,193.39865210137012,3698.937156220108
2,831,2.2489457550165475,-127.72936048983205,217.6251068290202,-13.252979602270802,193.39932398052997,3706.4625070118623
2,832,2.180649594992757,-127.74290660093538,217.72716936935856,-13.293380994861316,193.39999388115174,3713.9864645634007
2,833,2.1123541475916325,-127.75645179678877,217.82947909307947,-13.333756370696678,193.40066217478224,3721.5091994269224
2,834,2.044061902791862,-127.76999628881073,217.93218704844452,-13.374102266137042,193.40133003624075,3729.030502024228
2,835,1.975771048708388,-127.78353944590376,218.03522424727214,-13.41442084659618,193.40199565264177,3736.5505244756714
2,836,1.907482392055246,-127.7970806376089,218.1385325946035,-13.454712566574772,193.40265812337992,3744.0691461605757
2,837,1.83919583386894,-127.81062182659551,218.2421551229181,-13.494977253592303,193.40332084789344,3751.5864300453854
2,838,1.7709112839631898,-127.82416184969539,218.3461091383137,-13.53521474245243,193.40398166488802,3759.1023650196544
2,839,1.7026295518492154,-127.83770129616097,218.4503182629561,-13.57542587945245,193.4046418354488,3766.6168490014375
2,840,1.6343487784886652,-127.85123847015824,218.55487262216397,-13.615610433363933,193.40529766779008,3774.130071455935
2,841,1.5660706356907028,-127.86477586641637,218.65974249330444,-13.655768292898005,193.40595408353198,3781.6418946719655
2,842,1.4977941742317553,-127.87831163602999,218.7648808627976,-13.69590062858359,193.40660743680098,3789.152361804122
2,843,1.4295201544697929,-127.89184720684537,218.87041271046922,-13.736005540842614,193.4072604423655,3796.661462699052
2,844,1.3612485354097161,-127.90538179731098,218.97613581286186,-13.77608598418701,193.40791165079355,3804.1691130576673
2,845,1.292979184618111,-127.91891508200342,219.08226879322808,-13.81613906010422,193.40856039039855,3811.6753932505644
2,846,1.224711175304882,-127.93244818458747,219.1886512781931,-13.856167857684545,193.40920825867175,3819.1803658312674
2,847,1.1564461541091617,-127.94598062741633,219.29536609414686,-13.896170341142703,193.40985491425636,3826.6838737066937
2,848,1.0881831594221414,-127.95951124742818,219.40242790742033,-13.936146887398941,193.41049794903032,3834.1859967911832
2,849,1.0199221219396735,-127.97304185422784,219.50974013543316,-13.976099245916318,193.41114043789793,3841.6867433692473
2,850,0.9516629429306586,-127.98657196970596,219.6173812926067,-14.016026466774838,193.41178145487692,3849.1861387573795
2,851,0.8834064198232598,-128.00010096549036,219.72529107277842,-14.055928999869954,193.41242011944135,3856.684062473755
2,852,0.8151515842800934,-128.01362958227168,219.83352896621824,-14.095806810772643,193.4130573358387,3864.1806498553046
2,853,0.7469000904100507,-128.0271573410483,219.94217613580264,-14.135657900738442,193.41369276947094,3871.6757429983945
2,854,0.6786501306421514,-128.0406846836971,220.05101016669443,-14.175486602306407,193.41432652475214,3879.1694605599323
2,855,0.6104016027034863,-128.0542118155765,220.16017128614058,-14.21529119383407,193.41495886413017,3886.6618640761403
2,856,0.5421561682562547,-128.06773757356828,220.26967836455535,-14.255070457025303,193.41558828227355,3894.152759052336
2,857,0.4739128702975258,-128.08126323269744,220.37951267545856,-14.294825494968832,193.41621659840285,3901.642263211578
2,858,0.4056725066188847,-128.09478870126563,220.48953416648695,-14.334557893409823,193.4168438593371,3909.130238824163
2,859,0.33743322886410915,-128.1083136475555,220.59996003877652,-14.37426584471132,193.4174688296976,3916.616947425966
2,860,0.2691967050548954,-128.1218374439722,220.7107295256816,-14.413949281546936,193.41809093445008,3924.1021769193685
2,861,0.2009628556915243,-128.1353612187491,220.82168461169675,-14.453610669950885,193.41871201831142,3931.585900302593
2,862,0.1327307132042315,-128.14888463882326,220.93304353659693,-14.49324769031062,193.41933113843322,3939.068287172043
2,863,0.06450194436512227,-128.16240761346546,221.04466589742714,-14.532861411022003,193.41994863172525,3946.549108304208
2,864,-0.0037244114887012673,-128.17593088150855,221.1566126080947,-14.57245177732981,193.42056537968645,3954.028498864371
2,865,-0.0719493128893285,-128.18945327969826,221.26890011737962,-14.61201912305131,193.42117904178681,3961.506538937778
2,866,-0.14017197197927336,-128.2029754008099,221.3814494482102,-14.65156425584516,193.4217908266903,3968.98312728557
2,867,-0.2083924755546059,-128.21649730114243,221.4942601773059,-14.691087362996884,193.4224007463689,3976.4582714212897
2,868,-0.2766100333032948,-128.23001849975404,221.60740999114327,-14.730587013429592,193.42300819346713,3983.931903815166
2,869,-0.34482560428215875,-128.2435402716951,221.7208821082609,-14.770064261152555,193.42361494748633,3991.404142740309
2,870,-0.41303839855687324,-128.25706145360132,221.8346921633454,-14.809518435557344,193.4242192527126,3998.874884611549
2,871,-0.48124938003434625,-128.2705826389904,221.9487618232351,-14.848951333926937,193.42482173996345,4006.3442120288923
2,872,-0.5494577552294184,-128.2841033462817,222.06316839676165,-14.88836153355676,193.425421805696,4013.812057185995
2,873,-0.6176636159573903,-128.29762416929873,222.17783282117452,-14.927750330882374,193.426020359756,4021.278410915511
2,874,-0.6858670408827805,-128.31114462614045,222.29283305588552,-14.967116801094608,193.42661651822743,4028.743297166046
2,875,-0.754067249834656,-128.32466531094167,222.40808883289435,-15.006461747090231,193.42721146818624,4036.2066149089533
2,876,-0.8222660593456615,-128.33818642240252,222.52374269679376,-15.045784472473944,193.42780490019285,4043.668607550415
2,877,-0.89046270575265,-128.35170719300555,222.63959057965502,-15.085087266166617,193.42839573076992,4051.1291029782665
2,878,-0.9586554988203099,-128.36522728244037,222.75584759314637,-15.12436639585933,193.4289838866125,4058.587992709745
2,879,-1.02684716576942,-128.37874782397628,222.87236124198418,-15.163625687955257,193.4295703204084,4066.0455277153637
2,880,-1.0950360464517561,-128.39226887389395,222.98912780008092,-15.202864353681647,193.43015559923924,4073.501531413205
2,881,-1.1632222139434047,-128.40578994917166,223.10622503663507,-15.242081475576603,193.43073884751277,4080.9560273645484
2,882,-1.2314057527851234,-128.41931110560765,223.22365236428752,-15.281277233097702,193.43132007748125,4088.4090229096555
2,883,-1.2995867475206337,-128.43283239900217,223.34140923518595,-15.320451804141616,193.4318993012997,4095.8605253974065
2,884,-1.3677652956607091,-128.44635320522846,223.4594329805225,-15.359606103821987,193.4324754128854,4103.3105068702935
2,885,-1.4359414700867825,-128.45987426026284,223.5777852585409,-15.398739566197062,193.43304954598483,4110.759010080075
2,886,-1.5041153732974226,-128.4733961600491,223.69638737739345,-15.437853448375405,193.4336225888785,4118.206026602097
2,887,-1.5722862003321798,-128.48691842060083,223.8153145007519,-15.47694636932857,193.43419394915958,4125.651487462913
2,888,-1.6404549245675941,-128.50044041828377,223.9345065582134,-15.516019703034601,193.43476225164153,4133.095457097909
2,889,-1.708620743201084,-128.51396288861412,224.05402245178075,-15.555072419572518,193.43532889663751,4140.537885842756
2,890,-1.7767845927667385,-128.5274853466134,224.17394284807983,-15.594104075158228,193.43589274971504,4147.978888952686
2,891,-1.8449448533999315,-128.54100892957354,224.29410467279425,-15.63311607345005,193.43645611205815,4155.418257915427
2,892,-1.913103353603508,-128.55453247370775,224.4145296173971,-15.672109155420602,193.4370164705145,4162.8561653783245
2,893,-1.9812593069877813,-128.56805603521366,224.53521402477193,-15.71108302593368,193.43757411413017,4170.292526482595
2,894,-2.0494118884141987,-128.5815810278345,224.656278448198,-15.750035937324755,193.4381315306683,4177.727326209728
2,895,-2.1175629614961693,-128.59510492946302,224.7776206270736,-15.788970082705843,193.43868402051604,4185.160667194475
2,896,-2.1857099838050202,-128.60863091546562,224.89925982935168,-15.827884220592331,193.43923743845212,4192.592353695906
2,897,-2.2538556480179244,-128.62215660101336,225.02123828663213,-15.866779190392078,193.43978705719834,4200.02263120485
2,898,-2.3219983206262516,-128.6356825840138,225.14346979097743,-15.905655319077848,193.44033429751653,4207.451306966867
2,899,-2.390138065706464,-128.64920959893533,225.26601606929023,-15.94451204423937,193.4408802643538,4214.8784232211665
2,900,-2.458274991521807,-128.66273702359553,225.38881411769242,-15.983350252211626,193.4414238759289,4222.303952577279
2,901,-2.5264091608447568,-128.6762655922726,225.51192577348277,-16.02216937972586,193.4419662335849,4229.727937220382
2,902,-2.5945415247506993,-128.6897941401178,225.63537058280968,-16.060969693329277,193.44250513549102,4237.150457386818
2,903,-2.6626704228834175,-128.7033227228862,225.75913903991227,-16.099750471874238,193.4430411365965,4244.571335233273
2,904,-2.7307968509841674,-128.71685316057116,225.8831416253131,-16.138513702414432,193.44357677136506,4251.990675607775
2,905,-2.798919984316719,-128.73038374523315,226.00746646619402,-16.177257718082345,193.44410952860403,4259.408388400379
2,906,-2.867041651683789,-128.74391453266108,226.1321227576388,-16.21598354906491,193.4446388893586,4266.824666268127
2,907,-2.9351593629861594,-128.7574473436692,226.25700184553023,-16.254691426888076,193.44516844563958,4274.239243669845
2,908,-3.0032748714447304,-128.77097992559214,226.38228432402667,-16.293379949565498,193.44569404949897,4281.652322916334
2,909,-3.0713874966051504,-128.78451396624038,226.50773092609086,-16.332051977463582,193.44621852316106,4289.063774770507
2,910,-3.139498057942926,-128.79804856657233,226.63364261703845,-16.370704245030375,193.4467401491941,4296.473777585567
2,911,-3.207605029423016,-128.81158351669373,226.75972718056292,-16.409339565190436,193.44725901555182,4303.882055264764
2,912,-3.2757093093778775,-128.8251202271305,226.88611460470037,-16.447957089709767,193.44777701181465,4311.288776807732
2,913,-3.3438109751420226,-128.8386575323164,227.01281961307956,-16.486556643281727,193.44829223545358,4318.6939296835
2,914,-3.4119101113557226,-128.85219548815925,227.1398417135002,-16.525138377569576,193.44880470103678,4326.097521247391
2,915,-3.4800059312482654,-128.86573415058356,227.2671743831886,-16.563702023061637,193.44931468665027,4333.499465985771
2,916,-3.5480993991773997,-128.87927479754146,227.39480799163414,-16.602248475687873,193.4498238420987,4340.89988408941
2,917,-3.6161897552360847,-128.892815586743,227.52268831476104,-16.640777848691823,193.4503294771133,4348.298635924098
2,918,-3.6842770594792587,-128.90635847299552,227.65086231538282,-16.67928990640196,193.45083456386888,4355.695783050626
2,919,-3.752361380089861,-128.91990106798553,227.77935934024305,-16.71778415342055,193.4513353240993,4363.091292780557
2,920,-3.8204436899247693,-128.9334458722521,227.90815551310777,-16.756261794718238,193.45183529442457,4370.485305494415
2,921,-3.888522360598839,-128.94699104355948,228.0371893212581,-16.79472253333979,193.45233206174532,4377.87758857416
2,922,-3.9565983121875123,-128.9605373142262,228.16652946628443,-16.833166223723342,193.45282643521767,4385.268276413832
2,923,-4.024671591047685,-128.97408541624057,228.29623819796834,-16.871592308865083,193.45331947970618,4392.657410312135
2,924,-4.092742358471402,-128.98763405382772,228.4261895933114,-16.910002337795238,193.45380910141571,4400.044929741958
2,925,-4.160809790936969,-129.00118395911014,228.55643871233426,-16.948395345485288,193.45429662641226,4407.430782966928
2,926,-4.228873973608975,-129.01473518824835,228.6869848260833,-16.986771477942707,193.45478206582757,4414.81497731512
2,927,-4.296935861998814,-129.02828779742822,228.8178347377116,-17.02513128176649,193.4552651716268,4422.197613250981
2,928,-4.364994670737209,-129.04184184286214,228.94898054175823,-17.063474495838694,193.45574621459846,4429.578605032236
2,929,-4.433050484990244,-129.05539738078954,229.08042162792572,-17.101801262619965,193.45622520562318,4436.957960011575
2,930,-4.501103379915014,-129.06895324395452,229.21217199368962,-17.140111409636038,193.4567002945651,4444.335665320762
2,931,-4.569152590618645,-129.08251193557928,229.34419397066813,-17.178405309339542,193.45717547432875,4451.711675559581
2,932,-4.63719992211742,-129.09607106481948,229.47653198314646,-17.216683267174112,193.4576465207713,4459.086144029454
2,933,-4.705243774948313,-129.10963123647045,229.60909209194406,-17.25494563779768,193.45811478318126,4466.45887832629
2,934,-4.773285014570411,-129.1231938571483,229.74200757471473,-17.2931915661117,193.45858208998735,4473.830046244894
2,935,-4.841322947587377,-129.1367576331851,229.87514387081285,-17.331422183600996,193.4590466351332,4481.199494774947
2,936,-4.909357556402734,-129.15032274668306,230.0086404248774,-17.3696359351262,193.4595086525533,4488.567277981747
2,937,-4.977388982827524,-129.16388980312868,230.14241927804613,-17.407833961916392,193.45996896602998,4495.933389978117
2,938,-5.045418170531464,-129.1774576345006,230.27650290695766,-17.446016478108277,193.46042548990636,4503.2979111138375
2,939,-5.113444346327157,-129.19102752160518,230.4108678233549,-17.48418354005842,193.4608803338464,4510.660775783236
2,940,-5.181466715450766,-129.20459829621876,230.54551868802682,-17.522334592207343,193.4613319267344,4518.021877574359
2,941,-5.249486305436601,-129.2181717899267,230.68037236435245,-17.560471454784214,193.4617826684836,4525.3813247202
2,942,-5.317503016209817,-129.2317464080185,230.81565984988214,-17.59859128124696,193.4622301481199,4532.739163244082
2,943,-5.385517107164235,-129.2453226333158,230.9511634026859,-17.636696876511557,193.46267496740538,4540.095341472882
2,944,-5.4535276805637345,-129.25890064593597,231.08701318855398,-17.67478631811656,193.46311760997054,4547.4498193599575
2,945,-5.521534937990362,-129.2724803790843,231.22306838738731,-17.712861413954492,193.46355786926728,4554.802558293064
2,946,-5.589539715955994,-129.28606201238964,231.35947810882143,-17.750921000280226,193.46399572180547,4562.153704988186
2,947,-5.657540482267488,-129.29964547968672,231.49608227521927,-17.788966127574703,193.4644314664279,4569.503034023864
2,948,-5.725538871354652,-129.31323040819228,231.6331168914335,-17.826995025382377,193.4648640282016,4576.850797993763
2,949,-5.793534288091123,-129.3268172838724,231.77035457543283,-17.865010098903504,193.46529425470223,4584.196852547376
2,950,-5.861525827119017,-129.34040628538702,231.90792459028123,-17.903009445627156,193.46572262408597,4591.541156980899
2,951,-5.929514566751943,-129.35399734783581,232.04569640804735,-17.94099522517375,193.46614867955014,4598.883766809185
2,952,-5.99750045386408,-129.36758942286076,232.18382336020935,-17.97896560772556,193.46657084368877,4606.224714152248
2,953,-6.0654827881691356,-129.38118434611792,232.32220370166004,-18.016921632764625,193.4669919786833,4613.563920958318
2,954,-6.1334623790678995,-129.39478106827474,232.46100110630783,-18.05486184444567,193.46741025655234,4620.901512655491
2,955,-6.201437838618966,-129.4083794049227,232.5999136802694,-18.092788944488614,193.46782576036156,4628.237219127438
2,956,-6.26941079686437,-129.42198020698,232.73916527774466,-18.130701460256148,193.4682392233893,4635.571312941128
2,957,-6.337380457161679,-129.43558230369848,232.8787582033044,-18.168598861438813,193.4686491125488,4642.903686983972
2,958,-6.405346991461549,-129.4491875328192,233.01860142007658,-18.206482541064634,193.4690580209232,4650.234357179965
2,959,-6.473310459088616,-129.4627934963511,233.15872156008706,-18.244352033060142,193.46946238066386,4657.563289500001
2,960,-6.541270909440585,-129.4764033796274,233.29915408090503,-18.2822073793785,193.4698667789164,4664.890565365108
2,961,-6.609227596908302,-129.4900141106844,233.43985090104397,-18.3200484329845,193.47026690333306,4672.2160242056
2,962,-6.677181487341089,-129.50362697415633,233.58080926311388,-18.35787596711243,193.4706643052559,4679.539787897015
2,963,-6.745131656332065,-129.5172421449595,233.72215678906534,-18.395688120995345,193.47105945578232,4686.861814232185
2,964,-6.813079277120236,-129.53086011713887,233.86368817905523,-18.43348796245541,193.47145268893613,4694.1821483397425
2,965,-6.881022545208726,-129.5444798371323,234.00553231052868,-18.471272991716848,193.47184294493263,4701.500633273137
2,966,-6.9489633575117855,-129.5581019173091,234.1476357505517,-18.509044991089812,193.4722305253029,4708.817452409449
2,967,-7.016900784403754,-129.57172653165645,234.29012574103382,-18.546802109874786,193.47261589836867,4716.132563146808
2,968,-7.084834262430305,-129.5853529472002,234.43278635668756,-18.58454641313147,193.47299812087246,4723.445802544748
2,969,-7.152765472212396,-129.59898256702203,234.5757680623429,-18.622277380818417,193.47337869065046,4730.757430540212
2,970,-7.220692752944066,-129.61261421872547,234.71905876274036,-18.65999415635234,193.47375634380742,4738.067245636041
2,971,-7.288617139057025,-129.6262485160568,234.8625938430829,-18.697698155970038,193.47413162352842,4745.375337709397
2,972,-7.356537837323461,-129.6398842864895,235.0063731714608,-18.735388869278278,193.47450302836316,4752.681599229487
2,973,-7.424454790347693,-129.65352293222816,235.15052245813516,-18.773065094666777,193.47487253781327,4759.986101822838
2,974,-7.492369104961242,-129.66716439513138,235.2949143769946,-18.81072890038338,193.47523970869395,4767.288903376522
2,975,-7.560279914859175,-129.68080817480723,235.43961175241043,-18.848379119160423,193.47560402410988,4774.589928362627
2,976,-7.628187393460664,-129.69445488641395,235.58453761406057,-18.886016814243312,193.47596626581955,4781.8891729715015
2,977,-7.696090583889718,-129.7081034707382,235.7298304618001,-18.923639883986198,193.47632514899237,4789.186572487411
2,978,-7.7639914773827545,-129.72175510149611,235.8753638322875,-18.96125100041608,193.4766817387672,4796.482300302432
2,979,-7.831888341577265,-129.73540927756184,236.02118650245947,-18.998848671643344,193.47703576225732,4803.776186504977
2,980,-7.899782216877266,-129.7490666152509,236.16723516071494,-19.036434285781407,193.47738775472882,4811.068321623448
2,981,-7.967673004180464,-129.76272605366202,236.31366163722146,-19.074006082245273,193.47773619677776,4818.358734655917
2,982,-8.035560109731385,-129.77638876862875,236.4602992004594,-19.11156572191178,193.47808287063225,4825.647317076503
2,983,-8.103443510485967,-129.79005302615994,236.60723593774438,-19.14911210520779,193.47842529097372,4832.934065839381
2,984,-8.17132332276121,-129.80372134767615,236.7544456439186,-19.18664590903809,193.47876693316115,4840.219030408485
2,985,-8.239199599761019,-129.81739132612654,236.90195300756395,-19.224166690383523,193.4791043480853,4847.5021757842405
2,986,-8.307073320587511,-129.83106548387218,237.04974649166408,-19.261675444868413,193.4794407626487,4854.783645771452
2,987,-8.374942813052039,-129.84474141314342,237.19782194330264,-19.299171083151048,193.47977321561547,4862.063216819802
2,988,-8.442809040554652,-129.85842040407664,237.34618046506307,-19.33665432114906,193.48010320453983,4869.341011598186
2,989,-8.510672170617232,-129.8721018422816,237.49475810934416,-19.374125920653984,193.480429778579,4876.617005807467
2,990,-8.57853126164333,-129.8857871295783,237.64366624954437,-19.411584375701842,193.48075511049893,4883.891175612158
2,991,-8.646386565034273,-129.89947497968674,237.792777257083,-19.44903109862462,193.48107728823175,4891.163465128282
2,992,-8.71423884357358,-129.9131655603765,237.94224472178425,-19.48646494736739,193.48139629124032,4898.434017774264
2,993,-8.782087420627391,-129.92685949114227,238.09197711341736,-19.523886640807245,193.4817131227585,4905.702736165981
2,994,-8.849933139780017,-129.9405562673373,238.2420648746621,-19.56129568476501,193.48202680316638,4912.969732085748
2,995,-8.917774552171359,-129.95425583720862,238.3923374342583,-19.598693129193546,193.48233761569597,4920.234782446505
2,996,-8.985612518958153,-129.96795893075827,238.54287286690996,-19.6360787520819,193.48264628868424,4927.498020359973
2,997,-9.053447020422288,-129.98166504277359,238.69374626102484,-19.673451747291455,193.48295208218966,4934.759463076409
2,998,-9.121278334219799,-129.99537412251993,238.84481788475904,-19.71081378401962,193.48325480547217,4942.019076579671
2,999,-9.189105402139159,-130.00908700802322,238.99627379030548,-19.748162463008054,193.48355585842543,4949.276846104184
2,1000,-9.256929543394865,-130.0228023056617,239.14786318132747,-19.78550104277122,193.4838529143027,4956.532769790139