stageNumber,time,latitudeDegs,longitudeDegs,altitudeKm,elevationDegs,azimuthDegs,rangeKm
2,0.01,34.63203086236217,-120.6106050084114,0.1651168166603893,0.32205429398255975,209.34293841292123,30.79335114046612
2,0.2,34.632031093554,-120.61056348463353,0.16507968268264087,0.3220216698701522,209.33677993584672,30.791468276236404
2,0.4,34.63203183525492,-120.61056348463353,0.16513651306461544,0.3221283311520484,209.33685473156962,30.79139692141498
2,0.6,34.63203139436431,-120.61056292932822,0.1652073288122192,0.32226003816894405,209.33672759516787,30.79141526985064
2,0.8,34.632031875213514,-120.61056386790327,0.16530605713743718,0.322443519515322,209.33691582339452,30.791411530829766
2,1,34.63203143432291,-120.61056331259793,0.16537687288504094,0.32257522628723856,209.3367886870087,30.79142987958166
2,1.2,34.63203177509178,-120.61056314056233,0.16567406308744104,0.3231287840859579,209.33679743818928,30.79139148580193
2,1.4,34.632031815050375,-120.61056352383206,0.16584360715840013,0.3234439720327442,209.33685853005383,30.791406098142524
2,1.6,34.63203189496753,-120.61056429037139,0.16618269530218094,0.32407434702886606,209.33698071360817,30.791435325724994
2,1.8,34.63203179484584,-120.61056356303054,0.16655070125125349,0.32475961212856813,209.33686232853114,30.79141529110498
2,2,34.632031433872505,-120.6105637742646,0.16696060514170677,0.3255216905596195,209.33685737574902,30.791462878778216
2,2.2,34.63203181459987,-120.61056398549863,0.16742733941599727,0.3263904376500545,209.33692721878535,30.791439121396575
2,2.4,34.63203175443676,-120.61056364142755,0.16796488943789153,0.32739088996338683,209.33686992549102,30.791433725737484
2,2.6,34.63203187431247,-120.61056479123607,0.16847352165263146,0.3283364455362628,209.33705320058834,30.791477603597933
2,2.8,34.63203111240747,-120.61056483043446,0.16912378536257894,0.32954540270809346,209.3369822030174,30.791558204089096
2,3,34.63203109220302,-120.61056486963278,0.16983087945636363,0.3308610344740828,209.33698600145124,30.791567472351776
2,3.5,34.63203143252126,-120.61056515926319,0.17171180191636085,0.33436104537984584,209.33706344120372,30.79156236525026
2,4,34.63203171267626,-120.61056510482258,0.17413027439825238,0.33886150789134417,209.3370835879571,30.79155208497281
2,5,34.632031490426925,-120.61056553600311,0.18190830941963942,0.3533333847684317,209.33712537039963,30.79165619345717
2,6,34.63203158784038,-120.6105667576738,0.19385809325892478,0.3755671443136788,209.33731707824742,30.791802538562248
2,7,34.632031824877,-120.61056727595796,0.21000854371115565,0.4056176015152133,209.33741814494752,30.79194675151628
2,8,34.6320319406862,-120.61056802942531,0.23040155872423201,0.4435612018632739,209.3375420007288,30.792163145419966
2,9,34.632031975226894,-120.61056940133622,0.2552066823709756,0.4897126088595379,209.3377497349109,30.79247525257476
2,10,34.63203100677754,-120.61056989782816,0.28439600206632165,0.5440192166181069,209.33772598889257,30.792915708889513
2,11,34.632031440437686,-120.61057101275675,0.3181110911630094,0.6067466093991838,209.33793571172987,30.793332894975578
2,12,34.63203091107226,-120.6105716355322,0.3563799203811213,0.6779426283809297,209.3379750457531,30.793921241109317
2,13,34.63203134292136,-120.61057232144711,0.39924533474352214,0.757689532518019,209.33812071427863,30.794536999708843
2,14,34.63203133254207,-120.61057383700391,0.44693276163749396,0.8464007312571403,209.33834530139578,30.79537333391829
2,15,34.63203140162047,-120.61057430512886,0.49935840515699237,0.9439228257594776,209.33842196128057,30.796316502478895
2,16,34.63202686003606,-120.61057188800707,0.5567477508271114,1.0506605794688577,209.33760410898813,30.797766905118277
2,17,34.632021255445274,-120.61056825152033,0.6190588426301256,1.1665399079891603,209.33649754593225,30.799482576352162
2,18,34.632013706183734,-120.61056228519341,0.6864333121431991,1.2918187255609035,209.3348480629735,30.801532440196148
2,19,34.632001847368834,-120.61055287860856,0.7588991303797812,1.4265350978826785,209.33225194843348,30.804129584643768
2,20,34.63198549915566,-120.610538538186,0.836485215635039,1.5707368012846097,209.32846884403872,30.807261288755353
2,21,34.63196207597955,-120.61051947535728,0.9194309816844761,1.7248438430500344,209.32326982525728,30.811233607431596
2,22,34.63193091737139,-120.6104932582315,1.0076666196761652,1.8887144207146143,209.316226717284,30.816042439200835
2,23,34.63189096206407,-120.61045728308491,1.1013626817027107,2.0626501141201152,209.3068456004816,30.821726021952173
2,24,34.63184020576333,-120.61041342730913,1.2004893066734075,2.2465547598174656,209.29520510350193,30.828611045960912
2,25,34.631778329038625,-120.61035908740426,1.305273879676126,2.4408313466380998,209.28088688468532,30.8366747974355
2,26,34.63170292791138,-120.61029277049569,1.4155748356692492,2.645174218356162,209.2634287164136,30.84613449279638
2,27,34.63161268088329,-120.61021281190656,1.5316046328013764,2.8599375923520944,209.2424526001055,30.85711458938788
2,28,34.63150640666797,-120.61011865751748,1.6533772700550036,3.0850976610285348,209.2177609168753,30.86977102328775
2,29,34.631383926443604,-120.61000881501585,1.7809216817319393,3.3206668360146727,209.18911792106033,30.884125458945203
2,30,34.63124143390303,-120.60988255867778,1.914321746670641,3.566710330980225,209.15603952621393,30.900592396041976
2,30.5,34.63116332750144,-120.60981248609475,1.983356139455922,3.6939084110225924,209.13778627895965,30.90955392913617
2,31,34.63107979288159,-120.60973784151673,2.0537908845897763,3.823581235288546,209.1183146566857,30.91908960675497
2,32,34.63089712132487,-120.60957449342523,2.1994558274466547,4.0914235672212955,209.07573810465223,30.93988545069741
2,33,34.63069201897833,-120.60939008481212,2.3511899760821833,4.36992255176688,209.02781843701888,30.96308807029348
2,34,34.63046146215821,-120.60918427418684,2.5093036108920352,4.6595228847331995,208.9742160906303,30.98909353703558
2,35,34.63020689619915,-120.60895668096894,2.67374089579843,4.960045610221256,208.91503300981864,31.017841368798933
2,36,34.62992559945073,-120.60870321144968,2.8445877133952453,5.271530445419212,208.84940588876435,31.04952766757142
2,37,34.62961723332173,-120.60842723842661,3.0218990035019817,5.593927674971159,208.7778234150134,31.08444958080125
2,38,34.62928051957807,-120.6081242858188,3.20570478343498,5.927176266073721,208.69951466356605,31.122653295964454
2,39,34.6289128368319,-120.60779418569051,3.39607502614148,6.271214837696383,208.61422255588178,31.16451427565833
2,40,34.628514449440885,-120.60743600415142,3.5929679373977708,6.625824122999336,208.5218634931441,31.210087787079363
2,41,34.62808403939541,-120.60704808097594,3.7965960931517184,6.991213188010511,208.42209379870403,31.259585974930935
2,42,34.62761986762731,-120.60663135914182,4.0068878663750365,7.367020848925206,208.31492181590244,31.31334725962628
2,43,34.62712065750294,-120.60618136534178,4.223873356720433,7.75312118399724,208.19959869560827,31.37144844257767
2,44,34.62658515135042,-120.6056999814091,4.447579691908323,8.149300286629076,208.07633049135956,31.434242980199976
2,45,34.626011812650965,-120.6051836732458,4.678078908788041,8.55546010135629,207.9444948583714,31.5018913106852
2,46,34.625399905692674,-120.60463244770203,4.9153143839724365,8.971235289969771,207.80408036856159,31.574613805960514
2,47,34.62474777393578,-120.60404481940563,5.159201624185778,9.396188025045383,207.65477184022467,31.652654747055962
2,48,34.624053360937324,-120.60341913202642,5.4098965310538185,9.830281848670513,207.49619927868298,31.736333778363925
2,49,34.62331663314372,-120.60275501084361,5.667229830133729,10.272926275776955,207.32838175827925,31.82577784207192
2,50,34.622536856237694,-120.60205246460052,5.931144987037405,10.723693401779249,207.15133597791709,31.9212166728374
2,51,34.621712195265,-120.6013085179495,6.201586551999673,11.18214852860114,206.96453967671897,32.02286606803408
2,52,34.62084121582672,-120.60052356395727,6.478610771791078,11.648000129320035,206.7680204812657,32.13106570005718
2,53,34.619924446700786,-120.59969573782479,6.762134227338247,12.120800108013919,206.56165584070342,32.24584750281676
2,53.5,34.61944796454462,-120.5992660976627,6.906196696288884,12.35941753439081,206.45478584694519,32.305836366260266
2,54,34.618962814156404,-120.59882927420949,7.050953463375569,12.598081342279208,206.3462731863441,32.367201050711465
2,55,34.61796549096842,-120.5979286679217,7.3425381833473224,13.075461040918565,206.12346846312383,32.493976805536555
2,56,34.61693166118436,-120.59699635639856,7.6368448466425765,13.552562025411639,205.89363061551603,32.62641377803328
2,57,34.61585974903332,-120.59602842686502,7.933776191764512,14.02898589296766,205.65614198699828,32.76456129704614
2,57.5,34.615309016439085,-120.59553128846781,8.083482320568525,14.267279667209682,205.53454784706406,32.83591780276883
2,58,34.61474702041586,-120.59502403255696,8.23447767115198,14.506324423024976,205.41075359106495,32.90901385571739
2,59,34.6135855594551,-120.59397640303158,8.54057687785942,14.986781523936262,205.15591087776798,33.06080966200108
2,60,34.61237501515234,-120.59288256803494,8.85213223981019,15.470126945588518,204.8912949864637,33.22003475688351
2,61,34.61111211462426,-120.59174313636215,9.169496548079886,15.956404078654893,204.61688869915145,33.387278006034535
2,62,34.60979532710364,-120.59055458576746,9.492742374386639,16.445320755522737,204.33222195087586,33.5627388341237
2,63,34.60842186122556,-120.58931526972488,9.821969324728475,16.936517410983804,204.03701857278352,33.74682160897644
2,64,34.60699110812368,-120.58802315973863,10.157277926383541,17.42973453826658,203.7311393025366,33.939710554974035
2,65,34.605499276975905,-120.58667754864862,10.498752999769524,17.924483880175554,203.41440685704694,34.14194511846542
2,66,34.60394602028788,-120.58527547331725,10.846453315844759,18.420441098249867,203.08659986638028,34.35364747571233
2,67,34.60232732818603,-120.58381435528302,11.20032329562679,18.91688802416221,202.7472924515358,34.57527647991297
2,68,34.60064115380106,-120.58229255451585,11.560519702710211,19.41351417314324,202.39637536586025,34.80720356854548
2,69,34.5988849295437,-120.58070711247449,11.926931194323116,19.909575875556342,202.03352984069238,35.049721955167776
2,70,34.59705753060248,-120.57905788242876,12.299742501551286,20.404808261512173,201.65898305382578,35.30317805029783
2,71,34.59515446982833,-120.57734135530951,12.67879977635108,20.89828911360631,201.27225151189728,35.56802036828003
2,72,34.59317614410919,-120.57555457750314,13.064219091427512,21.389780682983673,200.87330667622115,35.84434043735606
2,73,34.591117468368545,-120.57369834335958,13.455943456101231,21.87838030247984,200.46232212050288,36.13281348526748
2,74,34.58897700006305,-120.57176672300429,13.85403361460194,22.363707013893766,200.0387636431807,36.433603500923084
2,75,34.586753016664964,-120.56976068414943,14.25841950546205,22.845042248240222,199.6031197151402,36.74705898240968
2,76,34.58444325658467,-120.56767672705216,14.669118205817417,23.32185194262209,199.15521685707654,37.07348165181543
2,77,34.58204493981499,-120.56551322694935,15.086230672857724,23.793653910010168,198.6951578463519,37.413312374453376
2,78,34.579557124902266,-120.56326834725752,15.509561587112024,24.25968085402145,198.2231559109715,37.766688760049426
2,79,34.576974414360464,-120.56094029748566,15.93928232742101,24.719394239318966,197.73920525459968,38.134325988158615
2,80,34.574298348833835,-120.55852630885838,16.375326252364555,25.172411574953962,197.24358847014926,38.516149731087836
2,81,34.57152437003122,-120.55602531731762,16.817553741404787,25.61783599410486,196.7365221208815,38.91268090553486
2,82,34.568651701709626,-120.55343383638971,17.266096260825172,26.055446681282614,196.21811368213494,39.324133422256196
2,83,34.56567626862182,-120.55075174239416,17.720913147058337,26.484526377058106,195.68881569574637,39.75104258434938
2,84,34.56259817460838,-120.54797665833463,18.181994361153805,26.904744955175772,195.148995861081,40.193500793144274
2,85,34.559412685269244,-120.54510604081977,18.6492300673062,27.315336157113027,194.59879817221747,40.652014118740254
2,86,34.55611946651927,-120.5421369657467,19.12268151204195,27.716085267836593,194.0385510711039,41.126737913368494
2,87,34.55271562615155,-120.53906987032789,19.60229456641432,28.10642951594842,193.46896655289027,41.61808429263097
2,88,34.549199610030044,-120.5359008996361,20.08797554364521,28.485945387443092,192.8902381448244,42.12623072946192
2,89,34.545567607482475,-120.53262900809301,20.579643101436087,28.85405749684363,192.3028926899481,42.651626536144796
2,90,34.54181854689936,-120.52925128190716,21.077302559928036,29.210542923516616,191.70732975400517,43.19446596556584
2,91,34.53795088223333,-120.52576706452736,21.581212621859276,29.55543316437262,191.10425815450188,43.755151179334895
2,92,34.53396146067783,-120.52217455065491,22.091010323313064,29.88797610152708,190.4941944158986,44.33390824153584
2,93,34.52984925530613,-120.51847121866264,22.60687112930883,30.208227036864045,189.87764512069847,44.93101483527432
2,94,34.52561219862593,-120.51465510144892,23.128786393234506,30.515978361833294,189.2551733430228,45.546764636944204
2,95,34.52124814561462,-120.51072665556217,23.65676039566286,30.811039920103354,188.62767260804463,46.18149238404049
2,96,34.516756072097714,-120.50668336830637,24.19096928058751,31.093540467326076,187.99567483525396,46.83547406133166
2,97,34.512133869982485,-120.50252289727379,24.73123563819844,31.363183019452908,187.3597151996716,47.50890841591936
2,98,34.50737951837268,-120.49824367128898,25.277721294468268,31.620055068318475,186.72043743600912,48.20216893505884
2,99,34.50249087619624,-120.49384615784592,25.830431496518663,31.864086541587294,186.07874210308037,48.91557384184224
2,100,34.497467877103304,-120.4893265386938,26.38938875545841,32.09542407109306,185.43501280556453,49.6492146165723
2,101,34.4923067655392,-120.48468418697298,26.954684231043792,32.31403155932177,184.78997531650344,50.403592248210664
2,102,34.487006177058866,-120.47991677629585,27.526198546321133,32.51987005942234,184.14417488377705,51.1788551570689
2,103,34.48156501598222,-120.47502423625028,28.104122306114995,32.713228804811315,183.4984219745864,51.975304767041884
2,104,34.47598030365739,-120.47000314775826,28.68842217023764,32.89409284598835,182.85308923638127,52.79327778039502
2,105,34.47025016255254,-120.46485306306667,29.279063281762415,33.06253578786589,182.20890901169219,53.633019477728844
2,106,34.46437309525049,-120.45957057120712,29.87612620915193,33.21878913749529,181.5662491984263,54.49479070808267
2,107,34.45834770833184,-120.45415616532,30.479675102040172,33.3630841106378,180.92591511807635,55.378843521450015
2,108,34.4521707245158,-120.44860699138074,31.089550371557475,33.495364107581416,180.2882987334241,56.285470646778
2,109,34.44584043693628,-120.44292096958765,31.70604489150923,33.61607616371465,179.6538726561937,57.21507164129844
2,110,34.43935566745945,-120.43709728569738,32.329012584785,33.72534025246226,179.0232265987852,58.16775220580482
2,110.5,34.43605410805871,-120.4341334136337,32.64306494355202,33.77582090092951,178.7094826162321,58.65296465064544
2,111,34.43271148336248,-120.43113167558667,32.95891838741116,33.82355804873694,178.39656079535268,59.144309421238674
2,112,34.42590129566311,-120.42501840254829,33.596144143031914,33.910956745476284,177.77393825336276,60.14565892359681
2,113,34.418923360293945,-120.4187550270525,34.240815226436595,33.98785854419138,177.1557617098506,61.17212451219576
2,114,34.4117746818724,-120.41234098106024,34.893084459750916,34.05454425217552,176.54261230460054,62.22415292078579
2,115,34.404454952614245,-120.40577345027802,35.55302168873325,34.11138819113585,175.93479215637058,63.3019036982439
2,116,34.396961180448045,-120.39905187680979,36.22078059371002,34.158683727766885,175.33282514357222,64.40581860128147
2,117,34.38929119093467,-120.39217329561883,36.89655949202087,34.196798717052026,174.73696150986734,65.53630090537874
2,118,34.38144338154881,-120.38513638892152,37.58028717386257,34.22594580488957,174.14758374736823,66.69353841655933
2,119,34.37341506899778,-120.37794006849329,38.2722464236971,34.246537602955364,173.5650777569665,67.87801351649743
2,120,34.36520495709264,-120.37058248052577,38.972494629477154,34.25889665230588,172.98971114160372,69.08995765080903
2,121,34.35681013868844,-120.36306068463689,39.68117566718068,34.263314248422446,172.42164819283903,70.32980808663032
2,122,34.34822788937777,-120.35537322581813,40.39840451532602,34.26007970806153,171.861166892219,71.59795479463293
2,123,34.33945696611002,-120.347518655329,41.12440953672212,34.24962951696557,171.30849655278723,72.89471484951162
2,124,34.330495339939155,-120.33949514441778,41.85919379325863,34.23220554968061,170.763817794161,74.22035134465884
2,125,34.32133967579059,-120.33129923516947,42.60297475568485,34.20811181290443,170.22717401606496,75.57538730055131
2,126,34.31198817819313,-120.32293097625949,43.35589651054051,34.17769755782175,169.6988594149202,76.96011995448376
2,127,34.302438207533214,-120.31438653854026,44.11806481013633,34.141217002620515,169.17883730159338,78.37495006618627
2,128,34.29268636235173,-120.30566489554563,44.88971121200081,34.09898092032462,168.66729877146406,79.82038076776685
2,129,34.282731618028166,-120.29676332329913,45.670856549330054,34.05126310386804,168.16423507129696,81.29660395681728
2,130,34.272570092857364,-120.28767987949966,46.46163569131028,33.99827946505509,167.6697370618325,82.80412261738174
2,131,34.262200431413895,-120.27841208695958,47.26248086931743,33.94051286839088,167.18379021932174,84.34338793199323
2,131.5,34.25693634120453,-120.27370886572811,47.66664263587445,33.90985796363934,166.9440732180367,85.12503086462148
2,132,34.251618272952975,-120.26895709089376,48.07343048481084,33.87808057445166,166.70639926860724,85.91490561645386
2,133,34.240818926736935,-120.25931227848665,48.894933925727386,33.81131436533804,166.2375851966466,87.51943893826132
2,134,34.22980298986542,-120.24947605589402,49.72692914611567,33.74047829061038,165.77731980851172,89.15696913000588
2,135,34.21857011819087,-120.23944815314422,50.56950929997675,33.66588244642209,165.32566524939455,90.82762340529777
2,136,34.20711984549672,-120.22923031994341,51.422610537186266,33.58775657707249,164.88279624898996,92.53140786331127
2,137,34.195452031584196,-120.2188209774492,52.28611598130502,33.50628174196145,164.44862978275307,94.26833028811417
2,138,34.183566083316855,-120.2082208004514,53.160161844395105,33.421760998833065,164.0232231908219,96.03853356713206
2,139,34.171463704177114,-120.19743116225715,54.044684830071404,33.334473585770354,163.60660344369217,97.84182410863085
2,140,34.15914333000118,-120.18645088675645,54.93962637200393,33.24455358597001,163.19868723728177,99.67835351282864
2,141,34.14660505839286,-120.17528027381564,55.84501088713668,33.15223855036259,162.79943329122648,101.5481378680937
2,142,34.13384868216927,-120.16392016772758,56.76073553706985,33.05769046337899,162.40882254783014,103.45113416361156
2,143,34.12087534697869,-120.15237033665099,57.68700935279205,32.961240180747005,162.02672696246327,105.38737389482763
2,144,34.10768387179502,-120.14062977559549,58.62353497947939,32.86289348743309,161.65301616149918,107.35683222159021
2,145,34.094273855141175,-120.12870065930825,59.570421757482926,32.762887994092836,161.28771178787292,109.3595619705308
2,146,34.080646698258825,-120.11658184185075,60.5278384233024,32.6615000389145,160.93059793537964,111.39556629681525
2,147,34.066800719880966,-120.10427418836467,61.495572231474334,32.55875362165093,160.58163043670868,113.46486080190228
2,147.2,34.06400580976607,-120.10179041159789,61.69036370280757,32.53807726458018,160.5128123120843,113.88265973074965
2,147.4,34.06120343866794,-120.0992993214432,61.88536312803254,32.51730743690585,160.44429737846963,114.30155782893083
2,147.6,34.05839588269289,-120.09680439021854,62.080550771096725,32.49653275423289,160.37621471104512,114.72125317805461
2,147.8,34.05558561219697,-120.09430777077816,62.2756960329283,32.475747161037326,160.308617903592,115.14134455247076
2,148,34.0527713985692,-120.09180853558163,62.470645446017386,32.45484457023225,160.241481466418,115.5618798680474
2,148.2,34.04995589321424,-120.08930722295285,62.66549538968038,32.43394670214584,160.17477063923343,115.98266282712358
2,148.4,34.04713878876539,-120.0868043709175,62.86011822773982,32.41299712660739,160.10851536443624,116.40363597412627
2,148.6,34.04431983444693,-120.08430090757322,63.05455554097705,32.39201469072711,160.04276376836128,116.82481890836179
2,148.8,34.04150063458049,-120.08179790795924,63.24871994361374,32.371018647120565,159.97752999362797,117.24599274680399
2,149,34.038680699586315,-120.07929444381688,63.44251393049769,32.34994820315024,159.91277225566466,117.66717101329668
2,149.2,34.034450363749244,-120.07512129426857,63.732554495316,32.31471676538445,159.7955839495387,118.31003033845748
2,149.4,34.03163061156044,-120.07261815883136,63.925533656343816,32.29358212391313,159.73211051869976,118.73109452236176
2,149.6,34.02881061206587,-120.07011548536896,64.11823992583342,32.272436863773706,159.6691300074317,119.15214488747876
2,149.8,34.02599073988903,-120.06761341992926,64.31043237376213,32.251196140136436,159.6066361323833,119.57301218743129
2,150,34.02317061952678,-120.0651118154548,64.50235192983226,32.22994627841165,159.5446245211292,119.9938637285335
2,150.2,34.02035093292399,-120.06261028083907,64.69388534187526,32.208657751115176,159.48305590309565,120.41458734340331
2,150.4,34.01753142943809,-120.06010974318211,64.88507412358932,32.18734876573854,159.4219762624117,120.83520162010504
2,150.6,34.01471167656696,-120.05760966509185,65.07599000743218,32.16603215025869,159.3613635068192,121.25579727162712
2,150.8,34.011891616321606,-120.05510965534427,65.26646379743424,32.144636584852606,159.30119494713222,121.67629723447799
2,151,34.009072727542076,-120.05260971343131,65.45660736578517,32.12324674425106,159.24143373198785,122.09663115568719
2,151.2,34.00625328035907,-120.05011076631548,65.64635035029427,32.1017968880234,159.18215754609957,122.51688695557839
2,151.4,34.00343383196586,-120.04761134946632,65.83577892688382,32.08032421075714,159.1232789769192,122.93710177756198
2,151.6,34.00061456399677,-120.04511292640909,66.02486284778733,32.05883440520232,159.064859833613,123.35720195260721
2,151.8,33.997795476026425,-120.04261549653329,66.21360210290459,32.03732791830108,159.00689518271247,123.77718654208795
2,152,33.99497681735826,-120.04011813189625,66.4019551775502,32.01578788266082,158.9493308105159,124.19703602118516
2,153,33.98088239894658,-120.02763647149749,67.33846683266201,31.907649845402798,158.66772380109558,126.29507143609922
2,154,33.966790336465344,-120.01516613256275,68.26616761838925,31.798937808397515,158.39612284907594,128.39053797062058
2,155,33.95270107047941,-120.00270519780857,69.18497417592258,31.68966989639102,158.13392923294953,130.48331695625203
2,156,33.938612873462596,-119.99025492329119,70.09498512539454,31.579899758762746,157.88076844098396,132.57349487821082
2,157,33.9245263679976,-119.97781485474123,70.99608686184324,31.469642153313995,157.63616752790153,134.66089301476435
2,157.2,33.92170922981506,-119.97532823983317,71.17525824231002,31.4475434843235,157.58824618904498,135.07804192220726
2,157.4,33.91889207661261,-119.97284114235448,71.35411524210777,31.42543315016209,157.54061106458585,135.49513254801334
2,157.6,33.91607435053708,-119.97035502262761,71.53257163789588,31.403279326435282,157.4933334294251,135.91212374829988
2,157.8,33.913256177646915,-119.96786788541142,71.71078555845655,31.381125759410025,157.4463223983687,136.32914807389236
2,158,33.9104375575822,-119.9653797306402,71.88875702427235,31.358972580231377,157.39957552962096,136.74620523862464
2,158.2,33.90761793260768,-119.96289201853786,72.0663998190295,31.336788228379355,157.3531636908566,137.16325392023361
2,158.4,33.90479668911433,-119.96040275461446,72.24381632067822,31.314579268154603,157.30701264835216,137.58046217498463
2,158.6,33.90197517991997,-119.95791393295194,72.42095997880865,31.2923765796342,157.26117566780863,137.99762593340247
2,158.8,33.89915205162071,-119.95542355941576,72.5978774060784,31.270149893370935,157.21559457275998,138.41494864573522
2,159,33.89632773463912,-119.95293216786342,72.77449672951084,31.247888497582778,157.17028050296608,138.8323378563973
2,159.2,33.89350272031122,-119.9504406843585,72.95091518861427,31.225645192124023,157.1252593724471,139.24977370814585
2,159.4,33.89067608601444,-119.94794764907779,73.12710752457102,31.20337886944876,157.0804872321446,139.66736773412788
2,159.6,33.88784783147138,-119.94545306217206,73.30307378280442,31.181089914922584,157.0359620060492,140.08511975460993
2,159.8,33.88501912684692,-119.94295745720828,73.47879782649689,31.158803511610817,156.9916794099213,140.50290201051897
2,160,33.882188061487135,-119.9404603007754,73.65424011812732,31.13645933206509,156.94765478892327,140.92087717800888
2,160.2,33.87935586693395,-119.93796251899096,73.82955363750271,31.114145279861944,156.90389850283577,141.3389897284363
2,160.4,33.87652248152595,-119.93546371917178,74.00456929337885,31.091798877365104,156.86039351622185,141.7571670939275
2,160.6,33.87368747444733,-119.93296336812382,74.17935907059257,31.06943148281478,156.81712490936206,142.1755014171901
2,160.8,33.87085115490854,-119.9304609329426,74.35405070309154,31.047089607972257,156.77406289196256,142.5940495160676
2,161,33.86801364358996,-119.92795747995848,74.52844458805677,31.024716281695188,156.7312462041175,143.01266192242116
2,161.2,33.865173769865414,-119.92545247619422,74.70255699896067,31.002287761605565,156.68867528657802,143.4314661966144
2,161.4,33.862332765594765,-119.92294684757219,74.87654085589014,30.979890358989415,156.64636006373655,143.85040623410916
2,161.6,33.85948995569918,-119.92043820989875,75.05032960313652,30.957468433762898,156.60421714778954,144.26957996609164
2,161.8,33.8566464451139,-119.91792948043762,75.22391789916716,30.935066935333694,156.5623385640406,144.68879664235376
2,162,33.85380081861573,-119.9154182750514,75.39718349187262,30.912596008416404,156.52065641491015,145.1081899519979
2,163,33.83954888218425,-119.90284004133142,76.26093363194633,30.80025563966846,156.31556161455478,147.20783261918086
2,164,33.82525731111329,-119.89021909927946,77.1194237073427,30.687594802740044,156.11561330866198,149.3115882873158
2,165,33.810927431378325,-119.87755440955841,77.97297062297444,30.574764475315718,155.92054561979262,151.41952418301742
2,166,33.79655840558415,-119.86484560409127,78.82135552264563,30.461697953817314,155.7301735286975,153.53159666809185
2,167,33.78215241813691,-119.85208993330463,79.66457144705765,30.348439926070814,155.54417587652142,155.64768915725733
2,168,33.76770943200845,-119.83928742356807,80.50262432295922,30.23501273472215,155.36239054061218,157.76779923423294
2,169,33.75323064211732,-119.82643625198733,81.33549295298941,30.121438819338465,155.18457427734143,159.89186543363172
2,170,33.73871625562947,-119.8135355211969,82.16314195456542,30.00772249106832,155.0105470717399,162.01987767048655
2,171,33.724168204587784,-119.80058341005183,82.98560570806265,29.893913236128782,154.84007351903938,164.15174438571532
2,172,33.70958595334893,-119.78757902260003,83.80279335207213,29.779982122160664,154.67300714024873,166.28749671634228
2,173,33.694971859397064,-119.7745210680016,84.61466706838551,29.665965390956924,154.50914177747495,168.42695586258108
2,174,33.6803251389644,-119.76140957437106,85.42117736475822,29.551847518185937,154.34838200744707,170.57016851510718
2,175,33.66564827518048,-119.74824127081621,86.22244496372808,29.43769567162971,154.19047052098745,172.71709805655323
2,176,33.65094133846878,-119.73501724257667,87.0182759209061,29.32347289340931,154.03534488386413,174.86760977130336
2,177,33.63620551132336,-119.72173567077145,87.80864906167984,29.209190862368107,153.88283385031468,177.02166213501314
2,178,33.62144154680489,-119.70839421073933,88.5936155530922,29.094869579821697,153.7327656234619,179.17930864456346
2,179,33.60665025119977,-119.6949939455983,89.37303679019213,28.98049938787772,153.5850802747632,181.3403827585974
2,180,33.59183335911178,-119.68153160844648,90.1469780362025,28.866112001421943,153.4395726969143,183.5048954415402
2,181,33.57699143027956,-119.66800920346678,90.91534177911002,28.751709413030706,153.29622439164768,185.67269154921468
2,182,33.562124045237624,-119.65442386201426,91.67819628804084,28.63729089370543,153.15489122691065,187.8439601856805
2,183,33.54723090887145,-119.64077653663868,92.43558889640495,28.522876402619907,153.0155444445079,190.01873204874892
2,184,33.532312153484064,-119.62706870364515,93.18749446322956,28.40847600583692,152.878163874106,192.19694448830535
2,185,33.51736581940861,-119.61329986650583,93.93388107021153,28.294054644124735,152.7427096808824,194.37878616473515
2,186,33.50239322462065,-119.5994690061631,94.6750655782409,28.17971160577621,152.60907451016988,196.56435185005722
2,187,33.487392948617156,-119.58557720004461,95.41074363262486,28.065359769330612,152.47725863355936,198.75359081057871
2,188,33.47236501250842,-119.57162487502093,96.14109041459766,27.951051222373263,152.3472207331772,200.9465871317609
2,189,33.45730777275957,-119.55761101435749,96.86620224501472,27.83678493489698,152.2189098006936,203.14358497795106
2,190,33.442222771604534,-119.5435366933378,97.5859955794625,27.72257217425338,152.0922805860813,205.3443837873909
2,191,33.42559929734538,-119.52757196467677,98.37163871902507,27.594603271995155,151.94409124698768,207.7852589035215
2,192,33.41045483127175,-119.51337352022448,99.08047263316159,27.480587933826147,151.8210668343047,209.99426441053635
2,193,33.395280188710124,-119.49911405935147,99.78421190665848,27.36665393938863,151.69960359757607,212.2074573097585
2,194,33.38007457876744,-119.48479361268048,100.48280819871184,27.252783027026876,151.57967287741002,214.42489752118155
2,195,33.36483710151943,-119.47041116989462,101.17641370484885,27.138997020876978,151.46122307586234,216.64679166077593
2,196,33.34956807744921,-119.45596964502022,101.86497204727215,27.02530639527357,151.34428191555116,218.87298650482677
2,197,33.33426642333184,-119.44146658789387,102.54866719276086,26.911728794910783,151.22876722324628,221.10377510128944
2,198,33.31893177378662,-119.42690255070487,103.2273784571588,26.798237931903984,151.1146612982293,223.33912522912976
2,199,33.303563601120764,-119.4122794058411,103.90119498085883,26.684860710092572,151.0019806217166,225.57906640024407
2,200,33.28816241358272,-119.39759574531041,104.57021045604256,26.571618581674738,150.89064836437274,227.82366877222938
2,201,33.27272551422345,-119.38285108310825,105.23434022247699,26.458460696559186,150.78066007119077,230.07316182915204
2,202,33.25725545002507,-119.36804832776778,105.89369244508539,26.34545855957984,150.67201116700937,232.32727251476496
2,203,33.24174957745789,-119.35318463476872,106.54817346417997,26.232548159109,150.56464318150483,234.58631582555725
2,204,33.22620909305451,-119.33826095666454,107.19794128793944,26.11978465185579,150.45852890854349,236.85023786389593
2,205,33.21063386824577,-119.32327692266912,107.84283451375086,26.007131876547373,150.35363182910328,239.11900399117067
2,206,33.195022027630415,-119.30823245128052,108.48299264520593,25.894600718582808,150.24994830703378,241.39286115850533
2,207,33.179375348386635,-119.29312768784914,109.11829102458432,25.78218720624141,150.14742740886845,243.67160524119035
2,208,33.163693171930696,-119.27796071330486,109.74884215551894,25.669900048963893,150.04601034507425,245.95543985433284
2,209,33.14797465541976,-119.26273391459833,110.37460778457206,25.55773641852674,149.9457342886323,248.24433791179322
2,210,33.13221882156111,-119.24744588960034,110.99557297459897,25.445678354079377,149.84655739392315,250.53845078327913
2,211,33.11642752729023,-119.23209718551014,111.61178168009967,25.333758830560686,149.74844028430982,252.83762912221636
2,212,33.10059913566984,-119.21668680622811,112.22333311218675,25.221977930552914,149.65136141265134,255.1421177493629
2,213,33.08473393510625,-119.2012148938256,112.82999336732459,25.110294492903364,149.55529675874993,257.45179436198754
2,214,33.068830794336954,-119.18568137242434,113.43195746504888,24.998738066915074,149.46023800698924,259.76686528733313
2,215,33.0528910629918,-119.17008586978662,114.0291738754809,24.88731185791041,149.36613763936316,262.08722043764834
2,216,33.03691254789508,-119.15442882457597,114.62165550710262,24.776001257820827,149.27301320802388,264.41305412296566
2,217,33.02089734002527,-119.1387098637266,115.20940538515896,24.664827081196552,149.18080867578811,266.7442164243893
2,218,33.004843481107166,-119.1229285080218,115.7923957818523,24.553765199740795,149.08952138601796,269.0809019578888
2,219,32.98875049814723,-119.10708427967667,116.37070818157588,24.442826822732282,148.99912935302643,271.42322472977594
2,220,32.9726199245762,-119.09117823458122,116.94425869372488,24.332016933339567,148.9096139869124,273.7709837980451
2,221,32.95644970240006,-119.07520887359087,117.5132210388584,24.22134449909346,148.82095597612602,276.1245162051836
2,222,32.94024029958666,-119.05917776190249,118.0773292053761,24.110773233769272,148.73316091780396,278.4836112359443
2,223,32.92399188710008,-119.04308340247633,118.63692037373502,24.00036232075814,148.64618170036988,280.8484834233624
2,224,32.90770325840397,-119.02692593117762,119.19165243840591,23.89004088025691,148.56001995039856,283.21909720029146
2,225,32.89137616857758,-119.01070487211938,119.74177032087744,23.779868807175475,148.4746288112375,285.59544370212785
2,226,32.8750076818459,-118.9944206682122,120.28723381327093,23.669817374005515,148.390038021411,287.9777579539595
2,227,32.85859914130343,-118.97807294489871,120.82799174045306,23.55988924944756,148.30620868095787,290.36593244944095
2,228,32.84215026064554,-118.9616626530154,121.36409346044809,23.45009673308347,148.2231462985161,292.75998740285905
2,229,32.82566061130807,-118.94518697738883,121.89561337258388,23.340439367821205,148.14079276184452,295.1601324784605
2,230,32.8091297709459,-118.92864880160897,122.4224404172711,23.23090808746277,148.05918945231906,297.5662444996092
2,231,32.79255731001692,-118.91204531225301,122.94464928982127,23.12150283061839,147.97827964460032,299.9785338782197
2,232,32.775943780828754,-118.89537847393072,123.46214247107227,23.012221139807384,147.8980770070097,302.3968387536078
2,233,32.759287871011146,-118.87864680299744,123.97514978920017,22.903087935127534,147.81855945496687,304.8214540004252
2,234,32.74258962057713,-118.86185134638846,124.48347901233473,22.794076747876893,147.7397313538898,307.2522624924975
2,235,32.72584994879786,-118.8449912216949,124.98715275141411,22.685196865106867,147.6615548618081,309.6892488531378
2,236,32.709066988008,-118.82806637078406,125.48631410912239,22.576459684668375,147.5840393179824,312.1326550647438
2,237,32.6922415621796,-118.81107550130663,125.98081758924108,22.467843898085512,147.50714262416307,314.5824217046743
2,238,32.67537241035864,-118.79402048113488,126.470699694762,22.359355489818427,147.43089835274418,317.0386053205159
2,239,32.6584605470741,-118.77690084194305,126.9561515727546,22.25103307656953,147.35527590208432,319.501233747551
2,240,32.64150414288571,-118.75971478764356,127.43693977240473,22.142820150915796,147.28025730395905,321.9704664384584
2,241,32.62450481781651,-118.74246377286882,127.91314851543586,22.034749454743714,147.2058364201432,324.446146038615
2,242,32.60746019039038,-118.72514682853443,128.3848272737833,21.926810248520088,147.1320150213288,326.92856099650857
2,243,32.59037211064726,-118.70776449327778,128.85201972550246,21.81902608183353,147.05877042278735,329.41755795557316
2,244,32.573238843228935,-118.69031538611705,129.31466132061837,21.71137124249966,146.98609143317157,331.9133408349073
2,245,32.55606029108193,-118.67280187608138,129.77276896044518,21.60385818980491,146.9140052153249,334.41583050241104
2,246,32.53883666377319,-118.6552207517399,130.22630518191494,21.496472654582572,146.84245184775398,336.92515736077195
2,247,32.52156819189004,-118.63757388113797,130.67541466009337,21.38924699131284,146.77144770909644,339.4412886594316
2,248,32.504253555097755,-118.61986038557733,131.11995948896185,21.282149621151476,146.70098533636315,341.96433939405944
2,249,32.486892050591024,-118.6020807180305,131.56006430635043,21.175198500630554,146.63107010606183,344.49441537116826
2,250,32.46948523591525,-118.58423358449362,131.9956382542802,21.068386923323974,146.56165792398144,347.03141907396025
2,251,32.452031019849656,-118.56631985551905,132.42686684351415,20.96173418399952,146.4927755448776,349.57558205685086
2,252,32.43452988400898,-118.54833873546607,132.85347792578767,20.855201351248162,146.4243982200179,352.126804878683
2,253,32.416981644799336,-118.53029159342915,133.27569039341995,20.748826384470892,146.35653911091555,354.68514140581357
2,254,32.39938627933815,-118.51217614008787,133.69350826197117,20.64260339750869,146.28915852127227,357.25071794220423
2,255,32.38174275609059,-118.49399332917041,134.10692890949082,20.53653038645803,146.2222729924644,359.823592842902
2,256,32.36405165611454,-118.47574278077342,134.51584853332676,20.43059598039196,146.15586370316032,362.4037065929948
2,257,32.3463115316418,-118.45742495133027,134.92033888494876,20.324805170630526,146.08994442924768,364.99120691065775
2,258,32.32852287787883,-118.43903846950359,135.3204983812794,20.219172169272337,146.02448421671272,367.58616904470796
2,259,32.310685824506024,-118.42058478451231,135.71630388792138,20.11370037104727,145.9594941878501,370.18851700200855
2,260,32.29279885204866,-118.40206161147624,136.10765337802283,20.00836068460164,145.8949523822958,372.79846773332025
2,261,32.27486335731925,-118.38347131299439,136.49467090899685,19.903187691965474,145.8308691799429,375.41584777194953
2,262,32.25687643435082,-118.36481202580805,136.8773159817569,19.798154852890487,145.76724241441025,378.0409993023681
2,263,32.2388406753897,-118.34608428395542,137.25568565230725,19.693293317866456,145.7040466123011,380.6737210643828
2,264,32.22075377843718,-118.32728812695528,137.62963114799746,19.588571132161945,145.64129862870277,383.3141687279584
2,265,32.20261698316831,-118.30842218791491,137.99930488782655,19.48401343272655,145.57896244895176,385.96237276364786
2,266,32.18442828725485,-118.28948833559883,138.36469204529283,19.379614304307957,145.51707519533431,388.61842503751666
2,267,32.16618882069768,-118.2704847826329,138.72577725873793,19.275373636599973,145.45559704395293,391.2823213287887
2,268,32.14789735910651,-118.25141107871683,139.08259355069697,19.171289441715533,145.3945283954211,393.9542169643135
2,269,32.12955403030981,-118.23226867015654,139.43511823272053,19.067364951418373,145.3338800564277,396.63403447718133
2,270,32.111158992509566,-118.21305668368166,139.78332303322665,18.96359593579077,145.27363385489122,399.3218053892517
2,271,32.092710607322516,-118.19377418034772,140.12731602507364,18.85998702082393,145.21378822769896,402.01777337917997
2,272,32.07420975002619,-118.17442260608,140.46712778871878,18.75655203938329,145.1543467854633,404.72181475569687
2,273,32.05565541728847,-118.15500060005185,140.80275197576546,18.653282327563023,145.09529695339205,407.434094886047
2,274,32.03704720937505,-118.13550869367646,141.13407304461765,18.550163628012328,145.0366433218378,410.154592130775
2,275,32.018385396135464,-118.11594644056055,141.46123109867332,18.447215499214877,144.97837266310256,412.8833699552807
2,276,31.999670132737776,-118.09631297029136,141.78419855101967,18.34443379851605,144.9204681726717,415.6204604628812
2,277,31.98090016520984,-118.07661015231449,142.10301473382117,18.241823809546524,144.86295797201984,418.36590713067346
2,278,31.96207429539753,-118.05683522951053,142.41770911954063,18.13937720960757,144.8058157502723,421.11997575609246
2,279,31.943194558470765,-118.03699013303384,142.72829050269908,18.03711099782758,144.7490403336733,423.88240690326995
2,280,31.924258450242704,-118.01707350672021,143.03464784572645,17.934996974279443,144.69263378974392,426.6534594378427
2,281,31.905267181858672,-117.99708630768792,143.3369396872064,17.83306430931234,144.63659117101793,429.4330491574772
2,282,31.886219745519607,-117.97702718201467,143.6351611690987,17.731305131933592,144.58090138860052,432.2213425029867
2,283,31.86711626719172,-117.95689757244054,143.92929017691128,17.629722030256787,144.52557465922933,435.0182593402192
2,284,31.847954577673605,-117.93669564192803,144.21934446701965,17.528303794211933,144.47060484874805,437.82410061147556
2,285,31.828736518577195,-117.9164219207427,144.50536788706947,17.427066343724885,144.41597705954166,440.6387056216322
2,286,31.809461272943587,-117.89607645418423,144.78732096538226,17.3260023103523,144.36169436202545,443.4621409274627
2,287,31.79012795134841,-117.8756583220972,145.06536734716875,17.225126176569013,144.30774996786892,446.29460099143915
2,288,31.7707365576311,-117.8551685369364,145.3393176541617,17.124418625646356,144.25415027820748,449.13597763432654
2,289,31.75128661249087,-117.83460666210344,145.6092606449565,17.023888131613365,144.20089020006583,451.9863778486257
2,290,31.731777637068756,-117.81397226276985,145.87528525024467,16.923543023751904,144.1479647675087,454.84590819409556
2,291,31.712209029015266,-117.7932644744042,146.13731308593975,16.823370301512565,144.09536566857696,457.71464905070826
2,292,31.692581036925173,-117.77248516971977,146.39549002833107,16.723393477096252,144.04310610547964,460.59254443922805
2,293,31.672892307825997,-117.75163348410558,146.6496853317935,16.623590426549054,143.99118392287153,463.47972188760536
2,294,31.653141612031007,-117.7307089858342,146.89993604835124,16.52396047149606,143.93960044418452,466.3763348964711
2,295,31.63332844960886,-117.70971354847029,147.14633577553278,16.424517777393614,143.88837439808162,469.2823732638289
2,296,31.613452625214272,-117.68864678740194,147.3887314715423,16.325243991534062,143.83749869604117,472.1978308359346
2,297,31.593513250457715,-117.66750779390003,147.62728847979383,16.226153354283692,143.78696676146978,475.1228995680525
2,298,31.573508325589774,-117.64629844243773,147.86199585190602,16.1272421205032,143.7368088346015,478.0576631663634
2,299,31.553439368931514,-117.6250174364361,148.09276621392834,16.028504222991113,143.68699482216914,481.00203547530015
2,300,31.533302598325612,-117.60366660710523,148.3197270253664,15.929944781665277,143.6375682730141,483.95630541937487
2,301,31.513100690608084,-117.58224513476836,148.54276790242363,15.831560636151565,143.588494622221,486.92025260467074
2,302,31.492829670044024,-117.56075346431963,148.76205277618206,15.733357139677398,143.53980474207583,489.89426669185906
2,303,31.47249049598646,-117.53919168765256,148.97740641202964,15.635319744807724,143.4914867033781,492.87820829196306
2,304,31.45208172513872,-117.5175602917352,149.18890708292557,15.53745396566671,143.44355129869416,495.8722135337253
2,305,31.431603074725455,-117.495860239736,149.3966097478932,15.439767878499342,143.39600455461328,498.87628342503143
2,306,31.411053315304773,-117.47409110896982,149.6005535734538,15.34226134889397,143.3488465167992,501.8905689978691
2,307,31.390431624605274,-117.45225295223214,149.8007022831263,15.244928657165014,143.30207854604623,504.9151353682024
2,308,31.36973758666782,-117.43034629547716,149.99694400088117,15.147758583896204,143.25570324196661,507.94996211470664
2,309,31.348969893709832,-117.40837206789752,150.18952500369494,15.050775849704284,143.20973357547302,510.9952039977659
2,310,31.328127799349275,-117.38632897280085,150.37820302364136,14.9539505213519,143.16415749057757,514.0509225052705
2,311,31.307210945758033,-117.36421932569564,150.5632401448423,14.857314891010825,143.11899324843336,517.1171199916449
2,312,31.28621858446857,-117.34204182909944,150.74439439852165,14.760839349781788,143.0742287539997,520.1938585817326
2,313,31.265150373496148,-117.31979650573159,150.92192538679205,14.664550918070614,143.029861061977,523.2812590694708
2,314,31.2440061046988,-117.29748297028846,151.09568274194282,14.568433419805938,142.98588261743305,526.3793181521501
2,315,31.222785496192355,-117.27510218846756,151.26572246280034,14.472494604870718,142.94229855636792,529.4880342545243
2,316,31.20148773476651,-117.25265192290817,151.43200726086275,14.376724512969739,142.89908942042626,532.6075929510565
2,317,31.180112746580853,-117.23013222973746,151.59455433162955,14.281125805313161,142.8562509779362,535.7380104966014
2,318,31.158660249191858,-117.20754407625573,151.75342006270589,14.18570612275076,142.81378850084297,538.8792849485959
2,319,31.137130169219805,-117.18488751858798,151.90862171899622,14.090467885141845,142.77169768756926,542.0314318785562
2,320,31.115520935432677,-117.16216032342865,152.06007128349412,13.995393978132656,142.72996526730282,545.1946876384687
2,321,31.093833565423832,-117.13936437069326,152.20796798677742,13.900511882770253,142.6885951124783,548.3689321028868
2,322,31.072066891276286,-117.1164978962625,152.35214808951318,13.805799168862375,142.64757536352738,551.5543172025898
2,323,31.05022083660972,-117.09356095822517,152.49262954831963,13.711258419258847,142.6069021686264,554.7508590832393
2,324,31.028294713940777,-117.07055406008217,152.62954568997958,13.616902403894423,142.56657972716863,557.9586393564971
2,325,31.00628789930585,-117.04747635057419,152.76282415672392,13.522721372201136,142.52660035771578,561.1777424001957
2,326,30.98420052178791,-117.02432697868426,152.89244436028042,13.428712982453826,142.48695133793268,564.4082031351038
2,327,30.962033052878937,-117.001106915117,153.0185151813673,13.3348916140573,142.4476328680537,567.6499680031379
2,328,30.939783149481443,-116.97781621979752,153.1409007870378,13.241238276274087,142.4086568465611,570.9032033254881
2,329,30.917451642624624,-116.95445311588371,153.2598367723273,13.14777542688161,142.3699983785291,574.168011824544
2,330,30.895037954446515,-116.93101768110259,153.37504748948385,13.054476057359832,142.33165763081695,577.444361351567
2,331,30.8725415451058,-116.90751087280388,153.48683407488932,12.961369547718107,142.2936415489516,580.7323458733848
2,332,30.849962392227457,-116.88393139472943,153.59501013765484,12.868436607639882,142.25593541184378,584.0319868629989
2,333,30.827300012602645,-116.86027884780653,153.69967159521673,12.77568487798417,142.21853499890915,587.3433839467334
2,334,30.804552813158594,-116.83655329566443,153.80073551358188,12.683103106367117,142.181447145944,590.6666542927796
2,335,30.781722022331852,-116.81275571246235,153.8983627689723,12.590711794576023,142.14466710442366,594.0016914970253
2,336,30.758806807589938,-116.78888388147169,153.99252104084474,12.4985024664728,142.10817876771875,597.3486858814005
2,337,30.735805573384756,-116.7649378682172,154.083128105212,12.40646412080798,142.07198904220724,600.7077550700019
2,338,30.712720152691944,-116.74091819698786,154.1702296077907,12.314607240531682,142.03608601097318,604.0787291239835
2,339,30.68954754182234,-116.71682446782889,154.2540126190884,12.222940786001484,142.00048201322267,607.4619549551395
2,340,30.666289065154672,-116.69265721220363,154.3342285312703,12.13144712416624,141.9651684949323,610.8572185577096
2,341,30.642944595897355,-116.66841330265896,154.41110214504414,12.040141554734625,141.93011858647992,614.264775751411
2,342,30.619511574240246,-116.64409599567247,154.48454035852944,11.949014999820534,141.89536945912897,617.6846494683599
2,343,30.595991634536244,-116.61970217224214,154.55462714081165,11.85807451208824,141.86088330204063,621.1168985793837
2,344,30.572383375678324,-116.59523326765559,154.62124343412836,11.76730884249261,141.82667601409048,624.5615372025188
2,345,30.548686311703012,-116.57068889479643,154.68448749356716,11.676725333560839,141.7927439297781,628.0186635384819
2,346,30.52490071578446,-116.54606866869149,154.74450859058555,11.586337434570826,141.75907874867528,631.4883235056767
2,347,30.501025785241428,-116.52137129478663,154.80107267501393,11.496121222655763,141.72567230998447,634.9705963660914
2,348,30.47706083305998,-116.49659729955582,154.85431716798618,11.406088245190835,141.69252913733516,638.4655583840722
2,349,30.4530051741039,-116.47174721150138,154.90437962404266,11.316249820093429,141.6596536269497,641.9732848615877
2,350,30.428858958962028,-116.44681882677682,154.9510390715478,11.226584396234564,141.62702535325593,645.4938264115386
2,351,30.404621302422637,-116.42181358518431,154.9944718941739,11.137107495222928,141.59465659220962,649.0272362508972
2,352,30.38029231530822,-116.39673065052519,155.03466217913385,11.047817045244669,141.56253717691305,652.5735513447431
2,353,30.35587114949887,-116.37157009667982,155.07158199187367,10.958709151647922,141.53066928934606,656.1328387655948
2,354,30.331356754808724,-116.34633063735441,155.1052426762311,10.86978085490028,141.49904669203943,659.7052705245816
2,355,30.306750561553592,-116.32101234836908,155.13576834430825,10.781046087698572,141.4676581132282,663.2907565774302
2,356,30.28204960461472,-116.29561576588391,155.16314644915425,10.692498141870182,141.43652152557144,666.8895280465051
2,357,30.257255345794203,-116.2701395971433,155.18729697900451,10.604132043128136,141.4056159846849,670.5015108991407
2,358,30.232365578229896,-116.24458437969315,155.2082584684696,10.515947174145978,141.37495487244013,674.1268840956373
2,359,30.207381530872645,-116.21894883397951,155.22619478450716,10.427957976785518,141.34451897930228,677.7656615424391
2,360,30.182301792571092,-116.1932343968483,155.24098991273158,10.340154080385838,141.31432311178634,681.4178581869347
2,361,30.157125867825947,-116.16743843373717,155.25274688070175,10.252539288116665,141.28434901647307,685.0836983724595
2,362,30.13185369625448,-116.14156191926443,155.261284761033,10.165100446257233,141.25460055554078,688.7630867323037
2,363,30.106484560922695,-116.11560450421189,155.26694936936627,10.07786339765196,141.22507636546123,692.4562052772908
2,364,30.08101783365899,-116.08956625348574,155.26947176063155,9.990805533655045,141.1957773367791,696.1630353156578
2,365,30.055453389563045,-116.06344635829232,155.2690824894104,9.903943896115493,141.16669572912326,699.8837004922065
2,366,30.02978980436929,-116.03724399340943,155.26566863725802,9.817265620345461,141.13783108619344,703.6183453846725
2,366.2,30.02464507872159,-116.03199400543875,155.26454154148047,9.799945886863107,141.1320870522535,704.3669183937047
2,366.4,30.019496480547698,-116.02674049761518,155.26342737662793,9.782643876331356,141.12634958113864,705.1160914996202
2,366.6,30.014343642710728,-116.02148391490657,155.26219851630555,9.76534943423207,141.12062360760706,705.8658371024356
2,366.8,30.009187915968994,-116.0162237924916,155.26078938051873,9.74805953630774,141.11489855754428,706.6160450600656
2,367,30.004027185403718,-116.01096059638657,155.25921594018584,9.730771820740483,141.10918920990378,707.3668792066206
2,367.2,29.998862579689476,-116.005693883657,155.25765625915582,9.713501848345057,141.10348637363882,708.1183137453213
2,367.4,29.993694319980264,-116.0004236330269,155.25586690317746,9.696231059478118,141.09778866828162,708.8702645002968
2,367.6,29.98852257939171,-115.99515031081445,155.2540138689829,9.678973329464785,141.0920981563438,709.6227348672624
2,367.8,29.983345831856827,-115.98987391771882,155.2519973928677,9.661717870108777,141.08642325678943,710.375831903327
2,368,29.978165794844724,-115.98459354511144,155.2498796904115,9.644471749741996,141.08074854439417,711.1294730376522
2,368.2,29.97298092384212,-115.97931056925479,155.24776476957928,9.62724174810037,141.0750914627838,711.8837441327063
2,368.4,29.967792394603325,-115.97402405850495,155.24542120464332,9.610011042268484,141.06943944809893,712.6385321566979
2,368.6,29.962599810680345,-115.96873357037423,155.24292708647624,9.592784346541627,141.06379180728584,713.3939181764971
2,368.8,29.957403944402902,-115.96344136696874,155.24033054241352,9.575569813160685,141.05815890083562,714.1497191417579
2,369,29.952203626543863,-115.9581447447105,155.2376617483897,9.55836399207688,141.05252965536204,714.9061991666779
2,369.2,29.9469990591859,-115.9528450564971,155.23488096297066,9.541165947122282,141.046911677482,715.6632531191212
2,369.4,29.941790433910086,-115.94754139374461,155.23195048193912,9.52397198675141,141.04129803289476,716.4209055680399
2,369.6,29.93657832064098,-115.94223466645327,155.22895834577176,9.506791170165734,141.03569144549436,717.1790785503474
2,369.8,29.931361192494958,-115.9369248753256,155.22580494947638,9.489612849150888,141.03010025168737,717.9378794225305
2,370,29.92614097005811,-115.9316124632015,155.22251236363687,9.472443033073507,141.02451675493637,718.6971202617232
2,370.2,29.920916291342312,-115.92629563714144,155.2191488759499,9.455282032680472,141.0189368703136,719.4570408442229
2,370.4,29.91568735856481,-115.920975749367,155.21567466914283,9.438128902854212,141.01336814926913,720.2175360039921
2,370.6,29.910454170995326,-115.91565280058215,155.21208995499555,9.420983658402521,141.0078105679704,720.9786058388429
2,370.8,29.90521807799215,-115.91032632395505,155.20832895239164,9.403843281096181,141.00225376830542,721.740140676883
2,371,29.899977333737468,-115.90499634592346,155.2045358250225,9.386715459532063,140.9967074090016,722.5023310823045
2,371.2,29.8947315690211,-115.89966330900756,155.20058298053033,9.369590289439696,140.99117628735974,723.2651502253234
2,371.4,29.889482896333867,-115.89432674607184,155.19645446408262,9.352470040098385,140.9856459236645,724.028434777641
2,371.6,29.884230333710292,-115.88898668418213,155.19234431857524,9.335367648415362,140.98012181153712,724.7923213953223
2,371.8,29.878972748256206,-115.88364356553713,155.18807511231023,9.318267966834297,140.9746128776473,725.556837099422
2,372,29.873711094147577,-115.87829648163526,155.18365904448927,9.301172625063467,140.96910814865873,726.3219529697581
2,372.2,29.868446337302164,-115.87294678335776,155.17910596156585,9.284085912123292,140.96361096548856,727.0875100096206
2,372.4,29.863176924211892,-115.86759358939504,155.17452230210137,9.26701183739979,140.95812410562394,727.8537232327999
2,372.6,29.857903440018365,-115.86223643232654,155.16979243153148,9.249942152327408,140.952641426993,728.620536988697
2,372.8,29.852625692616606,-115.85687622206228,155.16495440487097,9.232880516596607,140.94716970693435,729.387926595737
2,373,29.847344075685715,-115.85151339983335,155.15993038036675,9.215822333637952,140.94170958245337,730.1558116658765
2,373.2,29.842057990661562,-115.84614617602197,155.15483886066824,9.198773216226252,140.93625294593602,730.9243781626516
2,373.4,29.83676840397921,-115.84077590115224,155.1496895905817,9.181737394996151,140.9308031125634,731.6934669177608
2,373.6,29.8314737871825,-115.83540257593347,155.1443832703028,9.164704481753887,140.92536826463902,732.4631858525195
2,373.8,29.826175858178974,-115.83002529192046,155.1389818135835,9.147681266395162,140.91993344213728,733.2334521551296
2,374,29.82087366138412,-115.82464495898977,155.13347349157092,9.130666184839301,140.91450947719977,734.0042949331413
2,375,29.794299777437733,-115.79769213072798,155.1041098270202,9.0456917262271,140.88751154517786,737.8673097100518
2,376,29.767622111110114,-115.77065503606082,155.07211052026506,8.960918748348863,140.86071537404064,741.7449512634834
2,377,29.74084037030727,-115.7435310409215,155.03734036752397,8.876333217962761,140.83410339920624,745.6373625730137
2,378,29.713953121454967,-115.71632296601983,154.99989087917655,8.791942567324044,140.80769792612728,749.5445356393097
2,379,29.68696044054205,-115.68902774067854,154.95975537729544,8.707742573038471,140.78147686876224,753.4666400187695
2,380,29.659861272919628,-115.66164636960694,154.9169504947737,8.623733585625025,140.75544923975474,757.4037181146446
2,381,29.632656472108312,-115.63417803975621,154.8715167144267,8.539918917928471,140.72960299386966,761.3557545208282
2,382,29.60534305976609,-115.60662332066478,154.82345052882843,8.456293478925755,140.70395431234886,765.3229801135574
2,383,29.57792265431589,-115.57898140149857,154.77284235320985,8.372865477856644,140.67848727365583,769.3053248081636
2,384,29.55039341800148,-115.551251037296,154.71966370715108,8.289627936071588,140.65320124415706,773.3030165674861
2,385,29.522755435904724,-115.52343280335297,154.66410965138954,8.206595317010994,140.62809664563588,777.3160672803608
2,386,29.49500823064981,-115.49552585111164,154.60587945425326,8.123744056261836,140.60316830777043,781.3444926982546
2,387,29.467149384144637,-115.46753079899361,154.5452647091653,8.04109120423779,140.57842946001227,785.3885467863674
2,387.2,29.461564562215788,-115.46192017507204,154.53284422288556,8.024583024750926,140.57349636976045,786.1992599183737
2,387.4,29.455975233773913,-115.45630746196635,154.5203695789883,8.00808719490718,140.56857934254765,787.0105298530596
2,387.6,29.450381956560516,-115.45068993412838,154.50772872601078,7.991593722681386,140.5636596201963,787.8224358032727
2,387.8,29.444783013404514,-115.44506988619659,154.49506364662014,7.975112273465654,140.55875916707572,788.6350329342538
2,388,29.43918127752734,-115.43944545753507,154.48220338558033,7.958633565209619,140.55385276775604,789.448132138162
2,388.2,29.43357387423368,-115.43381851047849,154.46931938585175,7.942166901132492,140.54896559072063,790.261922675372
2,388.4,29.427962127552853,-115.42818631988517,154.45634884705768,7.925707062343604,140.54407514041196,791.076428977466
2,388.6,29.422346260789666,-115.4225524769141,154.44324689598662,7.909255236211422,140.53920119590947,791.8914133368756
2,388.8,29.41672528162718,-115.41691339214206,154.43000979589763,7.892805562343597,140.53432778454697,792.707168750949
2,389,29.411100742890763,-115.41127131582054,154.41673215105013,7.8763697062197116,140.52946026726931,793.5234530657593
2,389.2,29.405470718757222,-115.40562581709236,154.40339465867078,7.859942644282959,140.5246056613829,794.3404555932387
2,389.4,29.399836551873047,-115.39997641981469,154.38993061785214,7.843521414993546,140.5197545341273,795.1580687832009
2,389.6,29.39419805589741,-115.39432403344401,154.37637763816585,7.827109327190774,140.51491305581123,795.9762661725839
2,389.8,29.388555415407396,-115.38866775002802,154.36269859048446,7.810703101064406,140.5100750421268,796.7950744590462
2,390,29.38290747154602,-115.38300713917863,154.34892338075397,7.794302447808499,140.50524371194513,797.614627972981
2,390.2,29.377255963615525,-115.37734354170836,154.3351090313988,7.7779156406666985,140.5004182117932,798.4347108462938
2,390.4,29.371599355880143,-115.3716769583593,154.32115765174757,7.761533354252387,140.49560608311987,799.2554334321615
2,390.6,29.365938394863,-115.36600514172507,154.30712261376158,7.745158074900933,140.49079068861397,800.076873089418
2,390.8,29.360272914883353,-115.36033124961098,154.29303743793258,7.72879527499223,140.48599100092343,800.8988708053276
2,391,29.354602517501966,-115.35465346542523,154.27877866828257,7.712433783148074,140.48119849753704,801.7215352804112
2,391.2,29.348927579239763,-115.34897135945965,154.264474363409,7.696082612834819,140.476408848809,802.5448904377165
2,391.4,29.343248304623376,-115.34328627181854,154.25008332685846,7.679740687085796,140.4716287240018,803.3688306360901
2,391.6,29.337564877594183,-115.33759729460462,154.23556848270354,7.663404759931781,140.46685199963855,804.1933827517354
2,391.8,29.33187690721105,-115.33190399845043,154.2210088758711,7.647079184969378,140.46207812095895,805.0186258308538
2,392,29.326183830139623,-115.32620772310551,154.20631429090352,7.630758272484637,140.45731748066288,805.844509495319
2,392.2,29.320486413473436,-115.32050846931598,154.19153395443038,7.614446649740028,140.45256630477184,806.6709785742951
2,392.4,29.31478445103131,-115.3148048994192,154.17670963550825,7.598145413287742,140.4478179450656,807.498138884262
2,392.6,29.309078331797075,-115.30909744419566,154.16176277802884,7.581850246924002,140.4430729548743,808.3259116640702
2,392.8,29.303367102452206,-115.30338701301784,154.1466819596924,7.565559810743232,140.43834112937498,809.1543254565805
2,393,29.297651324767383,-115.29767226858192,154.13155795258191,7.549279801768244,140.4336121039711,809.9834307852067
2,394,29.269003717129237,-115.26904453509182,154.05457591310795,7.467997645290105,140.41007151879023,814.1385784613742
2,395,29.240241290414296,-115.2403250629901,153.9753217785135,7.386909202954721,140.38669502148957,818.3098863947957
2,396,29.211363365793638,-115.21151444371073,153.89394423983433,7.306023599862794,140.36348678699215,822.4974185226158
2,397,29.18236827700212,-115.18261054571815,153.81038320106362,7.225331394908503,140.34044042494435,826.7014311583017
2,398,29.153255733904274,-115.1536143923037,153.72470919431933,7.14483743541443,140.31756061538096,830.9219093925547
2,399,29.12402560573856,-115.12452385567283,153.63696059115512,7.06454133350244,140.29483381135844,835.1589986690451
2,400,29.094676651337245,-115.09534086996146,153.5471967885876,6.984446521060537,140.27227418902106,839.4127118298038
2,401,29.065208150413437,-115.06606240269494,153.45537128388696,6.904545159952281,140.24986610301545,843.683277816858
2,402,29.03561963133072,-115.0366903904262,153.3615927446289,6.82484506387791,140.22762001575438,847.9706534025266
2,403,29.005910960589084,-115.00722271287601,153.2659011157239,6.7453458597786895,140.20552269654138,852.2749840626772
2,404,28.976080307652364,-114.97766040067287,153.1682715267986,6.666043575366509,140.18358587788566,856.5963658590586
2,405,28.946128127526173,-114.94800224565908,153.06883021425364,6.586945202589302,140.16179863338493,860.9348603461558
2,406,28.916052769110184,-114.91824837268699,152.96751610478947,6.508043787302814,140.1401668959835,865.2905915163836
2,407,28.885853915338934,-114.8883975774437,152.8644078318188,6.429342070894781,140.1186833960303,869.6636770576158
2,408,28.855530298389496,-114.85844956665566,152.75957302890998,6.350841546333551,140.09735006368567,874.0542625486809
2,409,28.825083143890932,-114.82840398200862,152.6529804534344,6.272540854454994,140.0761572711516,878.4622539715579
2,410,28.794509075541267,-114.79826102084928,152.544718290424,6.1944402371345575,140.05511895471307,882.8879587123403
2,411,28.763808547711132,-114.76801948837854,152.4349150904771,6.1165464928765845,140.03422455936675,887.3314374441925
2,412,28.732981062346237,-114.73767993754802,152.32348093676848,6.0388529324906655,140.0134769410639,891.7926805526826
2,413,28.702025527422002,-114.70724117575557,152.21044879071695,5.961358184107068,139.99287252127226,896.2718620014426
2,414,28.670941238619374,-114.67670159615986,152.09597996507026,5.884068977541364,139.9724039636476,900.7691761799608
2,415,28.63972751847281,-114.64606266297497,151.9800223652348,5.806981595375172,139.95207955972637,905.2845848971217
2,416,28.60838309760079,-114.61532409844588,151.86264700953197,5.730097537321256,139.93190116236758,909.8182329498577
2,417,28.576907448200334,-114.58448339650069,151.74398006648477,5.653420612878082,139.9118561588316,914.3703431445143
2,418,28.545300449873636,-114.55354153145228,151.62385409495047,5.576940373604068,139.89194786354125,918.9408297345351
2,419,28.513560065375895,-114.52249740243435,151.50250138771068,5.500666325480792,139.87217731909305,923.529990995354
2,420,28.48168656452413,-114.49135157056776,151.37988286316954,5.4245959381588715,139.8525440052627,928.137760872316
2,421,28.449678294783574,-114.46010335621212,151.2561518936744,5.3487346436242,139.83304936830336,932.7643601902256
2,422,28.417534715790772,-114.42875109426893,151.1312296747677,5.273074524169541,139.81368530030323,937.4099156910254
2,423,28.38525533096294,-114.39729452413728,151.00523837811127,5.197620950782369,139.79445051907066,942.0745144237742
2,424,28.352838302410262,-114.36573470698255,150.87816169191896,5.122370450948489,139.77535575075888,946.7582517833396
2,425,28.32028387460034,-114.33406916045105,150.7501776689263,5.0473305943238485,139.75638573036196,951.4612926781183
2,426,28.287591538474025,-114.30229845274802,150.62120190223493,4.972495102848606,139.73754327250396,956.1836285853409
2,427,28.25475869389275,-114.2704228300455,150.49137995626776,4.897868301501577,139.71883812625742,960.925506958174
2,428,28.22178574092006,-114.238439730892,150.36064740408398,4.823443630587871,139.70025422034155,965.6870280074046
2,429,28.188671064811416,-114.20635072445485,150.2291542599527,4.74922791793684,139.68180355878872,970.4682752217677
2,430,28.15541489246216,-114.1741541600928,150.0968731708536,4.675217271309349,139.66347525287938,975.2693188980421
2,431,28.12201519306171,-114.14184898276697,149.9640436958475,4.601420835697941,139.64527045826048,980.0904539317108
2,432,28.088471833069534,-114.10943617605669,149.8305037074322,4.527828698789272,139.62719226951378,984.9315964162685
2,433,28.054782174169407,-114.07691378441204,149.69641094101686,4.454443844448083,139.6092399452989,989.7931292908069
2,434,28.02094803563716,-114.0442823872905,149.5618258471079,4.381270957556727,139.5914068952178,994.6748705811724
2,435,27.986966379969203,-114.01154044235587,149.42677989766096,4.308305657267645,139.57369592868315,999.5771854034082
2,436,27.952836144654434,-113.97868903481934,149.29131002822612,4.235548285231451,139.5561141313113,1004.5001106127166
2,437,27.918557741852123,-113.94572481557728,149.1555651525976,4.163003573760042,139.53864241795702,1009.4438402644046
2,438,27.884129163161802,-113.91264978236008,149.01957220140193,4.090670815501004,139.52129575920844,1014.4084382171835
2,439,27.849549848248714,-113.87946230456491,148.88326200180316,4.0185428671233145,139.50406680595222,1019.3940338728661
2,440,27.814818927473162,-113.84616176490454,148.74684605685715,3.94662843277956,139.48695408526788,1024.4007865349145
2,441,27.77993513010991,-113.81274795228603,148.61040890700372,3.874928997698589,139.46995948691733,1029.4288383546875
2,442,27.744896571265507,-113.77921975185626,148.473953472659,3.803440228187618,139.45308313863245,1034.4784211110273
2,443,27.709703676052644,-113.74557685028367,148.33741458413192,3.7321573282099254,139.43631998714085,1039.5495002832033
2,444,27.674355037777026,-113.71181915303262,148.2011228119228,3.661094894955559,139.4196729109657,1044.6422773934728
2,445,27.638848154432406,-113.6779446485716,148.06500120963062,3.590242926872941,139.40314036421904,1049.757074280577
2,446,27.60318390232182,-113.64395484392553,147.9291038006712,3.519604752561077,139.3867236685644,1054.8937347257004
2,447,27.567360182868278,-113.60984733430189,147.7934826119356,3.4491774566127877,139.37041804766687,1060.052596891925
2,448,27.5313761332963,-113.57562153496745,147.65835440178867,3.3789694420912744,139.35422214657837,1065.2338178883683
2,449,27.495230612019405,-113.54127714569638,147.523564815972,3.3089694503839646,139.33813687014492,1070.437481183785
2,450,27.45892143925722,-113.50681410050711,147.38940252063423,3.2391885213150973,139.32216788167483,1075.6638448736755
2,451,27.422449199218505,-113.47223119686413,147.25577139289027,3.169619616343714,139.3063058187413,1080.9129065355855
2,452,27.3858122494324,-113.43752786490644,147.12284469802213,3.1002678136926245,139.29055221752287,1086.1848814757207
2,453,27.349008448593725,-113.40270251251438,146.9904710903168,3.031120207456657,139.27490601730784,1091.4800193609526
2,454,27.312037931164213,-113.36775587682713,146.85887128685602,2.9621870355412896,139.25936786137305,1096.798311101059
2,455,27.274897396850783,-113.33268597877715,146.7279313318124,2.8934559554184065,139.2439391604529,1102.1401401152905
2,456,27.237587301406045,-113.29749174975323,146.5978029569322,2.824932671584274,139.2286117884891,1107.505561591658
2,457,27.2001064893827,-113.2621729042987,146.4683377223937,2.7566065797107413,139.21338669574624,1112.894661473505
2,458,27.1624517467769,-113.22672889477641,146.3396225947002,2.6884768044114273,139.19827092273806,1118.3077741168981
2,459,27.124624056643754,-113.19115814383807,146.2116945608165,2.620543421700521,139.1832524647741,1123.744913879979
2,460,27.08662098968231,-113.15546011285254,146.08468809556217,2.552808654853401,139.16833563824753,1129.206355534189
2,461,27.048440596795682,-113.11963452416445,145.95841264756768,2.4852592735923613,139.15352406622463,1134.6922461125123
2,462,27.010082332410413,-113.08367903361709,145.83302580970062,2.4178993454929962,139.13880804245537,1140.2028069744222
2,463,26.971545288157486,-113.04759388737463,145.70854658672215,2.35072742582446,139.12418976655943,1145.7381070743772
2,464,26.932826402805212,-113.01137765681545,145.58503319186252,2.283740812421693,139.10967194309364,1151.2985141206602
2,465,26.893925289923384,-112.97503007253142,145.4623895568615,2.2169326679368084,139.0952528040944,1156.8840573368325
2,465.2,26.886123363178918,-112.96774479999117,145.43798518913331,2.203593442055231,139.0923801198678,1158.0041717198676
2,465.4,26.878313639769413,-112.96045402436921,145.41366018249468,2.1902627865589297,139.08951200521767,1159.12536077208
2,465.6,26.870496641525346,-112.95315722564952,145.38929817591142,2.176935225925699,139.0866445969017,1160.247584698159
2,465.8,26.862672843306438,-112.9458562178056,145.36501447404083,2.1636179449941246,139.08378355095294,1161.3707175581064
2,466,26.854840613730726,-112.93854880722294,145.3407318252651,2.15030423686368,139.08092556334088,1162.4950183292024
2,466.2,26.847001582383292,-112.93123719155459,145.31652853584103,2.1370008287540183,139.07807392128154,1163.6202281559083
2,466.4,26.839154904734585,-112.923919177511,145.2923726052139,2.1237039437495726,139.07522268227592,1164.746546115038
2,466.6,26.83130142364049,-112.91659696242691,145.26829706607015,2.110417371739482,139.07237777687976,1165.8737732283744
2,466.8,26.823439873606894,-112.90926873621103,145.24414267050008,2.0971310917108372,139.0695362125324,1167.0020957939687
2,467,26.8155713064237,-112.90193502402563,145.22011718516052,2.0838563942053803,139.06669654111,1168.131433625332
2,467.2,26.807694512945655,-112.89459621078197,145.1960487230271,2.070584138281261,139.06386433221445,1169.2618339842697
2,467.4,26.79981085524271,-112.88725100998305,145.1720755536817,2.0573213849113294,139.06102988940438,1170.393282911473
2,467.6,26.791919235449605,-112.8799012358572,145.14822257374786,2.0440694448944323,139.05820408827452,1171.525774103698
2,467.8,26.784020540204427,-112.87254674910736,145.12429112905542,2.0308195481358093,139.05538338725398,1172.6591953061672
2,468,26.776113823803673,-112.86518549922167,145.10049382755625,2.0175796386134692,139.0525627910115,1173.793798067021
2,468.2,26.768200817364193,-112.85781954054252,145.07666420067568,2.004344692244906,139.04974466429866,1174.929270994806
2,468.4,26.760278845646354,-112.85044772932619,145.05295951975603,1.9911189672282141,139.04693337267696,1176.0659524427692
2,468.6,26.752349793874025,-112.8430712131328,145.0291785621457,1.9778953603327634,139.04412716068936,1177.2035643236097
2,468.8,26.744413870878418,-112.83568832465647,145.00549679108616,1.964681337904588,139.04131872901525,1178.3422252894607
2,469,26.736469191596115,-112.82830087799341,144.98189409005363,1.9514753349433216,139.03852149394828,1179.481989029776
2,469.2,26.728518005102543,-112.82090744492038,144.9583093950413,1.938275611567975,139.0357223311005,1180.6227293315508
2,469.4,26.720558214337068,-112.8135085521944,144.93477027754207,1.9250818589117658,139.03293026099539,1181.7646058609635
2,469.6,26.712591125868524,-112.80610367721738,144.91120533494745,1.911891561870052,139.0301388783385,1182.9075192947903
2,469.8,26.704616853735345,-112.7986942528345,144.8878116643466,1.8987150535031299,139.02735343423626,1184.051415491217
2,470,26.69663412799303,-112.79127846973992,144.8644307123618,1.8855424915869035,139.0245709910692,1185.1964814978303
2,471,26.656608081229226,-112.7541189250234,144.7480476466911,1.8197767905398872,139.01071372272395,1190.937273281454
2,472,26.616388495945387,-112.71682032292716,144.63269549981132,1.7541708326936354,138.99694860734235,1196.7046949454673
2,473,26.57597451126193,-112.67938217981414,144.518612206392,1.6887331486903456,138.98327461574644,1202.498901971903
2,474,26.53536472287801,-112.6418029632551,144.40571308001503,1.6234559805516993,138.96968843193315,1208.3200925881304
2,475,26.494556568352884,-112.60408076543922,144.29395263328684,1.5583322285661854,138.95618906723712,1214.1685984512087
2,476,26.45354939857485,-112.5662163995449,144.18352375499626,1.4933692186206267,138.94277979986202,1220.0444691069615
2,477,26.41233964642397,-112.52820668540011,144.0743872675188,1.4285584798113782,138.92945793357006,1225.948202951334
2,478,26.37092790087785,-112.49005266601691,143.96645568708053,1.3638957034298556,138.9162236088497,1231.8796672942717
2,479,26.329311295030653,-112.45175132462401,143.85998130981437,1.2993865258956179,138.90307254605517,1237.8393504124208
2,480,26.287487830320554,-112.41330242999258,143.75479398611188,1.2350198533884666,138.8900082508991,1243.8274077926155
2,481,26.245455211133944,-112.37470463162784,143.65101773281674,1.1707970320763263,138.8770308853242,1249.8441503615713
2,482,26.20321359528288,-112.33595642515048,143.54866631121934,1.1067164537830683,138.86413237766965,1255.8896581938868
2,483,26.16075874142136,-112.29705609966273,143.44786105905007,1.0427773965093199,138.8513176407829,1261.9644356419078
2,484,26.11809058379215,-112.2580038067845,143.3484421724081,0.9789713515207098,138.83858547725703,1268.0684468254262
2,485,26.075205816538382,-112.21879694064677,143.25054415727965,0.9152985234122704,138.82593449606878,1274.2021701727808
2,486,26.032103290631753,-112.17943454894527,143.15425902758258,0.8517600028194071,138.81336277138888,1280.3657849815083
2,487,25.98878027023459,-112.13991568408791,143.05959224747122,0.7883517307111237,138.8008732256381,1286.5595926728888
2,488,25.945236107907192,-112.10023886587064,142.96652128163166,0.7250699125118871,138.7884604643187,1292.7837361763427
2,489,25.90146691084144,-112.06040278753214,142.87509414358345,0.6619112463896796,138.77612954958477,1299.0386500860743
2,490,25.857471669035284,-112.02040561142107,142.78537468843348,0.5988752161211514,138.76387489218422,1305.3245492395367
2,490.5,25.83538900210629,-112.00034563109465,142.74118138326705,0.5674030810669329,138.75777286958873,1308.4792079860758
2,491,25.813248932610165,-111.98024587011619,142.69730106562469,0.5359557597052835,138.7516936174776,1311.641639009176
2,492,25.768797907438643,-111.939925351867,142.61111788400262,0.4731622973086773,138.73959254183495,1317.9899343998864
2,493,25.724119005219176,-111.89944368563816,142.5265579040097,0.4104821396295921,138.7275671358098,1324.3693670994357
2,494,25.67921127854545,-111.85880121357073,142.44367238260247,0.34791551681896954,138.71561944414964,1330.7800125191088
2,495,25.634075585007643,-111.81799954561802,142.36254965927174,0.2854663267370267,138.70375065569374,1337.2217174173736
2,496,25.588710962220397,-111.77703667311681,142.2830144287804,0.2231239058436715,138.69195454581842,1343.6946531332048
2,497,25.543117770523082,-111.735914746813,142.20527300298588,0.16089693945538092,138.68023566407533,1350.198702299243
2,498,25.49729555795119,-111.69463356592414,142.1292614364354,0.09878081777497498,138.66859264653863,1356.7339051042277
2,499,25.451243729150857,-111.65319383230613,142.0549498233637,0.0367727626918036,138.6570276703261,1363.3002670286442
2,500,25.404962976581718,-111.61159570036129,141.98223444362358,-0.025132293505159713,138.64553731634868,1369.8976971575228
2,501,25.35845279456228,-111.56983915188354,141.91129711707774,-0.08692875610238435,138.63412102075802,1376.5262804627785
2,502,25.311712723895212,-111.52792398257826,141.84207624541597,-0.1486210981335934,138.62277745258643,1383.1860584470276
2,503,25.264742376595382,-111.48585214979653,141.7744930606466,-0.21021322270424755,138.6115124342054,1389.876932088627
2,504,25.2175423981312,-111.44362399226148,141.7086894618487,-0.2717002027195739,138.6003233233613,1396.5988543689095
2,505,25.17011166337193,-111.40123839723024,141.64452961186413,-0.33309045157478145,138.58920754533682,1403.3519652183843
2,506,25.122451165917653,-111.35869605768448,141.5820722279474,-0.39438195891853084,138.57816275997055,1410.1361480360413
2,507,25.07456016485837,-111.3159985681705,141.52132413396427,-0.4555756767739142,138.56719443977863,1416.9513745688741
2,508,25.026437978377267,-111.2731444596208,141.462278308481,-0.516674670498785,138.55629760918328,1423.7977937426424
2,509,24.978084211401608,-111.23013567633268,141.40485839342233,-0.5776827059950728,138.54547788062428,1430.675308145598
2,510,24.929500310205395,-111.18697255397026,141.34925092910137,-0.6385927156094383,138.5347304801831,1437.583808984502
2,511,24.880685135742276,-111.14365397279211,141.29532396232523,-0.6994128246695205,138.52405290501963,1444.5234385830672
2,512,24.831638289147175,-111.10018186907033,141.24300214710274,-0.7601467343955421,138.51345067980333,1451.494100373892
2,513,24.782359401465712,-111.05655532507073,141.1924411126161,-0.8207906636427402,138.5029198646908,1458.495915892628
2,514,24.7328496778639,-111.01277627390218,141.14365001881683,-0.8813439323405997,138.49246163617454,1465.5286639531016
2,515,24.6831071663954,-110.96884358912095,141.096457764945,-0.9418166134302585,138.48207561901597,1472.592551147315
2,516,24.633133182715763,-110.92475850567558,141.05108555426355,-1.0022001964116158,138.47176042747435,1479.6874327545956
2,517,24.58292644204313,-110.88052079879161,141.00743803131766,-1.0625009055931618,138.46151683043888,1486.813417279819
2,518,24.532488407960628,-110.83613058550881,140.9654604678834,-1.122721202295837,138.45133951381706,1493.9703571095824
2,519,24.481817397773238,-110.7915903422357,140.92515570677165,-1.1828624601856241,138.44123887515548,1501.158252634178
2,520,24.430913172879205,-110.74689825015187,140.8866510426095,-1.2429225274520956,138.43120784612358,1508.377262418301
2,521,24.379776389273314,-110.70205442076177,140.84985150664673,-1.3029059528267866,138.42124324744657,1515.6273023117408
2,522,24.328406973068628,-110.65706132658104,140.81484404218105,-1.3628098874842738,138.41135120236027,1522.9082475536713
2,523,24.276803753156592,-110.61191805295992,140.78174865571688,-1.4226327819769635,138.40152995287792,1530.2202830851597
2,524,24.224968188062913,-110.56662493055907,140.75075636720564,-1.4823681055036007,138.3917749885283,1537.563299762494
2,525,24.172899322438933,-110.521182064656,140.7216913505858,-1.542024579412734,138.3820872444502,1544.9373397795976
2,525.2,24.162457107362417,-110.51207619573007,140.71610135171284,-1.5539468396953384,138.38016080027376,1546.4158676010072
2,525.4,24.152008419879433,-110.50296537055326,140.71064217641856,-1.5658615804337228,138.37823297730336,1547.8953310009529
2,525.6,24.141552877024992,-110.49385206858683,140.7051665229909,-1.5777732197510639,138.37631237455963,1549.3755826825031
2,525.8,24.131092896004315,-110.48473629067696,140.69979760815482,-1.5896756317533882,138.37439292849223,1550.856433709666
2,526,24.120627670237095,-110.47561803767033,140.6944949853327,-1.6015708661915002,138.3724766511246,1552.337947150476
2,526.2,24.110158555218366,-110.46649888509899,140.68916085983162,-1.6134607675606212,138.37056499284677,1553.8198865365785
2,526.4,24.099686356419006,-110.45737883272965,140.68383637847006,-1.6253433100766226,138.3686559321025,1555.302188912657
2,526.6,24.08920992907557,-110.44825754415595,140.6785665284274,-1.6372178546554363,138.36675127990634,1556.7849856889309
2,526.8,24.07873143508892,-110.43913659326117,140.67329403987713,-1.6490842252142404,138.3648504714498,1558.2679773378657
2,527,24.068250536451284,-110.43001564341175,140.6681046208935,-1.6609397635269938,138.3629533062434,1559.7512321633626
2,527.2,24.057767570520717,-110.42089502998,140.66291287812592,-1.6727871705646367,138.3610599644208,1561.234681926746
2,527.4,24.047282199525657,-110.4117744166741,140.65780454391708,-1.6846237920034652,138.35917024609125,1562.7183949022917
2,527.6,24.03679497237664,-110.40265537536887,140.6526404404333,-1.6964535094473472,138.35728758612873,1564.202197728198
2,527.8,24.026305676820986,-110.39353666804226,140.6474744275678,-1.708275156491668,138.35540871264385,1565.6861956129874
2,528,24.015815119244557,-110.38441829389477,140.6423473498309,-1.7200867395637864,138.35353162017498,1567.1703254783883
2,528.2,24.005323511157403,-110.37530148840173,140.63720547301975,-1.7318894686110013,138.35165954954562,1568.654482201933
2,528.4,23.99483064054875,-110.36618501411107,140.63210267629754,-1.7436821851081277,138.3497892439657,1570.1387709523178
2,528.6,23.984337525931387,-110.3570701061201,140.62702582810726,-1.7554640926851373,138.34792194816305,1571.6230234600819
2,528.8,23.97384255303857,-110.34795676306285,140.62189364080783,-1.7672392294769343,138.3460616293247,1573.1073660564837
2,529,23.9633461921678,-110.33884464944535,140.6168324896535,-1.7790029548838502,138.34420609424092,1574.5918037352099
2,529.2,23.95284992316485,-110.32973443233007,140.61171164516267,-1.7907586121041075,138.34235371945977,1576.0761371137578
2,529.4,23.94235226600062,-110.32062544226572,140.60666188064312,-1.8025029157958214,138.34050610432098,1577.5605655888348
2,529.6,23.931854364150304,-110.31151801201717,140.60163810449188,-1.8142365541613072,138.33866144133992,1579.0449578818252
2,529.8,23.92135574601902,-110.30241247366976,140.5965140136443,-1.8259641994437508,138.33682188739613,1580.5293091595327
2,530,23.910856546882965,-110.29330815879418,140.59150161712805,-1.837678585805583,138.33498507814306,1582.0136923443256
2,531,23.858350150158167,-110.24781145918111,140.56632445806264,-1.8961141055423938,138.32586580695101,1589.4354624319733
2,532,23.805826646164018,-110.2023540487343,140.5413870775178,-1.9543103082622475,138.31684665444368,1596.8571840930576
2,533,23.753286683311366,-110.15693642155256,140.5165180459544,-2.0122758174192605,138.30792657385496,1604.278723791816
2,534,23.70072990481147,-110.1115580756697,140.4918034389913,-2.0700112906525505,138.29910399159917,1611.7001518984898
2,535,23.648156621719853,-110.06621917097247,140.4671575221019,-2.1275225611029285,138.29037772501272,1619.1214032536193
2,536,23.595567287582394,-110.02091920794014,140.4427065890506,-2.184808264012496,138.2817443287263,1626.542484769617
2,537,23.54296176072973,-109.97565891877954,140.4184820840843,-2.2418701376361914,138.27320544952397,1633.9633615559737
2,538,23.490339331250176,-109.9304372346374,140.39441287887283,-2.298714598547187,138.26475877196782,1641.3841371996334
2,539,23.437701117586634,-109.88525431352927,140.37045291794465,-2.355345322004314,138.25640130596935,1648.8046835591215
2,540,23.385046285429656,-109.8401099856408,140.34656256412063,-2.411767138122462,138.24813372380845,1656.2250673639937
2,541,23.33237529208773,-109.79500375751753,140.32286816275027,-2.4679785031570525,138.2399527452534,1663.6452953799887
2,542,23.279688691077897,-109.7499372628674,140.29947161774058,-2.523977687874638,138.23186105819434,1671.0652314165602
2,543,23.226985849018345,-109.70490827948991,140.27602782033384,-2.5797804301349583,138.22385296967815,1678.4849848404338
2,544,23.174266660826067,-109.65991779370145,140.25281156644039,-2.6353798091418117,138.21593084310024,1685.9045540870309
2,545,23.12153143226598,-109.61496596043041,140.22973646428903,-2.6907810765682356,138.2080936994529,1693.323875294318
2,546,23.068780256268163,-109.57005171204521,140.20677179522627,-2.7459882455659024,138.20033758962632,1700.7429897447328
2,547,23.016013595692858,-109.52517456229222,140.18404370655773,-2.8009996204064613,138.1926594353564,1708.1619038461643
2,548,22.96323103501436,-109.48033678229982,140.16140124274511,-2.8558219112663856,138.18506595786124,1715.5804754952135
2,549,22.910433268688536,-109.43553608622153,140.1389087592261,-2.9104560300012245,138.17754849381902,1722.9987870363411
2,550,22.857619020686798,-109.39077289073198,140.11664507903438,-2.964902468161467,138.17011046972289,1730.4169347865648
2,551,22.80478984303799,-109.34604676443301,140.09444491591398,-3.019168147588763,138.1627466125234,1737.834763192877
2,552,22.7519443461689,-109.30135902286682,140.07241764530818,-3.073252157630042,138.1554630908854,1745.2523305746845
2,553,22.69908354730214,-109.2567077022653,140.0505411827853,-3.1271577204382943,138.1482516064391,1752.6696528866596
2,554,22.64620730955606,-109.21209353690487,140.02884619187472,-3.180885873535673,138.14111395604164,1760.0866957918768
2,555,22.593315929943337,-109.16751667460619,140.007245626132,-3.2344413462495645,138.13404935375297,1767.503396917021
2,556,22.540408246766432,-109.12297663701396,139.98578844102192,-3.287825687748704,138.1270584817667,1774.919890984511
2,557,22.48748586784765,-109.0784732602132,139.9645516199749,-3.3410376758364584,138.12013687647266,1782.3360532479387
2,558,22.434548272097153,-109.03400669064412,139.94340963241643,-3.394083630414886,138.11328557558807,1789.75188607926
2,559,22.381595822757085,-108.9895773519494,139.92251820974425,-3.446960340526269,138.10650445513755,1797.1673567324176
2,560,22.32862739862817,-108.9451835925891,139.9016537240669,-3.4996782237672606,138.0997909653534,1804.5826094893234
2,561,22.275644072209012,-108.90082673692301,139.8810401144754,-3.5522310780076203,138.09314592582905,1811.9975084460832
2,562,22.22264656164092,-108.85650633782815,139.8604722347539,-3.6046269683701784,138.0865661566603,1819.411964755577
2,563,22.16963307403173,-108.81222131079875,139.84017517744192,-3.656862469317647,138.08005211631178,1826.8262448451892
2,564,22.116605349717037,-108.76797241222529,139.81992408873327,-3.7089449891515347,138.07360173222617,1834.2400912791375
2,565,22.06356180643327,-108.72375976538059,139.79988661770616,-3.7608721899170092,138.06721823451448,1841.6536659064436
2,566,22.010503659219395,-108.67958261493867,139.7799830984762,-3.8126479221946297,138.06089666000094,1849.066881624542
2,567,21.957430775959434,-108.63544169576585,139.7602433249997,-3.8642728654314205,138.05463883626373,1856.4797041853033
2,568,21.904343236499983,-108.59133594747856,139.74063774008397,-3.9157500955051865,138.04844141820166,1863.892177071066
2,569,21.85124101397997,-108.54726520793568,139.7211665716991,-3.967081438484746,138.04230367573928,1871.3043050171743
2,570,21.79812387310664,-108.50323111015818,139.70188901646156,-4.01826631054752,138.03622999425045,1878.716014775244
2,571,21.744993231870705,-108.45923109970174,139.68266574537196,-4.0693107735968965,138.0302104549437,1886.1272979050016
2,572,21.6918464889891,-108.41526710753942,139.66368729594444,-4.120211600746062,138.0242550472916,1893.5383025069095
2,573,21.63868577829541,-108.3713374784104,139.64488106302824,-4.170972012060443,138.01835479229055,1900.9489162149523
2,574,21.585511279452295,-108.32744324604165,139.6261881616004,-4.221594825131159,138.01251169118632,1908.359039723953
2,575,21.53232193683692,-108.28358305440426,139.60763087724987,-4.272082167802887,138.0067240712304,1915.7688473088972
2,576,21.479117519931467,-108.2397585373965,139.58926793657895,-4.322433357618363,138.00099626713597,1923.1782654780623
2,577,21.425900157036498,-108.19596803632686,139.57102599645128,-4.372651498383804,137.995319483448,1930.5871824021153
2,578,21.37266776752816,-108.15221199240644,139.5529495341573,-4.4227378754773445,137.9896987157481,1937.9957591345003
2,579,21.319421353176754,-108.10849143631279,139.5350157285407,-4.472693631083346,137.984134295535,1945.4038313486396
2,580,21.26615995770241,-108.06480412142928,139.5172189628426,-4.522521885641957,137.97862213899793,1952.811612925427
2,581,21.212885405279124,-108.0211510776227,139.49957244544012,-4.572222212481628,137.97316100538154,1960.21887428249
2,582,21.159596540722227,-107.97753185368191,139.48212861819937,-4.621795419725172,137.96775177627512,1967.6257504532355
2,583,21.10629364011457,-107.93394658193615,139.46479901324864,-4.671245219730059,137.96239399511302,1975.0321821603418
2,584,21.05297657712312,-107.89039599870442,139.4476124642715,-4.7205719523169805,137.95708949490972,1982.4381351255365
2,585,20.999645944853913,-107.84687875988624,139.43066508979257,-4.769774483206462,137.951833537295,1989.8436528849586
2,586,20.94630119249992,-107.80339499644919,139.4138323563766,-4.8188579384585,137.94662729082415,1997.2487419785634
2,587,20.89294311648164,-107.75994454965861,139.39715019694995,-4.867822232563777,137.94146861805984,2004.653342175687
2,588,20.839570862305695,-107.71652726110925,139.38058308133856,-4.916670218669063,137.93635855654475,2012.05752453482
2,589,20.786184305192176,-107.67314386828536,139.3641597337965,-4.96540215377007,137.93129893842433,2019.4612547558943
2,590,20.732785069974163,-107.62979421314644,139.3479511613166,-5.014016473730766,137.92628608049063,2026.8644066920947
2,591,20.67937166480522,-107.58647634724176,139.33182991780433,-5.062519586806845,137.92131785840758,2034.2671969769617
2,592,20.62594460394957,-107.54319279957552,139.3159164810311,-5.110908103989193,137.91639927707047,2041.6694457027909
2,593,20.57250526473617,-107.49994100951307,139.30007211855425,-5.159187266202327,137.91152135190623,2049.071148424769
2,594,20.519051089870707,-107.45672294085875,139.28448970659915,-5.207353695549191,137.9066934537007,2056.472450073717
2,595,20.46558365641012,-107.4135372106583,139.26896971117054,-5.255413644505523,137.90190911196646,2063.873242845927
2,596,20.412103466823325,-107.3703833808536,139.2536366263451,-5.303364779815223,137.89716619395142,2071.273530063786
2,597,20.358609480342633,-107.32726308553067,139.2385116076665,-5.351207637929615,137.89247038964356,2078.673303076749
2,598,20.30510214482666,-107.28417465794396,139.22344942648988,-5.398947650623773,137.88781671755282,2086.072584244095
2,599,20.251581965192653,-107.24111766330388,139.20857457692176,-5.446582469031973,137.88320308286075,2093.47137667149
2,600,20.198048731594287,-107.19809373607079,139.1939427630501,-5.4941111989676745,137.8786336231591,2100.869605516212
2,601,20.144501968016474,-107.15510210313097,139.17940204221662,-5.541539541420394,137.87410721926142,2108.267319467598
2,602,20.09094173258871,-107.11214171367827,139.16492499120346,-5.5888696436960394,137.86962114429542,2115.664564703822
2,603,20.037369186128174,-107.0692139256794,139.1507255169954,-5.636095727402725,137.86517637916432,2123.0611970670307
2,604,19.98378310658306,-107.0263170708415,139.13659010776786,-5.6832257909323936,137.8607710820571,2130.45737233622
2,605,19.930184658770322,-106.98345250889926,139.1227322607385,-5.730254078238374,137.8564062360607,2137.8529459814886
2,606,19.876572616075205,-106.94061857104131,139.1089390148772,-5.777188501509274,137.85208002161278,2145.2480742627645
2,607,19.822948434125266,-106.89781689029186,139.0953334436724,-5.824025394413162,137.8477935457027,2152.642549450146
2,608,19.769311338747197,-106.85504641801224,139.08185415901522,-5.870768169463758,137.8435456403355,2160.036484237852
2,609,19.715661298604562,-106.81230699989716,139.06850135592185,-5.917417856130746,137.83933590443303,2167.4298845710587
2,610,19.66199799744452,-106.76959821268973,139.05536542951316,-5.9639734193074165,137.83516382213975,2174.822819059545
2,611,19.608322721221285,-106.7269213354295,139.04232703772746,-6.01043765879677,137.8310299897779,2182.2150611388106
2,612,19.55463495641568,-106.68427478332335,139.02953936826066,-6.0568084801850866,137.8269315816695,2189.6067825020295
2,613,19.500934406233597,-106.64165893955291,139.01678863024898,-6.103092263360833,137.82286991786867,2196.9979306426167
2,614,19.447221221987895,-106.59907400975872,139.0043160073636,-6.149283618518157,137.81884512328367,2204.3885291576785
2,615,19.39349518825972,-106.55651948136263,138.9918807016667,-6.195389847808066,137.81485632401734,2211.7785665886654
2,616,19.339757575055327,-106.51399582817626,138.97966652606243,-6.2414063033345695,137.81090233716424,2219.1679371603555
2,617,19.28600668413314,-106.47150289804975,138.96760719589795,-6.2873365184311165,137.80698566550984,2226.5567802770743
2,618,19.232244318306776,-106.429038753549,138.95571552043128,-6.333180771409549,137.803098787159,2233.9450501084325
2,619,19.17846964315942,-106.386606184289,138.94394816498087,-6.378940386448492,137.7992493652078,2241.332634736652
2,620,19.124682512296935,-106.34420298952614,138.93234243688826,-6.424616175041716,137.79543263749463,2248.719684169501
2,621,19.070883089774853,-106.30183017211642,138.92083450679576,-6.4702100655589625,137.79165052190467,2256.1061015734476
2,622,19.017070789477486,-106.25948705861762,138.9096059623966,-6.515718957275082,137.78790244567108,2263.4920169489797
2,623,18.963247246018003,-106.21717427949498,138.8984172659181,-6.561148426416276,137.784187012801,2270.8771836639744
2,624,18.909411954344364,-106.17489027041096,138.88742350451835,-6.6064963049770355,137.78050156392726,2278.261772692847
2,625,18.855563887272144,-106.13263666614384,138.8766451775851,-6.651762824573051,137.7768514006117,2285.645774941365
2,626,18.8017042831882,-106.09041179015215,138.86597126381193,-6.696951418276803,137.7732307104959,2293.029149998593
2,627,18.74783219224799,-106.04821638325468,138.8553959528869,-6.742063207754407,137.76964267776145,2300.4119301338637
2,628,18.69394890500744,-106.00605093035406,138.84510079786088,-6.787093670109429,137.76608619562865,2307.794007588955
2,629,18.6400531441808,-105.9639137541238,138.8348784014592,-6.832049872122449,137.7625596679759,2315.175543763414
2,630,18.586146395811426,-105.92180648765331,138.82484503924474,-6.876928327894254,137.75906420074972,2322.556328003784
2,631,18.53222794408683,-105.87972719725359,138.81491671542173,-6.921732873777039,137.75559673482064,2329.9365163727925
2,632,18.47829649319814,-105.83767726332404,138.80520507748145,-6.966461731572512,137.75216236756933,2337.3161611434666
2,633,18.424355066170055,-105.79565704245005,138.79562278105038,-7.011115935975568,137.74875692400047,2344.694943938581
2,634,18.370400727740694,-105.75366409728946,138.7862057921868,-7.055697794485844,137.7453798859276,2352.0732783731005
2,635,18.316435239736755,-105.71170031434657,138.77697783911137,-7.100205791666522,137.74203246521097,2359.4508919228074
2,636,18.262458911767673,-105.66976490338205,138.76782168883273,-7.144643490907942,137.73871245689713,2366.8277712454296
2,637,18.208470261970916,-105.62785810621354,138.75891456540674,-7.189008088058345,137.73542275424063,2374.204070727796
2,638,18.154470704272338,-105.58597938259977,138.75007936982067,-7.233303840721479,137.73215992810572,2381.5796487236357
2,639,18.10045883327744,-105.54412808680185,138.7414681743011,-7.277528822036801,137.72892484661236,2388.9547010205606
2,640,18.046436752590786,-105.50230545820406,138.73298568270914,-7.321684326667629,137.72571680738162,2396.3289354573803
2,641,17.99240274641151,-105.46051134694665,138.72456973298452,-7.3657733846096844,137.72253821255424,2403.7024936725943
2,642,17.938357936414302,-105.41874511221357,138.7164655431034,-7.409790586935827,137.71938592934822,2411.0753682105296
2,643,17.88430204681115,-105.37700620835267,138.70843361143395,-7.453742433290267,137.71625925444994,2418.447553331178
2,644,17.830234708579795,-105.33529513283952,138.7005910906587,-7.497626843372043,137.7131598290108,2425.819074409378
2,645,17.776155959808975,-105.29361084878852,138.6929130292507,-7.541445351162526,137.7100854242189,2433.1899795834693
2,646,17.722065884134544,-105.2519552333395,138.68535802221018,-7.585198768351841,137.707039857876,2440.5601312137155
2,647,17.667966014096635,-105.21032611575932,138.67802863776592,-7.628885328172408,137.70401622016095,2447.9295441472464
2,648,17.613853976571036,-105.16872448189656,138.67076695316007,-7.672510087223132,137.70102027695873,2455.2983261147915
2,649,17.559731421062935,-105.12715018411114,138.66363374751342,-7.716071414644272,137.6980491817052,2462.6663479638282
2,650,17.50559805568717,-105.08560283517333,138.65672103760298,-7.7595680938711045,137.6951026056945,2470.0336763713117
2,651,17.45145384739483,-105.04408229013599,138.6500289296275,-7.8030007632922125,137.69218032678884,2477.40031766742
2,652,17.397299205319094,-105.00258977087127,138.6433979210332,-7.846372898555831,137.68928426728894,2484.7661160518323
2,653,17.34313371983257,-104.96112287378143,138.6369628889449,-7.889683098647345,137.68641012388514,2492.1312822645327
2,654,17.288956444423803,-104.91968234449398,138.63071908688173,-7.932932238707391,137.6835609056485,2499.4958487754348
2,655,17.234769473041684,-104.87826940113712,138.6245661973525,-7.976121550318265,137.68073596123565,2506.8595239555207
2,656,17.180571486778845,-104.83688253505653,138.61863448538074,-8.019249897615765,137.6779342297168,2514.2225443201696
2,657,17.126363800462414,-104.79552207264489,138.61276892068238,-8.06232042401245,137.67515443606487,2521.5847285802943
2,658,17.072144117883667,-104.75418828737783,138.60711982882302,-8.10533141967918,137.67240062149574,2528.9462970605673
2,659,17.01791525815692,-104.71288038054547,138.60165871824697,-8.14828284879262,137.66966697170807,2536.3070340557774
2,660,16.963675429605082,-104.67159909643374,138.59635120658018,-8.191176631422435,137.66695771920865,2543.6670403089975
2,661,16.90942466198168,-104.63034340144668,138.59117327195034,-8.234014135484546,137.6642707616225,2551.0263646865724
2,662,16.855163765111673,-104.58911315140695,138.5861542683756,-8.276794839404015,137.66160465209447,2558.384945503842
2,663,16.80089288636567,-104.54790932175369,138.5812257026136,-8.31952028469,137.65896118461524,2565.742687576883
2,664,16.74661149540168,-104.50673130659747,138.57657283335553,-8.362187431817876,137.6563399667583,2573.0997162738513
2,665,16.692320114827407,-104.46557853428678,138.57198637878523,-8.404801205318444,137.65373913253518,2580.455961793796
2,666,16.63801924527997,-104.42445151950989,138.56761172889173,-8.447358499436389,137.65115903253871,2587.811379220799
2,667,16.58370715730762,-104.38335011911822,138.56339161172045,-8.489861948165604,137.64860195767704,2595.1661120361423
2,668,16.52938472501095,-104.34227330192049,138.55933112156018,-8.532311811350512,137.64606462649203,2602.520140861218
2,669,16.47505294098406,-104.30122204016429,138.55538971687852,-8.574708547939057,137.64354758465947,2609.873302183546
2,670,16.42071061617192,-104.26019685176598,138.55165550944395,-8.617051157322592,137.64105363051226,2617.225687692169
2,671,16.366358687014316,-104.21919581824986,138.5481095856335,-8.65934068318912,137.63857767099302,2624.5773204561806
2,672,16.311996448680414,-104.17821991026844,138.54465448148363,-8.701579636027684,137.63612269892934,2631.9281742547237
2,673,16.257624712142906,-104.13726898409348,138.5413183591282,-8.743767478011632,137.6336873212722,2639.278187173901
2,674,16.203243200672205,-104.09634267331175,138.5381942835916,-8.785902948730664,137.6312712776883,2646.6274246756598
2,675,16.148851878982025,-104.05544083678187,138.53528234628402,-8.827986542961254,137.62887440519245,2653.9758933083085
2,676,16.094450040486574,-104.01456444277905,138.53248499826063,-8.870020735960313,137.6264996559288,2661.323567059137
2,677,16.040039465716394,-103.9737115732431,138.52981121435297,-8.912005508389296,137.62414082306276,2668.6704005677325
2,678,15.985618062478542,-103.93288364068906,138.52734549183398,-8.953940081021905,137.62180368585825,2676.016511223621
2,679,15.931187790167314,-103.89207983680382,138.52502661830653,-8.995825413220087,137.61948396562502,2683.3617522080817
2,680,15.87674770290733,-103.85130090688475,138.5228501308849,-9.037662211840452,137.61718450484824,2690.706156278306
2,681,15.8222987296308,-103.81054493451711,138.52079735730496,-9.07945144527609,137.61490036698837,2698.049746971002
2,682,15.767839575606033,-103.76981422241806,138.51900343276188,-9.121190585316413,137.6126378738823,2705.3925295803424
2,683,15.713370842745434,-103.7291064031917,138.5172128032781,-9.162885762853826,137.6103916923551,2712.7345230100746
2,684,15.65889276404276,-103.68842267586581,138.51568547898532,-9.204531506552126,137.60816387399723,2720.0756956346077
2,685,15.604405536136275,-103.6477631168136,138.51432785109523,-9.246129982521733,137.60595435999505,2727.415995837986
2,686,15.549909177920584,-103.60712669844312,138.51311715200265,-9.28768237010526,137.60376123484548,2734.7554733334146
2,687,15.495402743668977,-103.56651416716524,138.51204938430246,-9.32918933206943,137.60158729911154,2742.0941609781794
2,688,15.44088704808665,-103.52592538266472,138.51115141545608,-9.370650325470082,137.5994312282254,2749.4319963690186
2,689,15.386362961412628,-103.48535931830332,138.51042729748133,-9.41206554602783,137.5972899583071,2756.768960114817
2,690,15.331828685738822,-103.44481672095725,138.50984651650302,-9.453436606547804,137.59516744496682,2764.1051542742316
2,691,15.27728588931839,-103.40429745101649,138.50946211961192,-9.494762006732543,137.59306121617726,2771.440447096439
2,692,15.222733961558319,-103.36380069334362,138.509131502009,-9.536045523070692,137.59097064902573,2778.774900064479
2,693,15.168173158159439,-103.32332765971375,138.50911335495115,-9.577281804324087,137.58889775440502,2786.1084796171863
2,694,15.113603093407862,-103.28287774525366,138.50917134866864,-9.618476291238384,137.58684199121655,2793.4411896636857
2,695,15.059023556215548,-103.24244971463874,138.50937745546085,-9.659628414351177,137.58480140875133,2800.7731379560714
2,696,15.004436334569224,-103.20204540950337,138.50973396762834,-9.700736933187585,137.58277712475223,2808.1040483724055
2,697,14.949838708807107,-103.16166271033593,138.51021300392412,-9.74180480609801,137.58076891891585,2815.434280122201
2,698,14.895233100122141,-103.12130325106888,138.51093633550127,-9.782828200342339,137.57877666784975,2822.763544912325
2,699,14.840618669018772,-103.0809660079256,138.51185609185137,-9.823809154121955,137.57679967531328,2830.091962223507
2,700,14.785995597795745,-103.04065104849813,138.51287819167135,-9.864749707649738,137.57483790866308,2837.4194815612404
2,701,14.731362940507074,-103.00035911905478,138.51399899413903,-9.905650452724982,137.5728940823277,2844.746135970738
2,702,14.676722250782722,-102.96008810537383,138.51532021586317,-9.946509669158367,137.5709623173197,2852.07193721137
2,703,14.622072534723078,-102.91983964173168,138.51686000679248,-9.987327257408541,137.56904703069648,2859.3968746531805
2,704,14.567415045126308,-102.87961399613827,138.51845489005,-10.028105965375582,137.5671471427621,2866.720771316952
2,705,14.51274828570855,-102.83940953725752,138.52034105763585,-10.068842840050646,137.56526171465083,2874.043918230081
2,706,14.458072866622649,-102.7992267342065,138.5222356681293,-10.109543152828127,137.56339089189606,2881.3661513898182
2,707,14.40338912398727,-102.75906593124758,138.5243740474321,-10.150202397056187,137.56153495028786,2888.687478160132
2,708,14.34869706936493,-102.71892610728999,138.52673479995318,-10.19082162505906,137.55969210387826,2896.0079488237716
2,709,14.293996138115755,-102.67880929498278,138.529146843547,-10.231403975418388,137.55786686916872,2903.327439191764
2,710,14.239287721987676,-102.63871230285405,138.5317847778909,-10.27194680136011,137.55605173414017,2910.646060926046
2,711,14.184570137314621,-102.59863784833168,138.53456854542904,-10.312451820176905,137.5542538970514,2917.963772780164
2,712,14.12984429672148,-102.55858402447883,138.53748044184596,-10.352919836486372,137.55246881243966,2925.2805991952937
2,713,14.075110971101628,-102.51855157929691,138.54056599083265,-10.393349633432159,137.55069693402947,2932.596433356796
2,714,14.020369263381745,-102.4785403760695,138.5438007192677,-10.433742434090322,137.54893926040813,2939.911352027334
2,715,13.965618925469407,-102.43855008318612,138.54727946019452,-10.474096967718122,137.54719560138392,2947.22541842608
2,716,13.910860380978463,-102.39858007074544,138.55079197900184,-10.514417438606117,137.54546437831095,2954.5385705441126
2,717,13.856094148011978,-102.35863177594881,138.5544988345783,-10.554700368124653,137.54374759637108,2961.8507138903433
2,718,13.80131916813418,-102.31870398524434,138.558450040048,-10.594946023976833,137.5420445212742,2969.1620253977553
2,719,13.746536718311921,-102.2787960656029,138.56245919117424,-10.635157712583796,137.54035250161843,2976.472373369592
2,720,13.691746462448085,-102.23890945640652,138.56666246947088,-10.675332844323862,137.5386746219151,2983.7817330010794
2,721,13.636947546418877,-102.19904313806667,138.5710155788325,-10.715473254685111,137.53701023780206,2991.0902252462174
2,722,13.582141605820734,-102.15919785960172,138.57558627467697,-10.755576897105541,137.5353587100721,2998.3976725535294
2,723,13.527326969364491,-102.1193717179933,138.58028655723575,-10.795647096309107,137.5337188689095,3005.7043102269004
2,724,13.472505431360759,-102.0795665358199,138.58510919779445,-10.835682738152558,137.53209178206163,3013.009860736697
2,725,13.417675932811076,-102.03978110411943,138.59010540188663,-10.87568405088295,137.53047673975095,3020.314501149387
2,726,13.362838391237055,-102.00001617244338,138.59529557341338,-10.915650696528266,137.52887525646207,3027.6181942161093
2,727,13.30799280970687,-101.96027072285548,138.6006595719084,-10.955583621990058,137.52728563495327,3034.9209908987436
2,728,13.253140207488817,-101.92054480807582,138.60612533088866,-10.99548385371378,137.52570680528066,3042.2227720877468
2,729,13.198279442222386,-101.88083899019587,138.61178523021937,-11.03535032119288,137.524141261645,3049.5236265432322
2,730,13.143411335914307,-101.84115313558428,138.61766214051565,-11.075182493276111,137.52258784911032,3056.823490633221
2,731,13.088535225159207,-101.80148641196166,138.62361803888717,-11.114983684320961,137.52104603283243,3064.1224304403427
2,732,13.033652750048097,-101.76183956769954,138.6297181706112,-11.154751895310241,137.51951520066052,3071.4202677343533
2,733,12.978761991688632,-101.72221140123499,138.6359928054819,-11.194488141278853,137.51799572124503,3078.717250095889
2,734,12.923863731569645,-101.68260266315191,138.64248450209573,-11.234191258737432,137.51648803707843,3086.0132695538796
2,735,12.868958123446836,-101.64301340277731,138.64909780505766,-11.273863080721874,137.51499214326714,3093.3082777034374
2,736,12.814045125690823,-101.60344348570531,138.65583267272638,-11.313503885883794,137.51350795599308,3100.6022815140495
2,737,12.759125367926433,-101.5638925970471,138.66280673529488,-11.353111604523097,137.51203427020448,3107.895272371244
2,738,12.70419813896673,-101.5243607847617,138.6699022672344,-11.39268886621418,137.5105721307459,3115.187272679907
2,739,12.649263207107227,-101.48484773564199,138.677214952264,-11.43223440986464,137.50912137789186,3122.478344397375
2,740,12.594321812407639,-101.44535279264518,138.68455612468534,-11.471751379877235,137.5076794983117,3129.7683582667923
2,741,12.539372594196157,-101.4058772299219,138.69213399380538,-11.511236559281418,137.5062504063343,3137.0574129258803
2,742,12.484416414957495,-101.36642003326965,138.69995102137793,-11.550690038135741,137.50483143490516,3144.3454888630517
2,743,12.429453608796704,-101.32698142515696,138.7078157250006,-11.59011513078474,137.50342266810543,3151.632483377688
2,744,12.37448285869593,-101.28756180102678,138.71591722809524,-11.629509243686664,137.5020264469527,3158.918539231255
2,745,12.319506297858139,-101.24815961595387,138.72406863965188,-11.668875304846386,137.5006377161115,3166.2035013934037
2,746,12.26452171121544,-101.20877615083,138.7324570077518,-11.70821091018622,137.4992613805303,3173.487538704984
2,747,12.20953014387771,-101.16941056692826,138.74098892261088,-11.747517647881697,137.49789488153738,3180.770577170582
2,748,12.154532382650647,-101.13006361441973,138.749704411651,-11.786794395014676,137.4965386583114,3188.052508100193
2,749,12.099527375601014,-101.09073410597814,138.7586593266325,-11.826041284603459,137.49519205743093,3195.333508431174
2,750,12.04451631040665,-101.05142225635652,138.76768283467368,-11.865260799372699,137.49385415040956,3202.613405276982
2,751,11.989497161794155,-101.0121295246188,138.77686660460662,-11.904452045532738,137.49252985910175,3209.892312633319
2,752,11.934472589542123,-100.97285313281499,138.78621695777682,-11.943614733754396,137.491211520962,3217.170158485993
2,753,11.879440751080944,-100.93359471388895,138.79572974565812,-11.982749469920488,137.48990413037768,3224.4470024028524
2,754,11.824401782803843,-100.89435430634646,138.80530898125562,-12.021857986569607,137.48860768898692,3231.72279723077
2,755,11.769357018270846,-100.85513143900396,138.8151878173491,-12.060936022558542,137.48731996411118,3238.9975158223247
2,756,11.7143048968888,-100.81592526955085,138.82521082404443,-12.099987421726574,137.48604147510446,3246.271298115663
2,757,11.65924635113552,-100.77673759879441,138.83533904480097,-12.139011979336797,137.4847742293021,3253.543936181464
2,758,11.604182096099194,-100.73756636353964,138.8456520391656,-12.178008859882135,137.48351409048172,3260.8155094708154
2,759,11.54911032371799,-100.6984123152413,138.85612787843868,-12.216979228189626,137.48226449281213,3268.0861225199974
2,760,11.494032725727463,-100.659275323717,138.86680675407408,-12.255921817290627,137.48102337858165,3275.3556396741583
2,761,11.438948598766096,-100.6201545427367,138.87755424347986,-12.294839657642742,137.47979027186437,3282.6241304145224
2,762,11.383858529430771,-100.58105143898327,138.88852267278824,-12.333729614133503,137.47856701858836,3289.8914941330904
2,763,11.328761641709617,-100.54196500121903,138.8996741506392,-12.37259323876969,137.4773530625679,3297.1578540609826
2,764,11.273658032324086,-100.50289614467259,138.91093032258564,-12.41143165347646,137.47614989184706,3304.4231185376793
2,765,11.218549286549079,-100.46384281262908,138.92239088039753,-12.450243281206792,137.47495244919259,3311.6872953427123
2,766,11.16343376431195,-100.42480591944854,138.93393825345208,-12.489030713204738,137.4737642021255,3318.95043578487
2,767,11.108311923262967,-100.38578589240969,138.94580264592264,-12.527789958839703,137.47258543073065,3326.212537059186
2,768,11.05318338779954,-100.34678220589957,138.95765756847152,-12.566526902485862,137.47141580653965,3333.4735626090646
2,769,10.99804948549091,-100.30779528804743,138.96975209020079,-12.605236834226284,137.47025463291163,3340.733437909757
2,770,10.942909337296253,-100.26882412919147,138.98204937846958,-12.643921267810729,137.4691013707311,3347.9922865210833
2,771,10.887763934610259,-100.22986875997415,138.9944718414247,-12.68258114563124,137.46795506865277,3355.249990588508
2,772,10.832611466503925,-100.19092993121629,139.00699908921774,-12.721217567237336,137.46681907292464,3362.5066551712484
2,773,10.777453493376862,-100.15200647430395,139.01974813974184,-12.759828416954411,137.46568985992644,3369.76224230516
2,774,10.722290106886335,-100.11309929925213,139.0326394980466,-12.798414801094774,137.46456890323032,3377.01666057047
2,775,10.667120394490457,-100.07420827632194,139.0456543930201,-12.836977645949723,137.46345711392968,3384.2699886606265
2,776,10.611944180429182,-100.0353322394288,139.05887254151236,-12.875516271542317,137.46235292139698,3391.5223318181415
2,777,10.556763293401083,-99.99647209702286,139.0722512041852,-12.914030354685654,137.46125586443048,3398.7734552403936
2,778,10.501575792014888,-99.95762756525113,139.0858503333004,-12.952520092476153,137.46016774293287,3406.023562196778
2,779,10.446382820767909,-99.91879882482701,139.09949456602243,-12.990987839610144,137.4590876859441,3413.2724823792278
2,780,10.391184046709032,-99.87998455779339,139.11336065714622,-13.029431487996098,137.4580140708506,3420.5203736324574
2,781,10.335979530060365,-99.84118655091032,139.12738553041407,-13.067851585524954,137.45694977935892,3427.767099355118
2,782,10.280770152140224,-99.80240291469914,139.14155332764145,-13.106248715823877,137.4558909548919,3435.012685532714
2,783,10.225554790309843,-99.76363512994884,139.15597658583056,-13.144621286463819,137.4548412818056,3442.2571725439666
2,784,10.170333764666074,-99.72488161127502,139.17042797657288,-13.18297339930006,137.45379800841056,3449.500553453295
2,785,10.115106669620152,-99.68614368870936,139.18513490761816,-13.221301351516706,137.45276378325434,3456.742849079096
2,786,10.059874691986648,-99.64741977489055,139.19988772752976,-13.259608538580249,137.45173492190224,3463.983980781919
2,787,10.004637430725664,-99.60871120243381,139.21491349080765,-13.297891276603064,137.4507140687491,3471.223968994344
2,788,9.949395021567353,-99.57001711366433,139.23009850438592,-13.336151703718926,137.4496998370215,3478.4628139037345
2,789,9.894146674120272,-99.53133840875824,139.2453446930889,-13.374391569095064,137.4486945976488,3485.700496840409
2,790,9.838892965855463,-99.49267290413464,139.26083100347222,-13.412608628016628,137.44769441643587,3492.9371482693255
2,791,9.783633928956272,-99.45402326071826,139.27650907736924,-13.450802902179952,137.44670352674325,3500.172585993811
2,792,9.72837061383054,-99.41538685745635,139.29224988318515,-13.488976872420956,137.44571681957615,3507.4068298873517
2,793,9.673100887962317,-99.3767650346857,139.30824637117422,-13.527128239711908,137.44473877952453,3514.640043836143
2,794,9.617826746306974,-99.33815795660689,139.32433768193889,-13.565258635065957,137.44376763218446,3521.8719865385733
2,795,9.562547149920626,-99.29956447078247,139.34058818748687,-13.603368040871086,137.4428028061891,3529.1028348587147
2,796,9.507262031254074,-99.26098533031441,139.35701395455933,-13.64145612349717,137.4418456480156,3536.332550007927
2,797,9.45197224285946,-99.22241952904479,139.3736156369485,-13.679522917145926,137.4408938034686,3543.561112444567
2,798,9.396677717965568,-99.18386782026404,139.39040896013938,-13.717568094165488,137.43994861967303,3550.788483269311
2,799,9.341377540552088,-99.14533007770284,139.40737751781754,-13.755592499486886,137.4390109772777,3558.014741756221
2,800,9.286072703684406,-99.10680543673817,139.42442452676593,-13.79359753989125,137.43807860425818,3565.239816887508
2,801,9.230762976158205,-99.06829538816028,139.4416785794273,-13.831580999699536,137.43715414511718,3572.463675396034
2,802,9.17544835967861,-99.02979804722496,139.45910842927174,-13.869544075538002,137.4362348125154,3579.6864160090736
2,803,9.120128904926437,-98.99131518615597,139.47664757035858,-13.907487304356538,137.43532337754715,3586.9079024727484
2,804,9.064805346072173,-98.95284478030129,139.49437830519582,-13.945409851593565,137.43441608287753,3594.128212530887
2,805,9.009475870445325,-98.91438758359658,139.51228455797676,-13.983312686121648,137.43351608739567,3601.3474521745375
2,806,8.95414229674559,-98.87594448723672,139.53031545752194,-14.021195552387006,137.43262295595082,3608.5653861185274
2,807,8.898803612850337,-98.8375134690747,139.54852235651762,-14.059058904275073,137.4317347735509,3615.7822371140696
2,808,8.843460607060152,-98.79909616243074,139.56695118934567,-14.096901276324363,137.43085331366507,3622.997847416907
2,809,8.788112516679169,-98.76069169866227,139.58547365289462,-14.134725337692815,137.42997815557902,3630.212291605521
2,810,8.732760169974517,-98.72229995116066,139.60410506668035,-14.172530614420241,137.42910835890422,3637.425504146435
2,811,8.677403237102846,-98.6839214039358,139.6230556865679,-14.210314076800525,137.4282451057037,3644.637547686492
2,812,8.62204121640054,-98.64555545615002,139.6420022974275,-14.24808107832785,137.4273881117818,3651.8483953592818
2,813,8.566675548108682,-98.60720171369026,139.6611704031015,-14.28582781495031,137.4265354111722,3659.058010491731
2,814,8.511304419747397,-98.56886093115993,139.68054491644725,-14.323555228267606,137.42569011117666,3666.2664992600758
2,815,8.45592968608096,-98.53053223729145,139.7000429524947,-14.361264061231601,137.42484910740427,3673.4737185926674
2,816,8.40055027932855,-98.49221625382471,139.71976212956756,-14.398953275852296,137.4240145367047,3680.679752662627
2,817,8.345167304659782,-98.45391223921747,139.73950666273385,-14.436625579687787,137.4231842686421,3687.884480715963
2,818,8.289778565754684,-98.41562055477335,139.75955564338062,-14.47427787409774,137.42236119128643,3695.0881608060713
2,819,8.234386148760025,-98.37734146673809,139.77964438373874,-14.511913093378205,137.42154368305307,3702.290502698709
2,820,8.178989756873564,-98.33907459026229,139.79996841366963,-14.549528727924685,137.42073158049783,3709.4916142464876
2,821,8.123589365293615,-98.30081892323774,139.82051327320096,-14.587125422733491,137.41992352860268,3716.6915486209514
2,822,8.068184282503314,-98.26257547610567,139.8410832480956,-14.62470613280377,137.4191218389616,3723.890238835357
2,823,8.012775092170264,-98.22434386801328,139.86188833980728,-14.66226774060535,137.4183254625429,3731.0877194971617
2,824,7.9573618725203845,-98.18612410218226,139.88283045710438,-14.699811733676071,137.41753443367253,3738.2839473186937
2,825,7.901944578027846,-98.14791605376848,139.90390950355865,-14.737338267226612,137.41674872157625,3745.478929313172
2,826,7.846523043551245,-98.10971947287852,139.92522349118443,-14.774846174405816,137.4159682309977,3752.6727225117993
2,827,7.791098238028049,-98.07153348290295,139.94667401070055,-14.81233679908011,137.4151908105606,3759.8652571950897
2,828,7.735669189005861,-98.0333605944789,139.9682890574634,-14.849809490315748,137.41442123874327,3767.0564740026894
2,829,7.680235901285371,-97.99519804810441,139.9900269420836,-14.88726580589345,137.41365555670274,3774.2465194181195
2,830,7.624798312267788,-97.95704659789645,140.01190165581463,-14.924705424571677,137.41289504459496,3781.435354004825
2,831,7.569357121625815,-97.91890687578686,140.03403832699266,-14.962126123450833,137.41214003919987,3788.62291477409
2,832,7.5139125319642135,-97.88077812436198,140.05622668918875,-14.999531143345143,137.4113893391998,3795.809155718058
2,833,7.458464267710484,-97.84265997598199,140.0786630284898,-15.036918014712134,137.41064279207535,3802.9941832267214
2,834,7.4030115059200625,-97.80455330713794,140.101249675937,-15.074288326008102,137.40990259771462,3810.1779812154186
2,835,7.347555971264746,-97.76645711593058,140.12399887167103,-15.111641505667103,137.4091657003405,3817.3604567420684
2,836,7.292095959543172,-97.72837227600947,140.1467999942247,-15.148979720038785,137.40843515980015,3824.541667278188
2,837,7.236632094416915,-97.69029754683662,140.16984906018246,-15.186300380379604,137.40770866546148,3831.7216921378513
2,838,7.181165305199914,-97.65223380281462,140.19307358652912,-15.22360389516441,137.40698668262326,3838.900368749294
2,839,7.125694683671133,-97.61418004260985,140.21644765054435,-15.260891449321798,137.40626876173928,3846.0778241373664
2,840,7.0702201696171105,-97.57613702101507,140.2399844805496,-15.298162731057337,137.4055561606677,3853.2540185812195
2,841,7.014742595722874,-97.53810461488916,140.2636962772431,-15.335417306287335,137.40484799431755,3860.428885606403
2,842,6.959261916910869,-97.5000827011971,140.28758277565333,-15.372655321983505,137.40414423797858,3867.6024321221294
2,843,6.903777329069073,-97.46207039413164,140.31152039861587,-15.409879232652525,137.40344450859033,3874.7747363095827
2,844,6.848288560848341,-97.42406821822553,140.33571910843534,-15.447086150382997,137.4027499306119,3881.945856547876
2,845,6.7927975201991195,-97.3860771579229,140.3600185667714,-15.48427719980623,137.40206017071068,3889.115507837989
2,846,6.7373031023487435,-97.34809510679831,140.3845779628735,-15.5214514202994,137.40137339057964,3896.283962239855
2,847,6.68180457643978,-97.31012304714574,140.4092014328651,-15.558611636717522,137.40069181104673,3903.451155637926
2,848,6.6263035505439545,-97.27216074275714,140.43401076389756,-15.595755570395134,137.40001364979867,3910.6169967442747
2,849,6.570799100753797,-97.23420807131346,140.45899420504458,-15.632883927633907,137.39933973231064,3917.7815660864608
2,850,6.515291169085182,-97.19626578825752,140.48416421810353,-15.669996405925138,137.39867129501374,3924.9448236651747
2,851,6.459779821760695,-97.15833300397328,140.50940968958474,-15.707094854852516,137.3980071130518,3932.1067747656725
2,852,6.404265804215382,-97.12040860741489,140.5348280942319,-15.744178012102488,137.39734500556693,3939.267448351021
2,853,6.348749034514489,-97.08249510948731,140.560456218889,-15.781244705384173,137.39668872043706,3946.426710327934
2,854,6.29322862477046,-97.04458975552316,140.58624601480085,-15.818296936962149,137.39603531075738,3953.5847823756153
2,855,6.237705384827423,-97.00669417892937,140.61223298305458,-15.855333414864123,137.395386422564,3960.7415036317957
2,856,6.182179364395661,-96.96880836524569,140.63831818502584,-15.892355540377109,137.39474209304,3967.896832643609
2,857,6.126650445128122,-96.93093032942785,140.66457605166642,-15.929363045710437,137.39409974615307,3975.0509189116706
2,858,6.071117667753363,-96.89306258247743,140.69103200921603,-15.966355318767507,137.39346393248888,3982.2037019359464
2,859,6.015582861207426,-96.85520335348767,140.7175844859332,-16.003333514952434,137.39283053462623,3989.3550869669557
2,860,5.960045006694937,-96.81735241451037,140.7443215891095,-16.040297052731535,137.39220030774345,3996.5052030547827
2,861,5.904504037202203,-96.77951139914545,140.7712669158941,-16.07724520922652,137.3915757091121,4003.6539627928196
2,862,5.848960898832794,-96.7416785351239,140.79830827219038,-16.114179679753477,137.39095347261537,4010.801345485247
2,863,5.793414574945071,-96.70385359653548,140.82553421351406,-16.151099879801073,137.39033435020463,4017.9474801032125
2,864,5.737865087225351,-96.66603831964851,140.85286923132463,-16.18800633870409,137.38972084824667,4025.0922312738676
2,865,5.6823140821854246,-96.62823072515855,140.8804088162426,-16.224897705904603,137.38910877219462,4032.235600291323
2,866,5.626759734033434,-96.59043244688733,140.9081559113227,-16.26177434374978,137.38850221218564,4039.3776475499617
2,867,5.5712021029022685,-96.55264171026789,140.93598886165768,-16.298638462275633,137.38789874930234,4046.518426827242
2,868,5.515642807418113,-96.51485917001344,140.96403738577106,-16.335487455627977,137.38729789158992,4053.6577974020747
2,869,5.4600809963020245,-96.47708568238018,140.9922039082069,-16.37232280999243,137.38670172460377,4060.795745281438
2,870,5.404516558271225,-96.43931927163281,141.02056472940558,-16.409144243636135,137.38610772496986,4067.9324197001047
2,871,5.3489495112971905,-96.40156167023012,141.049043280934,-16.445952287173956,137.38551837607213,4075.067685374733
2,872,5.293379745115372,-96.36381090385045,141.07771622323804,-16.48274665556177,137.3849311626841,4082.201691518382
2,873,5.237807276549761,-96.32606870386563,141.10650676874536,-16.51952787844026,137.38434856063066,4089.3343028940435
2,874,5.182233740815558,-96.28833485164323,141.13553181906605,-16.556293802464122,137.38376886332395,4096.465425326987
2,875,5.126656546179503,-96.2506075688681,141.16464321880414,-16.593048171569478,137.38319212607917,4103.59533600385
2,876,5.071077303295626,-96.21288926966587,141.19399060028326,-16.6297876032193,137.38262028050195,4110.72379831204
2,877,5.015496069774871,-96.17517729762886,141.22344229227585,-16.66651467643289,137.38204974172697,4117.850914345232
2,878,4.959912705136198,-96.13747319103409,141.25311873372644,-16.703227469751976,137.3814828521334,4124.97664323215
2,879,4.904327323080127,-96.09977614044759,141.28281097525172,-16.739928958913328,137.38091850830955,4132.100945277675
2,880,4.84873963450909,-96.06208749731977,141.31283723123838,-16.776614785085798,137.38035892195114,4139.223873466986
2,881,4.793148959893922,-96.02440479025866,141.34286016991828,-16.813290456955933,137.37980145176908,4146.3455108056205
2,882,4.737556770560907,-95.98673025137673,141.3732253049342,-16.849950199765527,137.3792478980335,4153.465713546526
2,883,4.681962373606199,-95.94906228301008,141.4036059035808,-16.88659910435398,137.37869682685232,4160.584517526099
2,884,4.626366451064922,-95.91140145761835,141.43421864200943,-16.923233944051606,137.37814850214602,4167.701901340697
2,885,4.570768153815089,-95.87374686905466,141.46494588784128,-16.95985695867787,137.37760257469768,4174.817947236496
2,886,4.515168301633808,-95.83610015022322,141.4958159581693,-16.996466960721254,137.37706061485574,4181.93249242481
2,887,4.45956591120332,-95.79845933712288,141.52689965004103,-17.033064155739027,137.37652096416775,4189.045760297122
2,888,4.4039618730275105,-95.76082615296903,141.55812574129365,-17.0696485740624,137.3759852468636,4196.157541274273
2,889,4.348355271504783,-95.72319872299931,141.58946636321397,-17.10622162101233,137.3754518677897,4203.268012315796
2,890,4.292747750355174,-95.68557771606989,141.62104590690228,-17.142780811270292,137.37492035473974,4210.377029941797
2,891,4.23713844136694,-95.64796397683632,141.65276717100386,-17.179327574108285,137.37439272808922,4217.484581425178
2,892,4.18152642159387,-95.61035650770364,141.68461281952543,-17.215862910228896,137.3738685795662,4224.59079614178
2,893,4.125913407875258,-95.57275518807533,141.71659746717756,-17.252385940682416,137.37334631403604,4231.695531785239
2,894,4.070298408095694,-95.53515981244134,141.7488129780721,-17.28889607405927,137.3728266516889,4238.798916164578
2,895,4.01468232128458,-95.49757034647254,141.7811671021972,-17.325394130757395,137.37230885021063,4245.900835270633
2,896,3.959064211841769,-95.45998754662884,141.8136621771902,-17.361880325761476,137.37179485774755,4253.0013229368005
2,897,3.903444038255017,-95.42241041567969,141.84628865716047,-17.39835515528054,137.37128348515273,4260.100434003684
2,898,3.847823512420527,-95.38483971019264,141.87906943755226,-17.43481737032169,137.37077432178847,4267.197978001059
2,899,3.792199886874002,-95.34727435100231,141.9120740962848,-17.47126773471091,137.37026847822602,4274.294280032929
2,900,3.736575821671849,-95.30971430117523,141.94522333414014,-17.507706093567766,137.36976365248842,4281.3890766728
2,901,3.680950381577726,-95.27216031743522,141.97851953577901,-17.544132659570828,137.36926178230675,4288.482401735847
2,902,3.6253226366885962,-95.23461227971208,142.01195614524278,-17.58054802310737,137.36876363198235,4295.574337032681
2,903,3.5696943052371317,-95.19707006799378,142.04554570815714,-17.61695133247799,137.36826762852985,4302.664739741125
2,904,3.514064408201935,-95.15953260633538,142.07937207363452,-17.65334237392222,137.36777332197062,4309.753785281311
2,905,3.4584330020836864,-95.12200081058891,142.1132454163106,-17.689723240307806,137.36728197397093,4316.84134134882
2,906,3.402799932485645,-95.08447440314444,142.147364470819,-17.726091676280557,137.36679345704454,4323.9275060509335
2,907,3.347166093645976,-95.04695246657785,142.18162682883255,-17.762448871884565,137.36630588692935,4331.012213802809
2,908,3.291530546181705,-95.00943663476694,142.21604406496232,-17.798794656710832,137.3658223345575,4338.0954504023675
2,909,3.2358941304953963,-94.97192591121791,142.2506129903188,-17.83512904097417,137.36534085963115,4345.177195821741
2,910,3.180256803600838,-94.93441929950063,142.28532477416564,-17.871452504186387,137.36486030284,4352.257505090211
2,911,3.1246176265633054,-94.8969184336302,142.32019099968485,-17.907764875205338,137.3643837221934,4359.336363979431
2,912,3.068978326747112,-94.85942144048074,142.35520538136083,-17.944066066850894,137.36390727245697,4366.413725519562
2,913,3.013337036067141,-94.82192988019423,142.39047346855514,-17.980355208129893,137.36343471702276,4373.489695630292
2,914,2.957695571309663,-94.78444290504659,142.42579824037756,-18.01663418123846,137.3629634761536,4380.56408888602
2,915,2.9020529510783666,-94.74696119789994,142.4612820389066,-18.052902018654688,137.3624953923229,4387.636984274092
2,916,2.8464082084258195,-94.70948281359719,142.49700281160884,-18.089158854600857,137.362028880082,4394.708605278636
2,917,2.790764027187734,-94.6720095314678,142.53279285611026,-18.125405004764705,137.36156403073892,4401.778546887613
2,918,2.7351176269325705,-94.63454021158302,142.56882813726924,-18.16163999250876,137.36110187271004,4408.84717967012
2,919,2.6794716922775597,-94.59707575426252,142.604931941445,-18.19786450394379,137.36064135788098,4415.91414688117
2,920,2.623824329258368,-94.55961502197266,142.6412856328795,-18.234077601608444,137.36018275272016,4422.979743759023
2,921,2.5681755689235315,-94.52215891281499,142.67769808375462,-18.270281339110472,137.35972728988577,4430.043839485336
2,922,2.512527051433965,-94.48470716844642,142.71437721389066,-18.306472598348833,137.35927333000495,4437.106379679914
2,923,2.4568770437154623,-94.44725893114872,142.75110695391615,-18.342655058617908,137.35882135996104,4444.167480965684
2,924,2.4012263055224845,-94.40981394495807,142.78809094794562,-18.378826058182486,137.3583705047988,4451.227164088986
2,925,2.3455757424041233,-94.37237398035036,142.8251492931191,-18.414986837831226,137.35792236464414,4458.285174777325
2,926,2.2899234725154787,-94.33493703013396,142.86245748307928,-18.451136810167363,137.35747607607982,4465.341856360648
2,927,2.234271284601779,-94.2975039857531,142.89983189762663,-18.487277120607555,137.35703135784888,4472.396927750597
2,928,2.1786182117664663,-94.26007466133183,142.9373679737281,-18.523407166642407,137.35658889833064,4479.450515660189
2,929,2.1229650579839032,-94.22264887333402,142.97516901514493,-18.55952545926279,137.3561478822121,4486.502595708284
2,930,2.067310958559776,-94.18522663305204,143.0130317857396,-18.59563483213903,137.35570916055377,4493.553161790633
2,931,2.011656718884848,-94.14780687960038,143.05105222823005,-18.631734147358937,137.35527080425754,4500.602238057919
2,932,1.956001403410143,-94.11039124797081,143.0892412044024,-18.667823240153584,137.35483578618505,4507.64980991713
2,933,1.9003458511634965,-94.07297874266648,143.12759481640626,-18.70390212040078,137.35440223267335,4514.6958572170615
2,934,1.8446908989294633,-94.03556924506167,143.16611610643938,-18.739970449860223,137.35396939149712,4521.7403112389975
2,935,1.7890347298260836,-93.99816351343746,143.20480536655336,-18.776028852998426,137.3535398562782,4528.783281433867
2,936,1.7333781845180007,-93.96075967548859,143.24365180307254,-18.81207768524732,137.3531106526941,4535.824796253989
2,937,1.6777212120632754,-93.9233593664412,143.2826692173807,-18.848116348024057,137.35268399188936,4542.8647654135875
2,938,1.6220646761849464,-93.88596165048196,143.3217537041521,-18.88414598444203,137.35225807000006,4549.903125022435
2,939,1.56640759330209,-93.84856716634242,143.36110839928966,-18.920164514491784,137.35183461879348,4556.939996395201
2,940,1.5107508511198422,-93.81117503723928,143.40052966608295,-18.956174210605063,137.35141189341238,4563.975272015062
2,941,1.4550934695656117,-93.77378590427668,143.44022080314906,-18.99217299614871,137.35099162112783,4571.009072990094
2,942,1.3994354487161613,-93.73639888840815,143.4799757092744,-19.02816356366368,137.35057279891976,4578.041367791913
2,943,1.3437784849249161,-93.69901468980274,143.51990540714561,-19.064143684854418,137.35015499184988,4585.072006644538
2,944,1.2881207643250216,-93.66163231318245,143.55999841195998,-19.10011464836981,137.34973856839758,4592.101196634029
2,945,1.2324631225969165,-93.62425251720501,143.6002634029435,-19.136075782799068,137.34932388283124,4599.128820121723
2,946,1.176805530869731,-93.58687523858222,143.64060035427568,-19.17202830436044,137.3489109805363,4606.154840697199
2,947,1.1211479050261337,-93.54950024855368,143.68120861825255,-19.20797006571432,137.34849974647153,4613.179351723215
2,948,1.0654902344507895,-93.51212666125794,143.72188232522365,-19.24390373665253,137.34808918860267,4620.202322428687
2,949,1.0098333214636717,-93.47475512726415,143.76282893864905,-19.279826418187277,137.34767955558505,4627.223721286979
2,950,0.9541762659748676,-93.43738651252642,143.8038527985113,-19.31574052339047,137.347272766571,4634.243495977865
2,951,0.8985190063562248,-93.40001889098025,143.84504157719576,-19.351645695802144,137.34686658279531,4641.261794149417
2,952,0.842862378804513,-93.36265302152297,143.88640277292765,-19.387541277427086,137.34646135832918,4648.278497874541
2,953,0.7872054642214925,-93.32528883699737,143.92783490041737,-19.423428886517055,137.34605786794094,4655.293647105958
2,954,0.7315490739888278,-93.287926993917,143.96954464781936,-19.459305647169355,137.34565635461797,4662.30720953962
2,955,0.6758931852209339,-93.25056659846905,144.01132628164254,-19.495174205183456,137.34525583410777,4669.319155246324
2,956,0.6202377392706323,-93.21320660447907,144.05327383522877,-19.531033870549592,137.344855168901,4676.3295828399605
2,957,0.5645826879504943,-93.17584864816442,144.09539843417332,-19.56688407593362,137.34445651503881,4683.338401277502
2,958,0.5089279843571406,-93.13849261153693,144.13769976915606,-19.602724914577237,137.34405986363663,4690.345617345692
2,959,0.45327358195573014,-93.10113749942536,144.18017215604243,-19.638556805306663,137.34366413026964,4697.351286835694
2,960,0.3976203240189405,-93.06378324076694,144.22271638975758,-19.67438053431984,137.34326864244122,4704.355298022183
2,961,0.3419672714108352,-93.0264296694602,144.2654314190736,-19.710195492896567,137.3428740650064,4711.357776410664
2,962,0.28631437218092937,-92.9890783762155,144.30842756153922,-19.746000022376542,137.34248248404037,4718.358673097752
2,963,0.23066158976864798,-92.9517267035273,144.35148931760062,-19.781797383053966,137.34209078111144,4725.35805732844
2,964,0.1750106423961987,-92.91437716353197,144.39463283059746,-19.817585888848274,137.34170072857142,4732.355636523366
2,965,0.11935970875203238,-92.87702779385431,144.43804653949104,-19.853364883495935,137.3413115113819,4739.351752502102
2,966,0.0637096304965905,-92.8396785652879,144.48153097724727,-19.88913624598741,137.34092251449994,4746.346251517138
2,967,0.00805947350557638,-92.80233102699135,144.5252955678543,-19.924897632804694,137.3405364756071,4753.339202673889
2,968,-0.04758815542981755,-92.76498339284709,144.56913050157578,-19.96065077035993,137.34014921989308,4760.330398038626
2,969,-0.10323595849812542,-92.72763642060083,144.613040464771,-19.996396613066228,137.33976394977952,4767.320024275952
2,970,-0.15888309614826016,-92.69028990820627,144.65722506042104,-20.032132671589384,137.33937984168057,4774.308095844118
2,971,-0.21452961939535928,-92.65294382082784,144.70148436641134,-20.06786121230265,137.33899699366737,4781.294535732847
2,972,-0.27017468529986244,-92.6155979587157,144.74601758129057,-20.10357975538469,137.33861458686613,4788.279358085993
2,973,-0.32581923248893196,-92.57825228475224,144.79062511909754,-20.13929095381065,137.33823343057844,4795.262562465298
2,974,-0.3814633046319562,-92.54090664042158,144.83540683053155,-20.174993805891557,137.33785346750574,4802.244197520183
2,975,-0.4371051871928956,-92.50356094623545,144.88026128160953,-20.210688704262108,137.33747332944813,4809.22407561798
2,976,-0.49274756693538263,-92.46621500702568,144.92539029921218,-20.24637473292743,137.33709503173935,4816.202516088787
2,977,-0.5483878524737481,-92.42886965870233,144.97059579918349,-20.282052669084695,137.3367176049286,4823.179163974156
2,978,-0.6040269685017194,-92.39152386748702,145.01597388514224,-20.317722217085535,137.3363406474083,4830.154193366238
2,979,-0.6596658460970973,-92.35417751551823,145.0615255503906,-20.353383845634262,137.33596486003904,4837.12768757498
2,980,-0.715302764120039,-92.31683048493085,145.10724846626073,-20.389036872990655,137.3355888317837,4844.099500397526
2,981,-0.7709386531844292,-92.2794835355656,145.15314757572952,-20.42468145972825,137.3352143110841,4851.069665765526
2,982,-0.8265735729571899,-92.24213658399803,145.19912271681056,-20.460318765721745,137.33484134243503,4858.0381492431015
2,983,-0.8822075598569292,-92.20478859915741,145.24526973960457,-20.495948106898805,137.3344688239572,4865.005048321084
2,984,-0.9378397769036031,-92.16743946315812,145.29158702405542,-20.531569188500374,137.33409605343672,4871.97029321599
2,985,-0.9934702705760671,-92.13008993593218,145.33807804679125,-20.567181791051816,137.3337240723448,4878.933841265718
2,986,-1.0490999879613203,-92.0927399317449,145.384644321803,-20.602787445400903,137.33335362538668,4885.89573487783
2,987,-1.104728944478636,-92.0553892680481,145.4314856073642,-20.63838409609949,137.33298460449845,4892.856062856175
2,988,-1.160355453108707,-92.01803701268122,145.478394459825,-20.673973518090484,137.33261467453048,4899.814646217662
2,989,-1.2159813118500171,-91.98068389358328,145.52547810448706,-20.709555170959387,137.33224621446095,4906.771636594477
2,990,-1.2716047999317648,-91.94332979290598,145.57273213361762,-20.74512839427436,137.33187782887495,4913.726887344661
2,991,-1.3272277320164931,-91.90597459279023,145.62016066283826,-20.780694014625055,137.33151090389407,4920.680558669922
2,992,-1.3828484087512627,-91.86861820401153,145.66765904817078,-20.816252436022626,137.33114409785412,4927.632463227658
2,993,-1.4384677191432962,-91.83126045082194,145.71542918853183,-20.85180198793528,137.33077800060124,4934.5827658504095
2,994,-1.494085754373298,-91.79390039393476,145.7632679985566,-20.887345171554397,137.3304116785581,4941.531441692092
2,995,-1.5497016549403961,-91.75653964297958,145.81127892965264,-20.922880045317317,137.33004644953348,4948.47836219622
2,996,-1.6053163762592433,-91.71917810648925,145.85936432969197,-20.95840811650715,137.32968304853455,4955.423570486809
2,997,-1.6609290344575034,-91.68181385691099,145.90771505335346,-20.9939275805427,137.3293186247992,4962.367176596035
2,998,-1.7165405833169003,-91.64444768135954,145.95623697143142,-21.029439643350067,137.32895494488434,4969.309174089383
2,999,-1.772150212744033,-91.60708036478238,146.00482993529457,-21.06494478187036,137.32859239248114,4976.24940297182
2,1000,-1.8277570605807354,-91.56971176350514,146.05359027240053,-21.100441664327505,137.32823022607238,4983.187833387815