stageNumber,time,latitudeDegs,longitudeDegs,altitudeKm,elevationDegs,azimuthDegs,rangeKm
2,0.01,34.63203086236217,-120.6106050084114,0.1651168166603893,0.4680743402050814,23.291475552292923,5.665225493559669
2,0.2,34.632031093554,-120.61056348463353,0.16507968268264087,0.4675578735593608,23.326732315651043,5.6667559829475636
2,0.4,34.632031093554,-120.61056348463353,0.16507968268264087,0.4675578735593608,23.326732315651043,5.6667559829475636
2,0.6,34.63203183525492,-120.61056348463353,0.16513651306461544,0.4681229062843627,23.32640268785343,5.666832204315822
2,0.8,34.63203183525492,-120.61056348463353,0.16513651306461544,0.4681229062843627,23.32640268785343,5.666832204315822
2,1,34.63203139436431,-120.61056292932822,0.1652073288122192,0.4688426731734413,23.32707136620735,5.666808318021341
2,1.2,34.632031875213514,-120.61056386790327,0.16530605713743718,0.4698377604947462,23.326058647780656,5.666824378026287
2,1.4,34.63203117347121,-120.61056425117295,0.16541877082642167,0.4709876313344105,23.32604422632204,5.666740331911605
2,1.6,34.632031474281504,-120.61056369586764,0.16554641695693137,0.4722724028646385,23.32638328423934,5.666792674188594
2,1.8,34.632031514240104,-120.61056407913733,0.16571596102882177,0.4739872747916403,23.32603924147128,5.666784860196924
2,2,34.63203111330814,-120.61056390710172,0.16595632084645331,0.47642195732758724,23.326363880322617,5.666753173784799
2,2.2,34.63203189496753,-120.61056429037139,0.16618269530218094,0.47870173834352997,23.32569021525103,5.666821604190637
2,2.4,34.63203149403559,-120.61056411833576,0.16642305512167513,0.4811364314707621,23.32601485019501,5.666789937395444
2,2.6,34.632031573952766,-120.61056488487502,0.16676214326452465,0.48456620598350636,23.32532676067723,5.666774367628059
2,2.8,34.63203191472156,-120.61056471283938,0.16705933346692473,0.4875657246240024,23.325321781096022,5.666818966232275
2,3,34.632031553748256,-120.61056492407334,0.16746923735830932,0.4917153662324064,23.325302368948144,5.666779575421969
2,4,34.63203149313473,-120.61056504166832,0.16959051963686944,0.5131627665478404,23.325229193576888,5.666795728173368
2,4.5,34.63203105179411,-120.6105649480294,0.17124506764207037,0.5298959352071406,23.325505045786542,5.666775475639
2,5,34.63203181279783,-120.61056583216264,0.17376226845011117,0.5553370542237759,23.324414163045617,5.666854196145206
2,6,34.63203167046533,-120.61056702987959,0.18187939161993563,0.6374051401762985,23.32345774477551,5.66691127955136
2,7,34.63203166775719,-120.61056752420961,0.1941971814064309,0.7619296687436284,23.323038098754694,5.667089895219487
2,8,34.63203154382272,-120.61056825372408,0.2107575357509777,0.9293330979663659,23.322472090871486,5.667357605405115
2,9,34.63203085777717,-120.61056866312009,0.23163127040117978,1.1403235300841283,23.322428396314763,5.6677285302633535
2,10,34.6320315338921,-120.6105693076974,0.25686123037617653,1.3952621865275172,23.321579181007564,5.668427280827386
2,11,34.63203168785207,-120.61057001541933,0.28657411472965033,1.6954330147857153,23.320908229842473,5.669330531993378
2,12,34.63203135962163,-120.61057116954363,0.32093946753628555,2.0424995556672623,23.320071461801945,5.670505492561996
2,13,34.63203151177396,-120.61057144825647,0.3598026771554724,2.434759923016983,23.31976656066837,5.672175314996633
2,14,34.632031662572956,-120.61057311190828,0.4034170835632831,2.8747036429739197,23.31828311130431,5.674314653096957
2,15,34.63203189282767,-120.61057372812085,0.45176970659848303,3.3619913924985814,23.317656155798772,5.677128061280988
2,16,34.63202961659786,-120.61057350813878,0.5050999590056017,3.8990045342224953,23.318854799584358,5.680482298637389
2,17,34.632026979003065,-120.61057168549246,0.5632392437905074,4.48363111193636,23.321578735385856,5.684748253964364
2,18,34.632022576676526,-120.61056902671368,0.6264129883795977,5.117940691744661,23.325799194670367,5.6899221943251765
2,19,34.63201671046683,-120.61056497657468,0.6947488389415667,5.802767523734314,23.331855808984244,5.696233133188135
2,20,34.63200863880457,-120.6105595351304,0.7681899652015418,6.537121125149219,23.340079157940693,5.703781215984765
2,21,34.63199730007983,-120.61055009823131,0.8469069167021662,7.3221271543522715,23.353160947372203,5.712767655123132
2,22,34.63198125117239,-120.61053704927548,0.9309555772412569,8.157845757195714,23.371421024121446,5.7232526948186795
2,23,34.631961714696,-120.61052132689149,1.0204915059283377,9.044856602213196,23.39352110347005,5.735577338124645
2,24,34.63193684764108,-120.6104999439242,1.1154588787518442,9.98172728258989,23.422834814217822,5.7498993979240325
2,25,34.63190524705957,-120.61047366710673,1.2160831245873123,10.9698235808036,23.459348805372144,5.766349883463169
2,26,34.63186761496361,-120.61044211354948,1.3222515313280747,12.006565070861583,23.503092825926046,5.785267347364939
2,27,34.631822930100256,-120.61040306284788,1.4343041952019557,13.09373195006188,23.556438301505295,5.80699037015348
2,28,34.63177089221015,-120.61035707070596,1.55211347306706,14.22839657605822,23.61907543674033,5.831748838152857
2,29,34.631709177171714,-120.61030341050665,1.6758768849018961,15.410949678496987,23.69271012329665,5.859706837051795
2,30,34.631638527226144,-120.61024208288146,1.8056512656193227,16.63948582225133,23.777056639417424,5.891288121907658
2,30.5,34.63159768303165,-120.61020633018857,1.8727451126035304,17.270178540183537,23.826140168819222,5.90839853944229
2,31,34.631555036340636,-120.61016843617875,1.9415364184509962,17.9130526471983,23.877922862822345,5.92665414186987
2,32,34.6314585247175,-120.61008417608753,2.0839133384171875,19.232617561392725,23.99403186364549,5.9662151752911745
2,33,34.631349554986,-120.60998781027004,2.232867784933187,20.595426909269207,24.126507344590948,6.010497204328597
2,34,34.63122502252256,-120.60987822977076,2.3883709166878835,21.998662423440457,24.277863877973573,6.059631955102556
2,35,34.63108294599504,-120.60975133925541,2.550565395404585,23.440047929626797,24.452700753240663,6.11403613601903
2,36,34.63092280567459,-120.60960901700308,2.7195350388884547,24.916755616035523,24.64988224176608,6.1740446483796605
2,37,34.630740396557854,-120.60944716836762,2.8952520347284154,26.42539227706352,24.875178992548115,6.23982251349503
2,38,34.6305364623665,-120.60926579573122,3.0777732472596693,27.961709041926078,25.128586556944924,6.31188182187746
2,39,34.63030802085819,-120.60906174351771,3.267226436476223,29.52280613117994,25.414657335647917,6.390544068071646
2,40,34.6300534522236,-120.60883390482131,3.4636964630726728,31.10497799548691,25.735639968072974,6.476170312679146
2,41,34.62977079632932,-120.60858134496529,3.666971009091474,32.70235052162357,26.09391229027591,6.568928216272595
2,42,34.62945781353173,-120.60830090988627,3.8772347006229686,34.31170685192351,26.49402319209304,6.669237630209549
2,43,34.62911262455736,-120.60799243206225,4.09461433403939,35.929612794364594,26.937930973746745,6.777424698914914
2,44,34.62873575492348,-120.60765404018055,4.3190262161633,37.54957545085017,27.427915005642262,6.89393504909374
2,45,34.6283224418035,-120.60728313684356,4.550356899312697,39.167468698691394,27.96983497847725,7.018781374466923
2,46,34.627873030928704,-120.60687955601139,4.788903707058169,40.77979552516903,28.564914786531574,7.152544674186297
2,47,34.627385084036234,-120.60644142806918,5.034355700659566,42.380342869386034,29.2175121475006,7.295247354444531
2,48,34.62685680471806,-120.60596615757191,5.286826802092604,43.96516574810201,29.93244780196744,7.4472434985864835
2,49,34.62628749804841,-120.60545413493809,5.54642992401775,45.53047109194615,30.711517048250187,7.608858607457667
2,50,34.62567332557534,-120.60490106227505,5.812727597905323,47.070206298805,31.562599159173487,7.779951531404248
2,51,34.62501403378422,-120.60430788594023,6.0857619676170875,48.58065981805639,32.48712362577419,7.96076817348595
2,52,34.624307347649314,-120.60367107576836,6.365548357234337,50.057996470267256,33.491720303941634,8.151538399518266
2,53,34.623550571358365,-120.60298970410378,6.651817905887961,51.49817290600006,34.58128688505798,8.352157182938729
2,54,34.62274173169941,-120.60225968826407,6.944713671495207,52.897924269285,35.76301669883355,8.562974960349134
2,54.5,34.622317850655,-120.6018769011666,7.093504881829023,53.58104585914986,36.38875614355288,8.672148632611222
2,55,34.62188289724349,-120.60148543562839,7.2428486656155435,54.24866333648672,37.03408977764707,8.783036114657877
2,56,34.620980638252966,-120.60067123150297,7.543055496425368,55.53497736744934,38.388011530464894,9.01002259889068
2,57,34.62003470055857,-120.59981802229515,7.845376411505043,56.7575405794289,39.82560866640574,9.243865108902503
2,57.5,34.619544638749105,-120.59937589277247,7.997444872534834,57.345370371582405,40.57743381219319,9.363433743824599
2,58,34.619039547177096,-120.59892010240542,8.150703697448597,57.91994112882069,41.35707173902591,9.485205242959228
2,59,34.61798550100573,-120.59796848341725,8.460948226243257,59.028403571157355,42.998595692329786,9.735585964953115
2,60,34.61687099095074,-120.59696245396762,8.776364966280758,60.08179120646707,44.75278683791856,9.99532761803968
2,61,34.61569186438954,-120.59589832079445,9.097096419911832,61.07851717470012,46.62608329618513,10.264665494752453
2,62,34.61444751246588,-120.59477405481157,9.423243072926999,62.01587571942687,48.61937628916786,10.543898360126288
2,63,34.61313728683181,-120.59359043950826,9.755087930532172,62.89262392847966,50.73012171738543,10.83339184087475
2,64,34.61175643588356,-120.59234489379418,10.092518420781941,63.70684338139384,52.96068304353366,11.133144166241113
2,65,34.61030535346074,-120.5910344550544,10.435650144060142,64.45541249945009,55.306505914588456,11.44354067082695
2,66,34.6087824725887,-120.58965841923543,10.784738467407413,65.13712392301721,57.76123402125211,11.764957680933785
2,67,34.607184705217314,-120.58821570042834,11.139755708003417,65.75066240081824,60.31815434250666,12.09749710113873
2,68,34.60551192668558,-120.58670521395979,11.500901448213495,66.29473846838034,62.96492663030557,12.44154284173847
2,69,34.6037627916345,-120.58512493964719,11.868219871374778,66.76822631353768,65.68857138440455,12.797334787011733
2,70,34.60193469480539,-120.58347473231842,12.241782220875844,67.17143251876433,68.47454937937044,13.1650552453171
2,71,34.60002733359046,-120.58175202105501,12.621817293975502,67.50420971909504,71.30488504685974,13.545153221575395
2,72,34.5980375828956,-120.57995534382351,13.008128330999986,67.76714608220263,74.16299764949781,13.937605927141975
2,73,34.59596462172939,-120.57808400631124,13.401028080164455,67.96215236259154,77.02870737183764,14.342871025268588
2,74,34.59380710835343,-120.57613599613059,13.8005611984469,68.09095774881064,79.88276014324089,14.76119255893414
2,75,34.59156240071369,-120.5741107923523,14.206629902476445,68.15623169669719,82.70769971316582,15.192623529205854
2,76,34.58922779863213,-120.57200434321652,14.61932219453808,68.1602057636031,85.4876958138156,15.637517232959723
2,77,34.58680188297851,-120.56981706784168,15.038695967152716,68.10682021192251,88.20656573898191,16.096058494895367
2,78,34.58428283441339,-120.56754602485975,15.46469772911817,67.99916467641073,90.85095566888049,16.568441741042797
2,79,34.58166761613727,-120.56519053078883,15.897470631501637,67.84148522352419,93.41092086084484,17.054971710156966
2,80,34.578952930007674,-120.56274764863782,16.336847976232878,67.63703118568445,95.87891372375412,17.55575541632611
2,81,34.57613687974612,-120.56021686855274,16.78278958723694,67.38996501059542,98.24832250500384,18.070937536146616
2,82,34.57321769092154,-120.55759564117052,17.235412120413965,67.10406499957935,100.51447419504501,18.600879427392414
2,83,34.570190068879036,-120.55488290815293,17.694519644709306,66.78283164501948,102.6777426769878,19.145637270723864
2,84,34.56705467953944,-120.55207480591413,18.16018805326335,66.42959261352065,104.73458580987938,19.7055748867928
2,85,34.563806410100916,-120.54917176895475,18.632192764878273,66.04784829932855,106.68830015672029,20.280688275088526
2,86,34.56044305098724,-120.54617070557018,19.1107221304439,65.64070066928774,108.54027386067872,20.871457566404253
2,87,34.55696266968421,-120.54307073561732,19.5955675610872,65.21113350943921,110.2930285536616,21.477920141909557
2,88,34.55336171614056,-120.5398698768579,20.086605805377477,64.7616205810398,111.95063823406258,22.10026272059001
2,89,34.549637682578044,-120.53656559796394,20.583898233484476,64.29461560770551,113.51675198789354,22.73885159107632
2,90,34.5457877611038,-120.5331559225241,21.087378810688854,63.81231887005916,114.99560779584647,23.393928866034994
2,91,34.541811466094714,-120.52964278565145,21.597135486815127,63.31782993423694,116.39121343371778,24.0656850676774
2,92,34.5377048915814,-120.52602124211413,22.113104176780208,62.81227097636284,117.70810241082984,24.754500437956324
2,93,34.53346489540919,-120.5222926803355,22.635274147069083,62.297833327926384,118.95162637341252,25.46056189731821
2,94,34.5290898954523,-120.51845606917338,23.163735554736107,61.776349662181524,120.1257605037182,26.184199716257826
2,95,34.524579747608605,-120.51450999635415,23.69852265073918,61.24952193433788,121.23374826111723,26.925665724707333
2,96,34.51992943821232,-120.51045568953724,24.239752490722577,60.718840546770586,122.2813549959958,27.685315206945166
2,97,34.51513864567343,-120.50629025606084,24.78748896579817,60.18548381908061,123.27127454656738,28.463483968375503
2,98,34.510204974605486,-120.50201509575193,25.341779199199753,59.650860025889074,124.20778784671893,29.260385401431698
2,99,34.505125671111074,-120.4976286402926,25.902728912228717,59.11585664968172,125.09444916972075,30.07640867450051
2,100,34.49989860121176,-120.49313135984836,26.470343936298043,58.58147623509892,125.93476493353842,30.911759145648602
2,101,34.494521753965685,-120.48852169219818,27.04478721787408,58.04852909006159,126.73159608878962,31.76684951347356
2,102,34.488993256251476,-120.48379917872572,27.62602332341019,57.51769201337311,127.48778794309857,32.64187362289424
2,103,34.48331102246943,-120.47896468175023,28.214228373847902,56.989870005849866,128.2062964647556,33.53715807662846
2,104,34.477471084969324,-120.47401571451691,28.809354553685523,56.46513798390098,128.88977096418245,34.453043183787514
2,105,34.47147284155743,-120.46895314567755,29.41169184336532,55.94449893263548,129.54036087599405,35.389892350952564
2,106,34.46531246372184,-120.463775594373,30.020994420549833,55.42786281189921,130.1604905451161,36.34783525738132
2,107,34.458988432756584,-120.45848245208843,30.63752554243803,54.91585070452698,130.75197249300902,37.327303374629594
2,108,34.45249819026512,-120.4530736629535,31.261364543083126,54.40881342191624,131.31681497818755,38.328592721619636
2,109,34.44583943701333,-120.44754824078908,31.892549315848388,53.906963057513266,131.8566737391401,39.35199158278534
2,110,34.43900931605015,-120.4419066848307,32.53103225570545,53.410475007007534,132.3734125313951,40.39768424613262
2,111,34.43200544247543,-120.4361473035905,33.17722020653263,52.919738428872556,132.8683367636711,41.46628845386213
2,112,34.42482639756078,-120.43027021860236,33.831009966097774,52.434899804254655,133.34274155429597,42.557891185706154
2,113,34.41746819968641,-120.42427577585792,34.49253907952924,51.95607593225829,133.79830704987415,43.67288097377124
2,114,34.40992978276742,-120.41816393991617,35.16200217187125,51.48360418483547,134.2360308788481,44.81156882482873
2,115,34.402208726191795,-120.4119326511173,35.83963822895754,51.01758088046026,134.65680686656424,45.97444243139579
2,116,34.3943026699922,-120.4055833624411,36.52550024166145,50.55816730306655,135.06189996443982,47.161694489347774
2,117,34.3862086397627,-120.399115502535,37.21974215891306,50.10540076921986,135.45231592565847,48.373709323001776
2,118,34.377925143296714,-120.39252850453303,37.922631335083395,49.659493224455304,135.82877599039807,49.610880865163544
2,119,34.3694493927053,-120.38582328492578,38.634293156769125,49.22051591479538,136.19230315151412,50.8734946194253
2,120,34.36077941815,-120.37899835293679,39.3548976029912,48.78847649072666,136.543462629411,52.16192584341912
2,121,34.351911746117885,-120.37205501878286,40.084683926209806,48.363466387159974,136.88327735617997,53.47656300448898
2,122,34.3428441098733,-120.3649923469557,40.82369540572446,47.9453838466386,137.2122996934188,54.81767572624951
2,123,34.33357459714366,-120.35780924672726,41.572272860229944,47.53434232950599,137.53099057823226,56.185740864758394
2,124,34.3240996972491,-120.35050665560759,42.33048762599751,47.130251564108036,137.8401640400491,57.581035501150595
2,125,34.31441646215106,-120.34308403807157,43.09849750406947,46.73303917098458,138.14036040816507,59.00393260906044
2,126,34.30452347585547,-120.33554124996452,43.87674295368325,46.34291697780769,138.43196181963253,60.45490573188633
2,127,34.29441693553,-120.32787978671267,44.66516922448389,45.95968523855243,138.7157166346928,61.934131567197156
2,128,34.28409354361713,-120.32009617609033,45.46399495728314,45.583147657511454,138.99181031735662,63.442168757983566
2,129,34.27355108380788,-120.31219269642291,46.27361803561449,45.21350883300225,139.26082852206076,64.97939675329584
2,130,34.262787318494674,-120.30416845120934,47.09408601871412,44.85061102677674,139.5230415415058,66.54607596334792
2,131,34.251795394855364,-120.29602107503494,47.92513902242948,44.49382957946346,139.77897285826515,68.14259318035477
2,132,34.24057366895138,-120.28775138700153,48.76726278679352,44.143388482211186,140.02892594363902,69.76941969193835
2,133,34.22911751505054,-120.2793570344925,49.620367888085546,43.798903768552755,140.2731706947513,71.42693667307022
2,134,34.21742175173255,-120.27083714469069,50.48427985217143,43.45999025667639,140.5121115799135,73.11544640869766
2,134.5,34.211481952093806,-120.26652998768843,50.92017411210854,43.29245908327685,140.6297531045061,73.97140168859092
2,135,34.205480766506845,-120.26219030777447,51.35889656287059,43.1262903494605,140.74610722477502,74.8353611285276
2,136,34.193292977992144,-120.25341488804732,52.2439878229294,42.797572882286275,140.97517843581352,76.58676840919091
2,137,34.18085624665434,-120.24451072570541,53.13923812521063,42.47358992171894,141.19949913345522,78.36967349502179
2,138,34.16816744106332,-120.23547859288449,54.04431812742259,42.15408056971795,141.41936705314447,80.18410179797401
2,139,34.155224856747665,-120.22631887598953,54.95884220025316,41.83881446192685,141.63493915697222,82.0299715058569
2,140,34.142027599976814,-120.21702956436481,55.8824696673723,41.527562475032525,141.84615526824075,83.90728455880497
2,141,34.12857228754343,-120.20761236592233,56.81491489724908,41.22013169933305,142.05336413067073,85.81608871322895
2,142,34.11485889144337,-120.19806635666235,57.75569548923988,40.91630332943482,142.25652206164227,87.75619669622421
2,143,34.10088476798252,-120.18839324701484,58.70458321106713,40.61595552435742,142.45591249669735,89.72765483088443
2,144,34.08664802985095,-120.17859196434333,59.66122561718151,40.31887328711873,142.65158742755852,91.73049976571397
2,145,34.07214722125133,-120.16866197861742,60.62519940849487,40.02484805855965,142.84360943994824,93.76467425025201
2,146,34.057382964788694,-120.15860446657275,61.59663012401201,39.734041212201035,143.03203318356157,95.83026538402858
2,147,34.04235312091486,-120.1484192909393,62.57520887690969,39.446279726572534,143.21698255598506,97.92732060378094
2,147.2,34.039315187614704,-120.14636756524254,62.77168817951344,39.38906482463448,143.25359743320928,98.35043504243302
2,147.4,34.036268588555494,-120.14431033712958,62.96840273769852,39.3320087196668,143.28995426790078,98.7746616700861
2,147.6,34.03321671340534,-120.14225122792318,63.16514797538798,39.27520761523414,143.32608997002615,99.19948110651251
2,147.8,34.03015950564685,-120.14018984954531,63.361754760275595,39.21857458703799,143.3619881786392,99.62480545145675
2,148,34.02709961668907,-120.1381267409824,63.55831941145938,39.16224898231313,143.3975517238888,100.05048947177211
2,148.2,34.02403686285398,-120.13606351738072,63.754515052706004,39.106110634939526,143.43288309799414,100.47626802551801
2,148.4,34.02097303127956,-120.13399964046117,63.95058127007075,39.050309620971916,143.467869419238,100.9021924216242
2,148.6,34.017906642275605,-120.131935110301,64.14640620078706,38.99474521499025,143.50258671240567,101.32829369372725
2,148.8,34.01484028947716,-120.12987007599583,64.3419167932365,38.93946975290552,143.536922739131,101.75433780844486
2,149,34.011772242247325,-120.12780546429575,64.53704278730136,38.884411876179115,143.57101546719423,102.18036092460287
2,149.2,34.00870497009165,-120.12574034794424,64.73191040332802,38.82968418173323,143.60470160327475,102.60630967222158
2,149.4,34.00563717415151,-120.12367619141148,64.92637768113799,38.775208737848345,143.6381267385991,103.03212177469803
2,149.6,34.00256941251509,-120.1216115295832,65.12053065147158,38.72100847195256,143.6711902568103,103.45787446580042
2,149.8,33.99950186591009,-120.11954782670817,65.3143392120367,38.667101062851906,143.70396686409458,103.8834731149421
2,150,33.99643453385638,-120.11748508224336,65.50780335373804,38.61348274501821,143.7364607467336,104.30891712562527
2,150.2,33.993366926372666,-120.11542236893597,65.70082555812505,38.56007552327067,143.76864958955576,104.73421817561093
2,150.4,33.990300090967494,-120.11335914890897,65.89358936598059,38.506976743785536,143.8004615828337,105.15944075752175
2,150.6,33.98723272875446,-120.11129688596971,66.08595283942577,38.45411019765388,143.8320376634323,105.5845239538809
2,150.8,33.98416557906814,-120.10923557957656,66.2779718790967,38.40151918573793,143.86334772261148,106.0094504528575
2,151,33.98109846017764,-120.10717376539041,66.46967661564145,38.34918008373921,143.89432776429885,106.4343136655043
2,151.2,33.976498015890876,-120.10366475753327,66.75648070907685,38.26342262811401,143.91877853894408,107.08902317596485
2,151.4,33.97343157735174,-120.10160370068577,66.94729897407908,38.2117576164192,143.94912041373732,107.5135333413834
2,151.6,33.97036460923436,-120.09954359833776,67.13771690545603,38.16030764077303,143.97924596648778,107.93790199188632
2,151.8,33.96729859075788,-120.09748444994955,67.32784625144396,38.10916052842092,144.00909325855514,108.36209373322856
2,152,33.964232291638524,-120.09542532866108,67.51753366578556,38.05819605251879,144.03867294211943,108.78613880686203
2,153,33.94890277052551,-120.08513484046118,68.46081542163249,37.80689524116106,144.18265205264805,110.9044307499172
2,154,33.933575674806654,-120.07485232526804,69.39522333467006,37.56106634809932,144.32042239240178,113.01936955581316
2,155,33.918252042662566,-120.06458065426463,70.32075250366238,37.320469483304436,144.4524777301408,115.13070540715371
2,156,33.902930458110035,-120.05431777587988,71.23744883573335,37.08475285440464,144.57913855666038,117.23861051476912
2,156.2,33.899866557996724,-120.0522666304202,71.4196771326447,37.03816190158969,144.60386390071835,117.65971664349418
2,156.4,33.89680267468476,-120.05021496737272,71.60159114100318,36.99175243249493,144.62835148692483,118.08074919258459
2,156.6,33.89373830982212,-120.0481646373049,71.78327399561927,36.94557032046967,144.65270919560425,118.50171618694353
2,156.8,33.890672729837824,-120.04611286372253,71.9644894856885,36.89945913099531,144.67683906783935,118.92264452307168
2,157,33.8876062372982,-120.04406188728537,72.14554570631496,36.85357883581079,144.7008349564743,119.34360490326414
2,157.2,33.88453901988467,-120.04201039231849,72.32623193237372,36.807831438266646,144.72463109161635,119.76451080470898
2,157.4,33.88146996797586,-120.03995823375779,72.50673347928934,36.76225383781864,144.74826553021535,120.1855620653942
2,157.6,33.87840019040465,-120.03790555643812,72.6868650858216,36.71680616940138,144.77170454912948,120.6065587137677
2,157.8,33.875328329105024,-120.03585314063388,72.86685363916959,36.6715486103418,144.79503703483584,121.02770460913261
2,158,33.872255741437606,-120.03380020576161,73.0464723042259,36.62641791794621,144.81817790328705,121.44879575439592
2,158.2,33.869181318246426,-120.03174660713577,73.22590642476361,36.581450810515584,144.8411643998287,121.87003182804571
2,158.4,33.86610499786062,-120.02969195450638,73.40498687413242,36.53657513982498,144.86398304985852,122.29133136074674
2,158.6,33.863026592945715,-120.02763756320788,73.58392441785708,36.49188347435409,144.88670124708858,122.71277982962593
2,158.8,33.85994703031247,-120.0255821178652,73.76256409328803,36.447320735895886,144.90922741413902,123.13427122375516
2,159,33.8568656312584,-120.02352600887717,73.94101938440092,36.40291600717424,144.9316059166262,123.55590727267847
2,159.2,33.85378208538528,-120.0214697707551,74.11916272053402,36.35862082425102,144.95387326381706,123.97761098343587
2,159.4,33.85069670267638,-120.01941286900184,74.29712175598927,36.31448101897528,144.97599584075675,124.39945930213672
2,159.6,33.847608991178646,-120.0173543788988,74.47479928577413,36.270433340082654,144.99795255663463,124.82146911740871
2,159.8,33.84451987214629,-120.0152957596276,74.65222069216799,36.226531134431546,145.01977551109098,125.2435258236122
2,160,33.841428485922535,-120.01323594272364,74.82952984625939,36.182788057143036,145.04145062406195,125.66582466482785
2,160.2,33.83833495165231,-120.01117599666529,75.0065272667287,36.13914883293209,145.063021419069,126.08819146275538
2,160.4,33.835240009152194,-120.00911592132509,75.18326867699437,36.095651190542526,145.08446260083167,126.51060507231331
2,160.6,33.83214205886711,-120.00705464864112,75.35984229663573,36.052270312477376,145.10578636934417,126.93328205398164
2,160.8,33.82904177830859,-120.00499178823264,75.53613471438456,36.008975630656884,145.12695319341685,127.3561209699357
2,161,33.82594008879822,-120.00292879864132,75.71217125472427,35.965819219345384,145.1479945454231,127.77900678781039
2,162,33.81039801762465,-119.99260283901712,76.58935066592414,35.75193140518108,145.25141429994176,129.8959488906497
2,163,33.79480126245871,-119.9822562255641,77.4608798013758,35.540877877007254,145.35182155783684,132.01669195311487
2,164,33.77914844425314,-119.97188975158582,78.32699193077907,35.33259909415675,145.44943901847398,134.14144596723054
2,165,33.76344039623869,-119.96150449396417,79.18754933589697,35.12696768961496,145.54441402771,136.27002459942173
2,166,33.74767574225132,-119.95109847470174,80.04260526813007,34.92383799981504,145.6368350791488,138.40265160664512
2,167,33.73185537876858,-119.94067316137492,80.89219116205443,34.723159887909596,145.7268470124286,140.53922108481672
2,168,33.71597952672642,-119.9302276416188,81.73627185325604,34.52481960741087,145.81451630978188,142.67974074100363
2,169,33.70004723903118,-119.91976324153227,82.57500882026181,34.328775267551485,145.90002408392513,144.82432664950946
2,170,33.68405750201892,-119.90927812672797,83.4082145890873,34.1348375745594,145.98342574883094,146.97303405918498
2,171,33.668012264750736,-119.89877323204425,84.2361035870621,33.943047342149505,146.0647884462461,149.12580621185816
2,172,33.651909033939724,-119.88824949151508,85.05855747614987,33.753249218429666,146.1443013492315,151.28273585422312
2,173,33.63574901524445,-119.87770507180352,85.87555534145609,33.56536920802403,146.22194211333988,153.44380691933085
2,174,33.61953243157551,-119.867141829066,86.68724211989156,33.37940829040778,146.2978447844912,155.60901574043177
2,175,33.60325759354349,-119.8565583233369,87.49354444551841,33.19522982851647,146.3720744543108,157.77852389545123
2,176,33.58692595599218,-119.84595456713957,88.29457975682337,33.01283587664539,146.4446585648684,159.95229534209483
2,177,33.57053643710369,-119.83533110142622,89.09017186459806,32.83210024010598,146.51570650263398,162.13030428168886
2,178,33.55408883490365,-119.82468925200016,89.88053801833652,32.65304086740078,146.58532473935236,164.31264390547855
2,179,33.53758311497302,-119.8140262669946,90.66550541317835,32.47552599361671,146.65347842173566,166.499350751227
2,180,33.52101925807554,-119.80334492195782,91.44526049734931,32.299585938213696,146.7203100411624,168.69042443262418
2,181,33.5043965584345,-119.79264285964723,92.21974439166208,32.12511993137027,146.7858101770338,170.8860016820311
2,182,33.486047871093845,-119.78043329954147,93.06539548892341,31.931056186196237,146.84351805699862,173.3235407514155
2,183,33.469304919960784,-119.76969274205099,93.82881427968667,31.759712321975123,146.90662017059162,175.52814790874007
2,184,33.4525020552598,-119.75893242454327,94.58696964275558,31.58969689394918,146.96857745428713,177.73734970980766
2,185,33.43563839919833,-119.74815130822432,95.340013634976,31.420988723400388,147.0294172288245,179.95135782925303
2,186,33.41871442347761,-119.73735032748708,96.0880500423871,31.253593914445144,147.08919321724693,182.17016516374704
2,187,33.401730451829295,-119.72652962699219,96.83084466999676,31.08742027667943,147.14793707679405,184.39362827161526
2,188,33.38468518251346,-119.71568764514716,97.56862230596226,30.92245920071795,147.20566532699127,186.62205397521208
2,189,33.3675791947354,-119.70482636549447,98.301286709941,30.758678390164683,147.26245361699284,188.8552746961813
2,190,33.35041259600432,-119.6939438339206,99.02900394003093,30.596074373529788,147.31827436000452,191.09346827740478
2,191,33.33318405779652,-119.68304150848064,99.75164031997882,30.43457430868363,147.37322478368094,193.33662421970544
2,192,33.315895035565816,-119.6721194031165,100.4693132326426,30.27420054021901,147.42730169208613,195.58470111285553
2,193,33.29854425900905,-119.6611766133024,101.18187892364058,30.11486335374081,147.48053218752722,197.837780612371
2,194,33.281131353548055,-119.65021302631708,101.88958653406334,29.956591868952476,147.53294533771077,200.09604395415374
2,195,33.263656714842995,-119.63922918041477,102.59237106319704,29.799353734614968,147.58457101680688,202.35941699986637
2,196,33.246119755070126,-119.62822653037217,103.29015397031047,29.6431074790448,147.6354804152436,204.62786042783213
2,197,33.22852082302211,-119.61720221063314,103.98306046982762,29.487843429627485,147.68561322168762,206.90154841352137
2,198,33.2108596499663,-119.60615715508114,104.67113967219181,29.333553234076547,147.73501964907427,209.18050342965554
2,199,33.19313564781503,-119.5950928178737,105.35431318194699,29.180198412493983,147.78376655266828,211.46468683470408
2,200,33.17534860546535,-119.58400777535805,106.03262027391233,29.027754328112078,147.8318398025741,213.7542126811639
2,201,33.1574989969519,-119.57290296025869,106.70616488282197,28.876236951437576,147.87927135660618,216.04907001516116
2,202,33.13958652980417,-119.56177655412426,107.37481757542305,28.725580646636306,147.92603889586883,218.3493104696701
2,203,33.1216100357182,-119.55063080339875,108.03878312413022,28.575813008829538,147.97223353680045,220.65505372039001
2,204,33.103570624289304,-119.53946349366181,108.69787279564794,28.42687259687883,148.01779779938403,222.96622264968425
2,205,33.085466624269735,-119.52827595463648,109.35219555011858,28.27875434777786,148.0628068870659,225.28296992909677
2,206,33.067298427379164,-119.51706872107714,110.00168666357733,28.1314354488653,148.10727978306386,227.60522352671126
2,207,33.04906605911763,-119.5058394578835,110.64634468323179,27.984885565810544,148.15117511954872,229.93309647879354
2,208,33.03076943337051,-119.49459053163616,111.28618748748862,27.839106888122544,148.19456169764965,232.26651942704163
2,209,33.012407916853,-119.48332000648996,111.92132802059129,27.69408961048795,148.2374178396832,234.60569978631952
2,210,32.99398041328488,-119.4720284173061,112.55159276428633,27.549773378444467,148.27978491845147,236.95063773839206
2,211,32.9754885602592,-119.4607172127778,113.1770673257215,27.406190257626072,148.32167976195962,239.30119141319867
2,212,32.95693005507896,-119.44938302789069,113.79778790985979,27.263289395329345,148.36307515483315,241.6577329741676
2,213,32.93830639458153,-119.43802926026726,114.41368087285106,27.1210794017689,148.40403216072104,244.0199707552518
2,214,32.919616201498414,-119.42665397822002,115.02480531265121,26.97953445651157,148.44453955304272,246.38814896301514
2,215,32.90085944401988,-119.41525719919035,115.6311699616816,26.83864487539932,148.48460746662903,248.76229000573025
2,216,32.88203576528414,-119.403839455876,116.23265613281261,26.698375070358402,148.52426124351302,251.14236093660722
2,217,32.86314545722977,-119.39240024971902,116.8294000832513,26.55874260871434,148.56349448127378,253.5284399143373
2,218,32.844188487332566,-119.38093959809585,117.4214106431352,26.419738695319396,148.60231635214154,255.92054909992967
2,219,32.825162916808694,-119.36945700410111,118.00866149234399,26.281325938800144,148.64075242879392,258.3188792621366
2,220,32.806070292712114,-119.35795351392909,118.5910694329571,26.143500271418052,148.67880909010523,260.7232303971532
2,221,32.78690974532024,-119.34642811671142,119.16878996739815,26.006269070596982,148.71648539803584,263.13380986888575
2,222,32.76768091487932,-119.33488134400069,119.74170478644129,25.869600045519658,148.75380377534452,265.55058648247365
2,223,32.748383349718345,-119.3233127001664,120.30989638426993,25.73349405525257,148.79076702646046,267.97367534372114
2,224,32.72901743309779,-119.31172271604072,120.87330067974888,25.59793739265494,148.82738647363954,270.40300711150076
2,225,32.70958196878081,-119.30011089663216,121.43194624610804,25.46291417002565,148.86367445011854,272.8387359368636
2,226,32.69007748367537,-119.28847583569772,121.98592875005771,25.32843343358735,148.89960284237372,275.2809370071216
2,227,32.67050305325252,-119.27681948848706,122.53504401053767,25.194451070205787,148.9352266973077,277.72952884522834
2,228,32.650859714664044,-119.26514136096861,123.07948289299664,25.061002879365496,148.97052820086617,280.18454667724205
2,229,32.63114594298222,-119.25344147131302,123.61914699812793,24.928050468925207,149.00553233643177,282.6460931934351
2,230,32.61136128630712,-119.24171932715277,124.15411948197335,24.795596632689982,149.04024026517402,285.1142830834611
2,231,32.59150594166354,-119.22997403590797,124.68436896848958,24.663627758503804,149.07463778493786,287.58913945767546
2,232,32.5715800556373,-119.21820703862774,125.20987286488898,24.53214180661436,149.10875379729413,290.07059367498545
2,233,32.55158284618042,-119.20641835340558,125.73058713033423,24.40111887677715,149.14260220662288,292.5587097613245
2,234,32.531514191300865,-119.19460698000908,126.24672263030335,24.270585384206974,149.17617048027182,295.0536518841413
2,235,32.51137321052086,-119.18277253630112,126.758067116661,24.140490259684633,149.2094663996191,297.5554347366029
2,236,32.49116061134425,-119.17091504185305,127.26468445313536,24.010846121771323,149.24248568492328,300.06404021740804
2,237,32.47087589322723,-119.15903633764873,127.76666694791523,23.88166737194089,149.27526971256475,302.5794900311946
2,238,32.4505187353483,-119.14713462111312,128.26388884048257,23.752918074967567,149.30779425501794,305.10185006984864
2,239,32.43008868478981,-119.13520940431792,128.75643411734328,23.624602739263356,149.34005964439268,307.6312341672679
2,240,32.409585472504915,-119.12326161799655,129.24435424257908,23.496727348630074,149.37208789546435,310.1676643853924
2,241,32.389008727775696,-119.111291788908,129.72753227050788,23.369267514153353,149.40389472253588,312.7111156106879
2,242,32.36835781464482,-119.09929801330385,130.2060851783948,23.242226643429994,149.4354582069381,315.26179260166674
2,243,32.34763403709937,-119.08728223453447,130.67997054936924,23.11561144597496,149.4667987242446,317.8194935912091
2,244,32.32683526624836,-119.07524255052469,131.1491985126613,22.989396553902374,149.4979110753742,320.38450890233617
2,245,32.30596228771639,-119.06317999351104,131.61363214554171,22.863566512921597,149.52880592521205,322.95668155495724
2,246,32.285014111244706,-119.05109488616846,132.0736393967839,22.738170843677892,149.55950127665233,325.53625882329555
2,247,32.26399071627955,-119.03898553223927,132.52885336888116,22.6131414957193,149.58997235715344,328.1231739859724
2,248,32.24289235031658,-119.02685377035424,132.97942048265784,22.48850729545213,149.62024786758752,330.7174041257096
2,249,32.22171763015393,-119.01469770365767,133.42540524985455,22.364258781469793,149.6503143718101,333.3191967050652
2,250,32.20046785742788,-119.00251927043881,133.86676518238056,22.240402471430404,149.68019050149906,335.9283494248582
2,251,32.179140901136186,-118.99031657552031,134.30351179718411,22.116915840335448,149.70987051930229,338.545154277521
2,252,32.15773787842516,-118.97809014426585,134.7356356503293,21.993804584431256,149.73935290377085,341.16949992813403
2,253,32.13625736099623,-118.96584040342916,135.16320990333986,21.87106889350315,149.76866011396362,343.80154167637517
2,254,32.11469994540949,-118.95356696927884,135.58613089975435,21.748693454250134,149.797781770769,346.44121436736066
2,255,32.09306536163545,-118.94127077083978,136.00445107745566,21.626685074345122,149.82673581633753,349.0885391295562
2,256,32.07135320006407,-118.92894901062013,136.418248252186,21.505041355516063,149.85548612917887,351.74371965308603
2,257,32.04956303661861,-118.91660452973784,136.8274146491252,21.383750345204223,149.88408021301558,354.40664262516924
2,258,32.02769400818278,-118.90423634716079,137.23211035465448,21.26282483440581,149.9125128692765,357.0775082667878
2,259,32.005746185562415,-118.89184317215972,137.6321380345281,21.142230392327345,149.94076579194245,359.7562997420508
2,260,31.983719411322436,-118.87942634108508,138.02771881286054,21.022000543768133,149.96886089245322,362.4430784326332
2,261,31.961613528534432,-118.86698546987692,138.41869644160383,20.90210849796997,149.99679505194757,365.13782603202446
2,262,31.939428083377496,-118.85452008126805,138.8051572722094,20.782560683599417,150.02456666056935,367.84065342365534
2,263,31.917162282313157,-118.84203019853473,139.18706058812143,20.66334477818951,150.05218421589132,370.5516295988556
2,264,31.894816604601168,-118.82951675118684,139.56451246377827,20.54447980931417,150.07965706912626,373.2707277843647
2,265,31.872390481246352,-118.81697885590583,139.93743138885498,20.425946502185948,150.10697873677861,375.99801902593674
2,266,31.84988386662915,-118.8044165359322,140.3058297550259,20.307744860240295,150.13415067549101,378.73352546188084
2,267,31.827296307110988,-118.79182931671691,140.66979446154087,20.18988137182318,150.1611711358496,381.47735696394955
2,268,31.804626257694053,-118.7792172225215,141.02923267129344,20.07233278689052,150.18805457473593,384.22963071873056
2,269,31.78187517172389,-118.76658027759714,141.38426253960188,19.95512252644707,150.21478923098925,386.99027316169276
2,270,31.75904127976745,-118.75391941146006,141.73483236289303,19.838234375471796,150.24140320018182,389.7593994374533
2,271,31.736125732012248,-118.74123283762883,142.08092584721746,19.721666577635666,150.26786332250197,392.53698813149646
2,272,31.71312728476869,-118.7285223907142,142.42258508653288,19.605421374963722,150.2942048011716,395.32310428567365
2,273,31.690044956985933,-118.7157866939678,142.75980428604595,19.489487695948966,150.32041794110262,398.1179081435953
2,274,31.66688020253189,-118.7030257726398,143.09270169207176,19.37388810133378,150.3464913533943,400.9213238224692
2,275,31.643631127962514,-118.69024014695603,143.4210583274942,19.258583413895828,150.37244765081505,403.7334320399074
2,276,31.620298374779644,-118.67742885183168,143.74514183914195,19.143608764809457,150.39826939988802,406.5543307239047
2,277,31.596881550209595,-118.66459240782588,144.06483847853355,19.02894719704798,150.42396672276345,409.3840029401209
2,278,31.573379854486223,-118.65173084015555,144.38010934034176,18.91458844619431,150.44954648143244,412.22251948214307
2,279,31.549792833490756,-118.63884368044828,144.6910428274935,18.800539413183945,150.47500646458536,415.0699886387229
2,280,31.526120622342564,-118.62593235186262,144.99761870345287,18.686800592092162,150.50036328921044,417.9263419576029
2,281,31.502362052713416,-118.61299408632848,145.29986644610764,18.573362115750463,150.52559179296912,420.7918296669934
2,282,31.478518010695996,-118.60003030750234,145.5978182833027,18.460235007523636,150.55070278516894,423.66633321145895
2,283,31.454587474651678,-118.58704194481685,145.89147675618437,18.347415536624087,150.5757153664888,426.5499205129225
2,284,31.430570834985506,-118.57402721794863,146.18077428757493,18.23489211502873,150.6006048639723,429.44261874655024
2,285,31.40646644540168,-118.5609874678879,146.46582947866153,18.122673557635153,150.62539980265814,432.34457928335297
2,286,31.382275447654987,-118.54792091599245,146.74662715469486,18.01075855872101,150.65007020478402,435.25577847828913
2,287,31.357995444137266,-118.53482890437338,147.02323417629952,17.899145829916723,150.6746497572692,438.17641807303295
2,288,31.333628381209838,-118.52171063689192,147.29548552990798,17.787821962979503,150.69911444627945,441.10630254291425
2,289,31.309172210980666,-118.50856696460953,147.56357542937064,17.676801843452548,150.72348904177835,444.04566866514676
2,290,31.28462772216531,-118.49539660089545,147.82736198939944,17.56606844803428,150.74775254300522,446.9944580362814
2,291,31.25999362173955,-118.48220039865025,148.08709178707005,17.455646282234643,150.7719239090161,449.9528552991204
2,292,31.23527109895327,-118.46897756121523,148.34254794151894,17.345512351608136,150.79598523773376,452.920716414395
2,293,31.210457354818285,-118.45572894227394,148.59387359659652,17.235671916830373,150.81996577076512,455.8983291804812
2,294,31.185554681693752,-118.44245325609218,148.84103090462276,17.12612735791677,150.843834454422,458.88553160961135
2,295,31.160560683237275,-118.42915184613308,149.08408819887134,17.016877880799495,150.8676228363916,461.8825257988064
2,296,31.135475741198746,-118.41582293900761,149.32297943731305,16.90791314939252,150.89130796953805,464.88933924949106
2,297,31.110299368756667,-118.40246836654256,149.55780159122685,16.799245167667014,150.91491318270806,467.9059843502327
2,298,31.085031946182724,-118.38908635597568,149.78848876477127,16.69086366521672,150.93841586099177,470.93248847396995
2,299,31.05967170698073,-118.37546984019089,150.01518543993123,16.582375445540535,150.95957269891346,473.9779234142829
2,300,31.034219659241508,-118.36203442052107,150.23770748622715,16.474573071197135,150.98291666684645,477.0243866698456
2,301,31.008674813440788,-118.34857296732768,150.45624715925473,16.367067419574365,151.0061836265209,480.080897600827
2,302,30.98303639255957,-118.33508322474577,150.6707630450139,16.259845520970817,151.02935387829154,483.1476213718565
2,303,30.957304310998413,-118.32156750994518,150.88127731467597,16.15291314271284,151.05245227775856,486.22448480607807
2,304,30.9314789442924,-118.30802405311498,151.0877248394955,16.04626055278435,151.0754569901734,489.31151553018026
2,305,30.90555886786656,-118.29445330057258,151.29018680642824,15.93989110911028,151.09838144523593,492.40886672237775
2,306,30.87954402677509,-118.28085528385364,151.48867979399023,15.83380576694911,151.12122572242117,495.51655761233627
2,307,30.853433609583895,-118.26723003449773,151.68316916045268,15.727996935804073,151.14399464994028,498.6346614892411
2,308,30.827228714474646,-118.25357806731965,151.8736473345822,15.622468366755392,151.16668601311756,501.76305952210976
2,309,30.800926793053947,-118.23989706493293,152.0602149571227,15.517216266173037,151.18929124450688,504.9021353588031
2,310,30.774528370266026,-118.22618892558387,152.24277853692044,15.41223542615152,151.21182592875812,508.0517363213068
2,311,30.74803414600925,-118.21245368082931,152.42140634047146,15.307535197139469,151.23428537962053,511.2118268899673
2,312,30.721441607891276,-118.1986899817462,152.59599733681978,15.203092568749518,151.2566705748485,514.3826786673987
2,313,30.694751603359137,-118.1848982784828,152.76678765351232,15.098935821808984,151.27898023021987,517.5642797986033
2,314,30.66796432284124,-118.171078668645,152.93355155274645,14.995041550187379,151.3012135399165,520.7565420191788
2,315,30.64107718799181,-118.15723112097888,153.09639696462267,14.891411060990377,151.3233847881828,523.9597568936789
2,316,30.61409165650414,-118.14335566924035,153.2554437655071,14.788061541991683,151.34548485541495,527.1738324873298
2,317,30.58700657723544,-118.12945055143001,153.41052686566394,14.684968448230332,151.36750255795823,530.3989079974117
2,318,30.559821651734488,-118.11551897508443,153.56171026324014,14.582141999548151,151.38947015773329,533.6349051951648
2,319,30.532536663965914,-118.10155732113023,153.7090423241444,14.47958008438179,151.4113529640033,536.8820230482763
2,320,30.505150768652264,-118.08756789913816,153.85249585059006,14.377280164771044,151.43317741442507,540.1402437082327
2,321,30.47766372195142,-118.07354936707962,153.99212483120616,14.275244259782529,151.4549311779187,543.4096734618877
2,322,30.45007488846812,-118.0595031356256,154.127861755766,14.173465157719999,151.47663043630888,546.6902997638443
2,323,30.422383839457712,-118.04542648901538,154.2597965224171,14.07194579712855,151.49825103909234,549.9823162709314
2,324,30.394590881624485,-118.03132221272867,154.38787700926514,13.970685805867465,151.5198167564604,553.2855667065201
2,325,30.36669461692024,-118.01718848975032,154.51218339364698,13.869685221834901,151.5413173884633,556.6002958528113
2,326,30.33869422404767,-118.00302535658325,154.6326844985811,13.768937941969554,151.5627569238834,559.9265790505408
2,327,30.310590793589284,-117.98883332611139,154.74937409678847,13.668447277986415,151.58413330732333,563.2642958487331
2,328,30.282382349998947,-117.97461195776084,154.8622469912665,13.568205294973811,151.60545228225294,566.6136609116478
2,329,30.254069198936147,-117.96036081243767,154.971449680903,13.468226030064699,151.626707296,569.9747171725547
2,330,30.225650909328397,-117.94608040306427,155.07687536031287,13.368498138919476,151.64790444489336,573.3474583811551
2,331,30.19712702638458,-117.93177029130943,155.17862036556565,13.269028296243848,151.66904126809345,576.7319843533639
2,332,30.168497117032675,-117.91743098938795,155.27657819850558,13.169805348963882,151.69012372460975,580.1282893966027
2,333,30.139759573824858,-117.90306158557244,155.37087176237162,13.070834273465431,151.71115106120817,583.5366124669887
2,334,30.110914930237378,-117.88866169721251,155.46140480239598,12.972106831910235,151.73211619495555,586.9568960005424
2,335,30.081962914442006,-117.87423225761026,155.5482384482613,12.873628797853575,151.75302787039027,590.3891526677589
2,336,30.052902865696154,-117.85977372641752,155.63151040546504,12.775411036352471,151.77389246870507,593.833475775419
2,337,30.023733423795115,-117.84528298495516,155.71109672609438,12.677433522193432,151.79468868491745,597.2900978039245
2,338,29.99445544692917,-117.83076370271729,155.7870369275296,12.579706859312788,151.81544316173893,600.7587993692009
2,339,29.965066976840415,-117.81621318416857,155.8593245988097,12.48222083946017,151.83614131400776,604.2398887962347
2,340,29.93556889370959,-117.80163283572014,155.927995090181,12.384982666175395,151.85678988103416,607.733238780015
2,341,29.90595979607722,-117.78702085973795,155.99313302457986,12.287993204662945,151.8773794336285,611.239092885533
2,342,29.87624018969845,-117.77237913355965,156.05464731815923,12.191247658826152,151.89792248441984,614.7573018254507
2,343,29.846407908600117,-117.7577058613869,156.11257337071746,12.094740475714088,151.9184133238325,618.2881684995808
2,344,29.816464209134438,-117.74300197865027,156.16707341741585,11.99849025725601,151.93885276124604,621.8315858229321
2,345,29.786407323894185,-117.7282671027368,156.21790342087579,11.902469671359219,151.9592450305625,625.3876753225444
2,346,29.7562369707088,-117.71350122903938,156.26532971304562,11.806700939800763,151.97959035807685,628.956549325759
2,347,29.72595290806604,-117.69870397567051,156.30920820250827,11.711169905894732,151.99988567853916,632.5382108693151
2,348,29.69555371322974,-117.68387580896135,156.34962952962798,11.615880766110088,152.02014040050165,636.1328110750586
2,349,29.66504028555225,-117.66901587842814,156.38662604440097,11.520837255573456,152.04034230243906,639.7403134100086
2,350,29.634412176971615,-117.65412469486044,156.4200944937514,11.426029454673573,152.06049661814882,643.3607154557643
2,351,29.603666630318582,-117.63920089777491,156.45019046571943,11.331461463639005,152.08060393620838,646.9943937935831
2,352,29.572806263222688,-117.62424593365999,156.47680548451189,11.237132095032859,152.10066291490784,650.6410064386774
2,353,29.54182735197093,-117.60925933669542,156.50008673133328,11.14304319158747,152.12068556442853,654.3009837598877
2,354,29.510731945297568,-117.59424072587203,156.52003958939295,11.049199510144724,152.1406585080406,657.9741485571707
2,355,29.479517290171778,-117.57918967948095,156.53661762460695,10.955589241480606,152.16058963416458,661.6607790591225
2,356,29.448184466180855,-117.56410670847227,156.54981747012678,10.86221497293814,152.18047705275615,665.3607524813217
2,357,29.416731868296562,-117.54899092677346,156.5597689890247,10.769082005198083,152.20031979919088,669.0743046246886
2,358,29.38515960973738,-117.53384373735763,156.566460163665,10.676190589183413,152.22012715331812,672.8013666554048
2,359,29.35346725155004,-117.51866340238735,156.56978637108952,10.583528749527936,152.23988642167217,676.54202979471
2,360,29.32165298904396,-117.5034499310379,156.56991880615428,10.491105624356473,152.25960438111963,680.2965229802403
2,361,29.289718283405374,-117.48820429845273,156.566777318012,10.398918720472691,152.27928111506708,684.0646441201259
2,362,29.257660380565042,-117.4729251603851,156.5605217857603,10.306972419406419,152.2989169609193,687.8467683339933
2,363,29.225479972509877,-117.45761349166558,156.55102345445286,10.215258499311823,152.31851522188094,691.6427552838464
2,364,29.19317583640051,-117.44226887657365,156.53833704236243,10.12377754657423,152.33807670254646,695.452761747046
2,365,29.16074886588336,-117.4268904725722,156.52249742985796,10.03253301781392,152.35759023874436,699.2767490010455
2,366,29.128195905201842,-117.4114796470957,156.50354292382113,9.941521483665628,152.3770779379106,703.1149839672836
2,367,29.09551843439186,-117.39603420711892,156.48159491563774,9.850753094365096,152.39651620983045,706.9674501885297
2,368,29.06271425549112,-117.38055555451068,156.45649719490112,9.760211459291355,152.41592327462547,710.8342658543377
2,369,29.029785030233274,-117.36504284865187,156.4283339893697,9.669905501939073,152.435285029003,714.7153294077108
2,369.2,29.02318386292786,-117.36193686367687,156.42237463673857,9.651875618250436,152.4391578118075,715.493267556468
2,369.4,29.016576849275303,-117.35882856764654,156.41625176243392,9.633849208160806,152.44302519435598,716.2718875348573
2,369.6,29.009965711672535,-117.35571931130974,156.4100251360899,9.615835965762331,152.44689010687057,717.0509795123082
2,369.8,29.003349679492487,-117.35260909493537,156.40364644976054,9.597830461518111,152.45075563223054,717.8306062676551
2,370,28.996727602763087,-117.34949745859039,156.3971451240359,9.579831992076423,152.4546230100043,718.6109082363644
2,370.2,28.99010121736218,-117.3463835130681,156.39057817003876,9.561847903528047,152.45847883656813,719.3917671809828
2,370.4,28.983468969298514,-117.34326949836203,156.38385153799783,9.543869676254088,152.46234556793775,720.173216964941
2,370.6,28.976832411494104,-117.34015317538733,156.37705970742834,9.525905836335832,152.46620075801934,720.9552239151808
2,370.8,28.970190185722757,-117.33703589424505,156.37006847228577,9.507944405041355,152.4700595971724,721.7378291136047
2,371,28.96354268279435,-117.33391719538865,156.36300422159303,9.48999547397318,152.4739171857285,722.5210474021256
2,371.2,28.956890476723956,-117.33079664950442,156.3557492825873,9.47205089800628,152.47776813795633,723.3048085599384
2,371.4,28.950232796648564,-117.32767557633755,156.3484619507268,9.454122309428314,152.48162503167316,724.0891759058738
2,371.6,28.943570033524782,-117.32455219731405,156.34106211339682,9.436202774073099,152.48547347391332,724.8741637976108
2,371.8,28.936902369688752,-117.3214278619945,156.3335124226222,9.418291097181948,152.48932246973573,725.6596878133845
2,372,28.930229426017497,-117.3183021112194,156.3258908485081,9.400391956204079,152.49317019820774,726.4458254636662
2,372.2,28.923551580447917,-117.31517540484157,156.3181198561499,9.382500691889623,152.4970184631577,727.2324994962424
2,372.4,28.91686825690292,-117.31204685376258,156.31011113922298,9.364608544956905,152.50086313638258,728.0197802435272
2,372.6,28.910179848925786,-117.30891731862555,156.30219751719665,9.346742393130956,152.50470883676917,728.807682120428
2,372.8,28.903485961697477,-117.30578593969766,156.29404664503878,9.32887539267797,152.50855094030476,729.596190991363
2,373,28.896787940910183,-117.30265360661622,156.28579557426087,9.31102162986505,152.51239053482107,730.385173742277
2,373.2,28.890083866024774,-117.29951986068689,156.2774256623853,9.293175149655674,152.51623185371352,731.1748338949461
2,373.4,28.883374507471977,-117.29638470241174,156.2689854761837,9.275341264674255,152.52007186810465,731.9651084821493
2,373.6,28.876659666614675,-117.29324770191919,156.26030898597557,9.257506632807493,152.52390827732142,732.7559907609927
2,373.8,28.86994049486516,-117.29011063787463,156.25157330672351,9.239688685095993,152.5277492614581,733.5473401668751
2,374,28.86321585490403,-117.28697081490677,156.2428057072703,9.221884570806179,152.53158004002466,734.3393887468868
2,374.2,28.856485535647472,-117.28383004008502,156.23384265610855,9.204083183895905,152.53541429656764,735.132038241783
2,374.4,28.849750307577345,-117.28068831367905,156.22473264797776,9.186289809822943,152.53924901631353,735.9252256250504
2,374.6,28.84300998715191,-117.2775442885102,156.21551360452176,9.16850568136334,152.54307533853898,736.7190354044229
2,374.8,28.83626418447222,-117.27439974316805,156.2062660512533,9.150737610578974,152.54690739048124,737.5134531520076
2,375,28.829513665831385,-117.27125335839551,156.19683206702862,9.132974178373606,152.5507328366648,738.3084164202202
2,375.2,28.822757858514052,-117.26810556530313,156.1873298850935,9.115223414291416,152.5545569455469,739.1039951350574
2,375.4,28.815995990504284,-117.26495636439405,156.17771154070275,9.097480103009671,152.55838268731566,739.9002527414411
2,375.6,28.809229210024355,-117.261806214203,156.16794759964571,9.079744868080507,152.56220885549624,740.6970490088302
2,375.8,28.802457710728685,-117.25865422615759,156.15799814098048,9.062014340535,152.56602842553093,741.4943913874655
2,376,28.795680349086435,-117.25550126249152,156.14809945853708,9.044304500428797,152.56985187104715,742.2924193400881
2,376.2,28.7888982674534,-117.25234646188417,156.13801571879165,9.026599384420525,152.57366872152318,743.0909936267385
2,376.4,28.782110499025926,-117.24919071344794,156.12773912254815,9.008897201230516,152.57748893873236,743.8901705614069
2,376.6,28.77531743798051,-117.24603355981054,156.1173959793439,8.991207750727442,152.5813077771212,744.6899637588796
2,376.8,28.76851927786928,-117.24287411278821,156.1069463993786,8.973527673632772,152.5851182561454,745.4903806460568
2,377,28.76171563015833,-117.23971415029095,156.09647087338288,8.955863695649857,152.58893433114883,746.2914066252257
2,378,28.72761923940102,-117.22389296390608,156.042015792476,8.86765652347854,152.6079866412315,750.3053865585381
2,379,28.69338899794846,-117.2080359547716,155.9847835710859,8.779679910716228,152.6270036169807,754.3346628353784
2,380,28.659025205929325,-117.19214363525315,155.92472629865912,8.691930750735626,152.6459864693128,758.3791743140345
2,381,28.624527218686485,-117.17621649239362,155.86199230710696,8.604418278636972,152.6649397353426,762.4390055028347
2,382,28.58989438065126,-117.16025369400217,155.796524022704,8.517135519017543,152.68385887747309,766.5142430250671
2,383,28.555126048747073,-117.14425572887538,155.72847035210114,8.430091592875456,152.70274837719535,770.604970815447
2,384,28.520220984413776,-117.12822087884896,155.6576865542885,8.343271437005336,152.72159985596227,774.7113474598174
2,385,28.485178726900536,-117.11215097671577,155.5842841247814,8.256682954546116,152.740426171644,778.8333730528474
2,386,28.449998826695214,-117.0960456256066,155.50837279707193,8.17033192360341,152.7592249460953,782.9711385599777
2,387,28.414680815854563,-117.0799031096446,155.4298566099126,8.08420841207679,152.77798511740298,787.1247386382452
2,388,28.37922231321395,-117.06372480887853,155.34883095782718,7.998314952165415,152.79672316718802,791.2943780498766
2,389,28.34362535556021,-117.04751034892035,155.26530495230946,7.912654899267857,152.81542804107642,795.479873991064
2,390,28.30788679580419,-117.03125888400025,155.17932546311243,7.827224086020238,152.83410402613094,799.6815871233489
2,390.2,28.300722030106087,-117.02800439101607,155.1617821058687,7.810161762714834,152.8378374362893,800.5238586346677
2,390.4,28.29355156149743,-117.02474807344643,155.14426773341188,7.793117029728297,152.8415675036183,801.3668291865678
2,390.6,28.286375547421176,-117.02148994976824,155.12653833091724,7.776073297737734,152.84529379539038,802.21042069556
2,390.8,28.279194011639365,-117.01823134130912,155.10880000613537,7.759045888563727,152.8490248708532,803.0546280448011
2,391,28.272006557164495,-117.01497047553477,155.0909256307399,7.742023892392169,152.85275050054713,803.8995321363104
2,391.2,28.26481336536015,-117.01170869138929,155.0728770270683,7.725006059752115,152.85647879755516,804.7450497974478
2,391.4,28.257614468175383,-117.0084450855163,155.0548587530069,7.708005835393708,152.86020373670658,805.5912669118082
2,391.6,28.25041079762077,-117.00517967575459,155.0366741158003,7.6910113849235335,152.86392219696643,806.438040541533
2,391.8,28.243200051020604,-117.00191378351627,155.01838719140738,7.674023919000116,152.86765076751158,807.2855608767027
2,392,28.235984934220273,-116.99864563658144,155.00006023379322,7.657051287174928,152.87136851135904,808.1336481709926
2,392.2,28.22876292939715,-116.99537612184365,154.98159156196192,7.640082583265297,152.8750899147292,808.9824903223289
2,392.4,28.221535588039487,-116.99210523981505,154.96307607086842,7.623127143773954,152.87880959784502,809.8319569581784
2,392.6,28.214302133513833,-116.98883299100783,154.9444667355586,7.606180319324021,152.88253023370862,810.6821134472892
2,392.8,28.20706390138604,-116.98555894099783,154.925692590178,7.589239346417738,152.88624439247292,811.5328272225668
2,393,28.199819183763097,-116.98228307396046,154.90690367550962,7.572311363049277,152.88995785215695,812.3843063939247
2,393.2,28.192569498336375,-116.97900629284177,154.8879904545555,7.555392317126529,152.89367122538306,813.2363351460618
2,393.4,28.1853129208279,-116.97572814689777,154.86893724488468,7.538477311360576,152.89738818880937,814.0891196229882
2,393.6,28.17805100339426,-116.97244863664119,154.8498388092704,7.5215756071945385,152.90110340184697,814.9425291880534
2,393.8,28.170783934188528,-116.96916687654902,154.83065542208217,7.504684148268746,152.90481050506537,815.7965718658254
2,394,28.16351055893068,-116.96588463923756,154.8114200977236,7.487804435376307,152.90852486988433,816.6512972574001
2,394.2,28.156231254137857,-116.9626001531796,154.79205316733382,7.47093038197624,152.91223377707468,817.5067214220155
2,394.4,28.14894583060336,-116.95931430492429,154.77259489751887,7.454065053843406,152.9159435716615,818.3628365230594
2,394.6,28.141655623130934,-116.95602665961265,154.75297417133487,7.437205688684958,152.919646901463,819.2195100351071
2,394.8,28.134358737000674,-116.95273808845437,154.73338122346252,7.420362429978719,152.92335580345025,820.0769418463165
2,395,28.12705706565432,-116.94944772116979,154.71362633899415,7.403525149717937,152.92705824031782,820.9349322860683
2,395.2,28.11974927306808,-116.94615599364496,154.6937812112542,7.3866966374347465,152.93076154044934,821.793614130817
2,395.4,28.112434988604694,-116.94286245617634,154.6739247578848,7.369881216056314,152.93446406504563,822.6530625454491
2,395.6,28.105114951785847,-116.93956800979262,154.6539000178557,7.353070276905963,152.938169057786,823.5131275546465
2,395.8,28.097789756925458,-116.93627131898963,154.63379303833378,7.336269674740688,152.94186596515863,824.3738267216303
2,396,28.090458250491476,-116.93297415575456,154.61363691247536,7.319480902913326,152.9455699910327,825.2352097221884
2,397,28.053713635484808,-116.91646223567352,154.51135957188345,7.235662404398869,152.96404950664612,829.552225437072
2,398,28.016821808323435,-116.89991246188892,154.40690106658266,7.152073782994948,152.982503432023,833.8861262959402
2,399,27.979782692045564,-116.88332489996856,154.30029685427343,7.068716341209898,153.00093110622697,838.2369263489269
2,400,27.942594876712334,-116.8667000522428,154.19165441068168,6.98559410025544,153.0193389998169,842.6047719892387
2,401,27.90525788079723,-116.85003621536792,154.08088312137127,6.902698002600062,153.0377166725665,846.9897594784691
2,402,27.867770293946663,-116.83333389400434,153.9680914244624,6.820032148289604,153.05607057490738,851.3920352603197
2,403,27.830132225035168,-116.8165922718707,153.8532762324512,6.737594917076586,153.07439396685527,855.8116213427462
2,404,27.7923416672242,-116.7998131866645,153.73646105378586,6.655384742484305,153.0927033117706,860.2486478096083
2,405,27.754399326612024,-116.78299449150389,153.6177291434305,6.57340563934588,153.11098175146572,864.7031527363118
2,406,27.716302786283705,-116.76613625663,153.49697856680862,6.49164608059094,153.1292361272233,869.1753496577825
2,407,27.67805219749633,-116.74923899078166,153.37441299482714,6.410118688908466,153.14746768463783,873.6652513304109
2,408,27.63964532627995,-116.73230188133479,153.2498917614231,6.328809262681755,153.16567715436815,878.1730802406918
2,409,27.601083471345294,-116.71532588363326,153.12358644956817,6.247730385855059,153.18386483710617,882.6987079032521
2,410,27.5623632503407,-116.69830974124895,152.99539020115975,6.166867995597914,153.20203231624896,887.2424982097532
2,411,27.523485782686482,-116.6812530834239,152.86551456815099,6.086235863979182,153.2201725363292,891.8044042345117
2,412,27.484448646601205,-116.66415598461535,152.73386091530975,6.005822946964599,153.2382920242162,896.384640994707
2,413,27.44525212622461,-116.64701896244306,152.60039045370837,5.925626591939922,153.25639155437273,900.983148878365
2,414,27.405894089608253,-116.62984164516573,152.46537560601905,5.845659012939962,153.27447396548223,905.6002203098154
2,415,27.366374765652452,-116.6126232287004,152.32857331071142,5.765903973223556,153.29253242939558,910.2358070051446
2,416,27.326692205053202,-116.59536246289221,152.1902174273245,5.686370984584568,153.31056414421528,914.8902097069563
2,417,27.28684590783076,-116.57806207436697,152.05022484693117,5.607054822575509,153.32858499398003,919.563346063506
2,418,27.246835434065357,-116.56071949260048,151.9087173403809,5.527959491146249,153.3465799666294,924.2553929428781
2,419,27.206658173840246,-116.5433356789533,151.7656402078392,5.449077273337079,153.3645608456918,928.9665587831879
2,420,27.166314651441763,-116.52590939040812,151.62112240892648,5.370414825185427,153.38251752568692,933.6968706242678
2,421,27.125803040400275,-116.50844158946337,151.4751560608875,5.291968413244238,153.4004593665651,938.4464691396333
2,422,27.08512265638821,-116.49093147506161,151.32770003633294,5.213732995860301,153.41838231674603,943.2154449196017
2,423,27.04427191655211,-116.4733782504355,151.1789128468437,5.1357140657714,153.4362849738394,948.004024700151
2,424,27.003251101074188,-116.45578243775218,151.0287598818671,5.057909125657932,153.45416803560215,952.8121493211182
2,425,26.962057415758302,-116.43814368147856,150.87723015716114,4.9803122025797,153.47203596001737,957.6401100707893
2,426,26.92069103139746,-116.42046250872335,150.72453459689302,4.902934976321333,153.48988968086564,962.487914912295
2,427,26.879150296280486,-116.40273680570621,150.57062956847716,4.825770126849576,153.50772063722764,967.3558043317585
2,428,26.83743452466713,-116.38496797692311,150.41547664403356,4.748814109278569,153.52553702589626,972.2437793631541
2,429,26.79554249392969,-116.36715567153652,150.25915795997997,4.672068570590465,153.5433387801802,977.151994186714
2,430,26.753472982411306,-116.34929954052711,150.10175628701597,4.595535146582145,153.5611258261938,982.0806028033297
2,431,26.71122450080294,-116.33160693337436,149.94319311391843,4.519320988876288,153.58002195584163,987.0212956987901
2,432,26.66879613416972,-116.31366159438521,149.78370583812426,4.4432055967877595,153.59777204677357,991.9911637460847
2,433,26.626187154938993,-116.29567094803228,149.62326803715527,4.367301025982407,153.61550341714803,996.9818247553882
2,434,26.583395298924884,-116.27763639986154,149.46175468425545,4.291596786765886,153.6332281275818,1001.9934194596412
2,435,26.5404209167111,-116.25955541370578,149.29934223785716,4.2161006171248605,153.65093014702302,1007.026052962427
2,436,26.49726165086276,-116.2414294083625,149.13615169869644,4.140815589304189,153.6686217641809,1012.0799299773397
2,437,26.453916809480415,-116.22325759911755,148.97215046952758,4.065737258385415,153.68629906955903,1017.1551423505866
2,438,26.410384383435197,-116.20503964837388,148.80738192095143,3.9908639306312628,153.70396397814966,1022.2519136713119
2,439,26.366664295321275,-116.18677565250574,148.64189879235812,3.916197138076465,153.7216156238187,1027.3702569635964
2,440,26.322755059790563,-116.16846482955658,148.47562584176845,3.84172917942885,153.73925221000002,1032.5103345511584
2,441,26.278654583086016,-116.15010686132705,148.30885342537331,3.76747164429591,153.75687590033908,1037.6724323975334
2,442,26.234361558754436,-116.1317022793463,148.14146705720108,3.6934156067239,153.77449116880882,1042.8566328194918
2,443,26.189875909881124,-116.11325118320264,147.97352171871998,3.6195626356978607,153.79209708696283,1048.0629489062335
2,444,26.145195271330724,-116.0947506272835,147.80514738899657,3.5459138618012442,153.80968294690217,1053.29176454167
2,445,26.10031861237347,-116.07620377880377,147.63639418520685,3.4724708511429294,153.827265905447,1058.5430638658302
2,446,26.05524478494793,-116.0576081076064,147.46711245328373,3.3992216442959062,153.844834307057,1063.8170294510614
2,447,26.009971705275372,-116.03896330902967,147.2975974002704,3.326177721712672,153.86239018341087,1069.113945961322
2,448,25.964498684830875,-116.02027079584443,147.12782208574285,3.253336070176114,153.87994069617343,1074.4338169652876
2,449,25.918824054606297,-116.00152849232325,146.95775957084354,3.1806908430724143,153.89747786363216,1079.776886098545
2,450,25.8729467095316,-115.9827374057643,146.78770985347592,3.108255288509215,153.91500776532246,1085.1432866043187
2,451,25.826864085756107,-115.96389632005385,146.61739879338256,3.0360101407147373,153.93252887361086,1090.533264274473
2,452,25.780576043335127,-115.94500536886427,146.44713215863706,2.9639695698392585,153.9500405170428,1095.9468909019865
2,453,25.734081089827132,-115.92606378839396,146.27684495344573,2.892126608066645,153.96754084805627,1101.3843308856751
2,454,25.68737705120078,-115.90707214229978,146.1066328978343,2.8204823511960977,153.98503611070385,1106.8457991219898
2,455,25.640462088706048,-115.88802924379672,145.93651399216057,2.749033517803284,154.00252313101498,1112.3315301542182
2,456,25.593335787688368,-115.8689347844775,145.7666330875838,2.677785247242282,154.01999970065378,1117.8416060290883
2,457,25.54599518213614,-115.849789333428,145.59704547422007,2.6067355891392388,154.03747376933006,1123.376312972224
2,458,25.498440534702496,-115.83059125879505,145.42773768930604,2.5358818459296533,154.05493514745262,1128.935683287221
2,459,25.450667575178162,-115.81134158437874,145.2588446037341,2.4652247708736663,154.07239685052002,1134.5201344515874
2,460,25.402677703890358,-115.79203910499996,145.09031614363658,2.394761324187501,154.08984815187273,1140.1295582601072
2,461,25.354467273832864,-115.7726835501926,144.92237425309605,2.3244966043916713,154.10729434734913,1145.7643794056162
2,462,25.30603542213313,-115.75327504557067,144.7550445394907,2.2544292817971257,154.12473621065305,1151.424682106275
2,463,25.257379513519524,-115.73381242111782,144.58831009672303,2.1845534605936217,154.14217237687626,1157.1107734360194
2,464,25.20849914295735,-115.71429538382694,144.42232252411918,2.1148742512777443,154.159600620035,1162.8227346155736
2,465,25.159391349352603,-115.69472451679285,144.2571456335569,2.0453900419204514,154.17702845222436,1168.560852859851
2,465.2,25.14954253936793,-115.69080475607434,144.22416532675084,2.0315148442042554,154.1805177671855,1169.7115672245072
2,465.4,25.13968432043978,-115.68688086139991,144.19126720822976,2.0176485625452933,154.18399847440082,1170.8634490499069
2,465.6,25.129816880388464,-115.68295629669696,144.15840643962937,2.0037907214266455,154.1874862121822,1172.0163313829219
2,465.8,25.119941005092883,-115.67902889473639,144.12562915793154,1.989943424336267,154.19096919529477,1173.1702305993786
2,466,25.110055433280454,-115.67509907683097,144.0927694332907,1.9760975643075644,154.19445213277663,1174.3252229489108
2,466.2,25.10016046353476,-115.67116729774769,144.05999115126022,1.9622614668744376,154.19793645649622,1175.4812945829513
2,466.4,25.09025609557956,-115.66723355860057,144.02729490342736,1.9484351405002789,154.20142215326848,1176.6384455768161
2,466.6,25.080342491188098,-115.66329698676448,143.99464205709006,1.934616530597093,154.20490482735204,1177.7966860988522
2,466.8,25.070420624582443,-115.65935887688966,143.96203316153307,1.9208072375672627,154.20838831346487,1178.9558655001056
2,467,25.06048872096437,-115.6554179365212,143.92942645561416,1.907002821922349,154.21187051034428,1180.1162069681448
2,467.2,25.050547754431303,-115.65147546005205,143.89682248189766,1.89320488820172,154.2153552402251,1181.2775598964843
2,467.4,25.040597050754783,-115.64753060943096,143.8643851552438,1.8794201183756467,154.218840095063,1182.4400608827898
2,467.6,25.03063664521526,-115.64358335120468,143.83187020842172,1.8656369482976392,154.22232482855043,1183.6036560460573
2,467.8,25.02066813656862,-115.63963368632628,143.7993628525166,1.8518611051599687,154.22580596643172,1184.768200711518
2,468,25.010689889783265,-115.63568165088788,143.7670239490783,1.8380984555950932,154.22928720869095,1185.9338936553231
2,468.2,25.000701777628105,-115.63172808443896,143.7346484364979,1.824339513194007,154.2327726585063,1187.1006710360134
2,468.4,24.99070442447105,-115.6277716954321,143.70232169648912,1.8105884174492637,154.23625503231312,1188.2685388275697
2,468.6,24.98069766859174,-115.62381335846446,143.67008353447727,1.7968472237950264,154.23973866989627,1189.437486975711
2,468.8,24.970681670883693,-115.6198522013263,143.63789535075333,1.7831139002679208,154.24321922308536,1190.6075256971028
2,469,24.960656605710863,-115.61588951724993,143.6057151978761,1.7693871844210387,154.246702211355,1191.7785768370195
2,469.2,24.950621336296024,-115.61192488846176,143.57358322179317,1.7556675799807326,154.25018815118824,1192.9507811398494
2,469.4,24.94057762401207,-115.6079574428658,143.541545215128,1.7419587085465302,154.25366926688662,1194.124003758127
2,469.6,24.930523867512587,-115.60398718169552,143.50951743422448,1.728254943347212,154.25714899520983,1195.2983898859886
2,469.8,24.920459905377587,-115.60001497932606,143.47753972085192,1.7145583373008295,154.26063164484447,1196.4739294880626
2,470,24.910387673864488,-115.59604125512607,143.44561516846625,1.7008712220525928,154.26411495766297,1197.6504094591485
2,471,24.859880125081737,-115.57613529545701,143.2867982803276,1.6325484405688562,154.28152282688757,1203.5497677251176
2,472,24.809133276137096,-115.55617307133737,143.12925726580713,1.5644165375755437,154.29893190029998,1209.4766585356158
2,473,24.758144157736993,-115.5361530178954,142.9730690696016,1.4964735244788039,154.31633950631908,1215.4314585633897
2,474,24.70691124607136,-115.5160744473751,142.81843513579946,1.4287249675094857,154.3337438834012,1221.4143884850207
2,475,24.655432884668592,-115.49593750789377,142.6653522100728,1.3611671474259617,154.35114727588007,1227.4256062870531
2,476,24.60370594934452,-115.47574151697017,142.5139406010816,1.2938001787064584,154.3685512225528,1233.4654784089475
2,477,24.551729097972917,-115.45548708293417,142.36436244449766,1.2266283348455143,154.38595923395826,1239.5341472769433
2,478,24.49950001489515,-115.43517132924129,142.21654147672095,1.1596426985127457,154.40336144099626,1245.631942896167
2,479,24.447017045943166,-115.4147966121644,142.0707203638712,1.0928514748605003,154.42076963878276,1251.7589870139961
2,480,24.394276584792188,-115.3943605183733,141.92690563886893,1.0262483663528508,154.43817858672696,1257.9157401773134
2,481,24.341277782260228,-115.37386320838382,141.78514317776356,0.9598326132437925,154.45558872120193,1264.1022881132756
2,482,24.28801784440456,-115.35330447601032,141.64572462358046,0.893612230779893,154.4730027522985,1270.3189805657091
2,483,24.234493823140465,-115.33268274497269,141.50849685577583,0.8275748433416553,154.49041773455565,1276.566144677569
2,484,24.180705040212754,-115.3119995108604,141.3737109879833,0.7617292955679243,154.50783941033887,1282.8438387510846
2,485,24.126647565417052,-115.29125196681717,141.24146423629392,0.6960727804328386,154.5252614603321,1289.1525908682993
2,486,24.072319271923348,-115.27044074509965,141.11188971706574,0.6306070746145351,154.54268870076226,1295.4926167753174
2,487,24.017717536473818,-115.24956473989351,140.98500321417208,0.5653277069716192,154.5601194673642,1301.864227214284
2,488,23.962840235860366,-115.22862458770092,140.86094078867418,0.5002365219598225,154.57755845674365,1308.2676382096615
2,489,23.90768523170952,-115.20761877853323,140.73984466303511,0.4353347438267013,154.5950013125704,1314.70315322796
2,490,23.852248620775697,-115.18654667669409,140.62181674351078,0.3706204886103324,154.61245071874316,1321.1712132462874
2,491,23.796528440704538,-115.16540805907854,140.5069591276422,0.3060938301294308,154.62990732264757,1327.6720448959388
2,492,23.740522409480192,-115.14420229718989,140.39545819010493,0.24175789349980337,154.64737066585758,1334.2059408945042
2,493,23.684226953395598,-115.12292917418297,140.2873386774827,0.17760789698854737,154.66484437201746,1340.7732764683747
2,494,23.627639946507827,-115.10158720047602,140.18275175256002,0.11364523830787246,154.68232407315122,1347.3743550883091
2,494.5,23.599236109261604,-115.09089007266313,140.13173116302676,0.08173020687880121,154.69106603143564,1350.687651315978
2,495,23.570757817021903,-115.08017616617818,140.08172615082654,0.04986530752303331,154.69981333135308,1354.0095525737097
2,496,23.513581853285242,-115.05869586385231,139.9845321852211,-0.013722101344987386,154.71730673145544,1360.6787976509681
2,497,23.456110917486413,-115.03714817219044,139.89107043547185,-0.07712405483703434,154.73481181359602,1367.3821090557199
2,498,23.39834564371183,-115.01553201606362,139.80153331435565,-0.1403350645052421,154.75232089279336,1374.1195003322218
2,499,23.34028568358195,-114.9938471322814,139.71586799108422,-0.20336035207637682,154.76983144688904,1380.8910030233471
2,500,23.28193155002415,-114.97209545442186,139.63430106191709,-0.2661922770077532,154.78734822558965,1387.6965323252186
2,501,23.223282232246536,-114.95027585063004,139.55670249379426,-0.32884013443798626,154.80486643629843,1394.5362057032257
2,502,23.16433854192148,-114.9283885197153,139.48322234287673,-0.3912998242475116,154.82238341133166,1401.4099598458279
2,503,23.105101111704077,-114.90643446554535,139.41380473640282,-0.4535754580768676,154.83990002971427,1408.3176758573186
2,504,23.045567964478387,-114.88441342036411,139.34832124170103,-0.5156766961185579,154.85741673112523,1415.2595367893807
2,505,22.985740202906943,-114.86232384839344,139.28684599067086,-0.577602823073506,154.8749236444993,1422.2355015013898
2,506,22.9256183077286,-114.84016761494529,139.2293633515872,-0.6393561099734123,154.89242538247902,1429.2454414307601
2,507,22.865200795760042,-114.81794404912696,139.17586995675043,-0.7009408816189664,154.90992003467602,1436.2895305978689
2,508,22.804489391344145,-114.79565241552257,139.12627406607848,-0.7623621311700493,154.92740000757908,1443.3675985887273
2,509,22.7434826295734,-114.7732941728996,139.0805674843127,-0.8236235695634019,154.94487168102592,1450.4797336914546
2,510,22.682181103502558,-114.75086818279651,139.03870430980808,-0.8847294306641065,154.96232793076888,1457.6259064892533
2,511,22.620584809655963,-114.72837463798186,139.00080016922578,-0.9456777989241766,154.97976783197373,1464.8061302775895
2,512,22.558693039734752,-114.70581492472157,138.9666428207308,-1.0064795346288222,154.9971961776149,1472.0203766307352
2,513,22.496506720929894,-114.68318624204694,138.93635556800197,-1.0671325853237807,155.0145991785521,1479.2686810927976
2,514,22.43402581189324,-114.66049083677635,138.9098041959079,-1.127643887258754,155.03198385557073,1486.5509295283834
2,515,22.37124962940329,-114.63772803297712,138.88702980146,-1.1880151648077593,155.04934723048962,1493.8672231851585
2,516,22.308179290590637,-114.61489841513526,138.86810484197179,-1.2482450918346546,155.06668815333796,1501.21743630013
2,517,22.244813060382338,-114.59199997607584,138.85283471926115,-1.3083454924400808,155.0840004978976,1508.6017806248674
2,518,22.181152076773284,-114.5690354195835,138.84128590222915,-1.3683145204207572,155.10129103119834,1516.0200450189056
2,519,22.117195928981026,-114.54600234139747,138.83342524954676,-1.4281569201636146,155.11855010482282,1523.4723539796505
2,520,22.05294507419244,-114.5229025778661,138.82924355633557,-1.487874487457408,155.13578239710205,1530.9585840675863
2,520.2,22.04006044849322,-114.518275138993,138.82881793199573,-1.499803457577464,155.13922597078295,1532.459780572255
2,520.4,22.027165046620826,-114.51364437666648,138.8285286427699,-1.51172732436881,155.1426644105785,1533.9622528679035
2,520.6,22.01426277507212,-114.50901319700098,138.82835038594996,-1.5236429625394243,155.14610217291613,1535.465482530127
2,520.8,22.001354891740505,-114.50438113096611,138.82819834615012,-1.535552615884899,155.14953555989496,1536.9693408200678
2,521,21.988440275424633,-114.49974778566636,138.82811991772988,-1.5474556073826582,155.15296491063646,1538.4739677841048
2,521.2,21.97552168533771,-114.4951135544289,138.828143530312,-1.5593485687550033,155.15638732648983,1539.9790707837428
2,521.4,21.962598465462246,-114.49047969245015,138.828186164937,-1.5712346945902667,155.15980842476426,1541.484651510473
2,521.6,21.949672254640557,-114.485846199386,138.82832293469272,-1.5831099532219646,155.16322563589267,1542.9905572352686
2,521.8,21.936742670286343,-114.48121260527934,138.82839385110606,-1.5949806363187409,155.16663786149957,1544.496812036523
2,522,21.923809930510597,-114.47657812464993,138.82860538355263,-1.6068393382586277,155.17004192036154,1546.0034665955634
2,522.2,21.910874799255136,-114.47194479683763,138.82874291062075,-1.6186926274483593,155.1734440408303,1547.5103192466436
2,522.4,21.897938315474235,-114.46731183632923,138.82905009340868,-1.6305311074653075,155.1768397599826,1549.0173441155512
2,522.6,21.884999575475575,-114.4626791650966,138.82924513418413,-1.6423657592493806,155.18023022352838,1550.5245783555977
2,522.8,21.872058962067584,-114.45804725221278,138.8294883582117,-1.654190354149359,155.1836165487523,1552.0319978515981
2,523,21.859117431350704,-114.45341523509849,138.82977871354112,-1.6660044541756376,155.1869941421121,1553.539537307424
2,523.2,21.84617402649172,-114.44878397510972,138.8301174861081,-1.6778085502348978,155.19036762880683,1555.0472620395317
2,523.4,21.83323098635246,-114.44415425507788,138.83041017890255,-1.6896040384326354,155.1937363749429,1556.5548922343212
2,523.6,21.820286071063247,-114.43952529043797,138.83075143148938,-1.7013895748726557,155.19710103915838,1558.0627077595077
2,523.8,21.807340236625294,-114.43489621879625,138.8311401216816,-1.7131647249787636,155.2004570459577,1559.5706432797786
2,524,21.79439476501822,-114.43026868418566,138.8314827840738,-1.7249313485649405,155.2038083606377,1561.078484338007
2,524.2,21.78144853613724,-114.42564229399719,138.83182680601442,-1.736688786005862,155.20715531790256,1562.5863708787795
2,524.4,21.768501386471215,-114.4210157944413,138.83221839192416,-1.7484359190960188,155.21049367698743,1564.0943774479397
2,524.6,21.75555528300989,-114.41639169034084,138.8326393961236,-1.7601710974252693,155.2138294324268,1565.602201818233
2,524.8,21.742607735216758,-114.41176786624851,138.8329863629751,-1.7719006827648245,155.21715883635216,1567.1101595489822
2,525,21.729660248741197,-114.40714518279712,138.83337183661573,-1.7836192096507917,155.22048268069534,1568.6180862337633
2,526,21.66492140877227,-114.3840449255545,138.83545184688177,-1.842065217139468,155.23700863731506,1576.1575535124873
2,527,21.60017738088899,-114.36096990539198,138.83767803280614,-1.900274484250237,155.25339711925426,1583.696879079172
2,528,21.535429183584036,-114.33791827925599,138.84001054995136,-1.9582515132623277,155.26964238778748,1591.2360108378582
2,529,21.47067536020837,-114.31489125968423,138.84257417893502,-2.015995988755336,155.28575329914463,1598.7750682565177
2,530,21.40591656270825,-114.29188864379117,138.84516125387978,-2.073517968942014,155.30173042250658,1606.3139391152629
2,531,21.341153776001534,-114.26890953477168,138.84801450531464,-2.1308116295764186,155.31757139492834,1613.8525977317886
2,532,21.276385869580047,-114.24595458943365,138.8508912778292,-2.1878892149412392,155.33328243317044,1621.3910749574443
2,533,21.211613701676363,-114.22302377345133,138.8540724173235,-2.244743401759896,155.34886431843483,1628.9293333950554
2,534,21.146836109074556,-114.20011563651263,138.85732410785369,-2.3013865897373234,155.36431587587174,1636.467489891031
2,535,21.082054406283877,-114.1772317795507,138.86079520511348,-2.357815128183826,155.37964284513112,1644.005370175235
2,536,21.01726811786904,-114.1543716103186,138.86432625894062,-2.4140378887764125,155.3948459413832,1651.5430032739914
2,537,20.952476881010927,-114.13153462512031,138.8680025318712,-2.470055210031071,155.4099259993235,1659.0804547105147
2,538,20.887681449443022,-114.10872070687526,138.87185990828928,-2.525868125501525,155.42488355348826,1666.6176501204736
2,539,20.822880926005023,-114.0859297388637,138.87586279153078,-2.5814812920251176,155.43972147690977,1674.1546700144881
2,540,20.758076065033617,-114.06316160472451,138.88004692990984,-2.6368956609685243,155.45444025346558,1681.6914400891858
2,541,20.693266953388946,-114.04041742908495,138.88436502572708,-2.6921150711337694,155.4690454743552,1689.2278900577453
2,542,20.628453361246834,-114.01769585423258,138.888864328512,-2.747141106508647,155.48353476222871,1696.7640967703599
2,543,20.56363521733962,-113.99499676487628,138.89354493976663,-2.801976407992362,155.4979096972496,1704.3000635761525
2,544,20.498813016004824,-113.97232080846815,138.89823582178633,-2.856628533519499,155.51217358549707,1711.8356704173
2,545,20.43398500666108,-113.94966672532928,138.9031588495318,-2.9110943105858054,155.52632644856544,1719.3711841433558
2,546,20.369154042805604,-113.9270360199898,138.90828576920833,-2.9653745599194226,155.5403711176857,1726.9062397561347
2,547,20.304317691418824,-113.90442771976845,138.91347388422304,-3.0194783629642385,155.5543094447496,1734.4410863003525
2,548,20.239477256547975,-113.88184133042189,138.91887863101252,-3.073402184749393,155.5681397393414,1741.9756332798308
2,549,20.174632946433668,-113.85927711745666,138.92441417497676,-3.127150865636402,155.58186429812235,1749.5098229817752
2,550,20.10978385798512,-113.83673496652516,138.93004602796213,-3.180728443822777,155.59548563386056,1757.0437375151666
2,551,20.04493034793074,-113.81421524174219,138.93593259177356,-3.2341317229901807,155.60900608274756,1764.5773524139017
2,552,19.98007302158854,-113.79171772913645,138.9418640306825,-3.2873691658348743,155.6224257489405,1772.1105608986343
2,553,19.915211252183443,-113.76924156042223,138.94801229046752,-3.3404381536342487,155.63574425526645,1779.6434894789804
2,554,19.850345243616122,-113.74678700033878,138.95429147198703,-3.3933432841352777,155.64896376323213,1787.1760811757745
2,555,19.78547563394054,-113.72435479127208,138.9607733665835,-3.4460837182431856,155.6620873595399,1794.708250121887
2,556,19.72060080790525,-113.7019439654659,138.96735239333194,-3.4986662144864207,155.67511557120986,1802.2401691922971
2,557,19.655722355959817,-113.67955441093545,138.97409630388114,-3.551089536053257,155.68804747220213,1809.771685883434
2,558,19.590839372817662,-113.65718601602535,138.9809714444466,-3.6033573709212834,155.70088536837557,1817.3028831220188
2,559,19.525952499614576,-113.63483952365303,138.98804925744702,-3.655468797365995,155.71363223455444,1824.8336750037042
2,560,19.461061783172788,-113.61251396817886,138.9952918724576,-3.7074271161382875,155.7262863996998,1832.3640777378714
2,561,19.39616658605606,-113.59020961179296,139.0025796268061,-3.759238225570291,155.73885091937314,1839.8941141322136
2,562,19.33126728102553,-113.56792682397558,139.01007004366815,-3.810898792960887,155.75132785871597,1847.4237588565418
2,563,19.26636391328601,-113.54566464064844,139.01772542108876,-3.8624120042278065,155.76371552301998,1854.9530283479037
2,564,19.20145724485172,-113.52342295210077,139.0255787502546,-3.9137781442867925,155.77601398663091,1862.4818483590152
2,565,19.136545799287195,-113.50120201989083,139.03347764817252,-3.965004512594157,155.78822725126065,1870.0103212510721
2,566,19.07163079117915,-113.47900221592815,139.04161215791478,-4.016086181438748,155.8003562611775,1877.5383423047767
2,567,19.006711428763406,-113.45682257817457,139.04991191335117,-4.067027769018405,155.81240033630536,1885.0660071730574
2,568,18.941787788181653,-113.43466422022438,139.05832800069453,-4.117832052425758,155.82436406981026,1892.593248839836
2,569,18.876861581945633,-113.41252617962533,139.06688761780225,-4.168498914504529,155.83624367931293,1900.1199260104481
2,570,18.811929964337114,-113.39040797854685,139.07558044518439,-4.219032375638094,155.84804244161546,1907.6463411155075
2,571,18.746995372626873,-113.36830950946607,139.08450358719566,-4.269429515601484,155.85975830657196,1915.172261478531
2,572,18.68205620838863,-113.34623188458258,139.09354330521916,-4.3196960608575905,155.87139778834796,1922.6977788772647
2,573,18.617114184630893,-113.32417414343313,139.10272616614307,-4.369831830209453,155.88295711791034,1930.2227518701397
2,574,18.552167439997135,-113.30213702940982,139.11202572953795,-4.419840198102447,155.89444193787028,1937.7473323804704
2,575,18.487217430229958,-113.28011921678663,139.1215553647112,-4.469718719693452,155.9058477001047,1945.271438341544
2,576,18.422263501769567,-113.258120965333,139.13119621312245,-4.519472676909397,155.91717712321088,1952.7950948940495
2,577,18.35730546978969,-113.23614301880427,139.14098584585636,-4.569102372396842,155.9284337662948,1960.318295305675
2,578,18.292344209457042,-113.21418441916819,139.15091833086686,-4.618609040405106,155.93961487421404,1967.8409774381948
2,579,18.227379537747847,-113.19224591042102,139.16103095332346,-4.667992968832821,155.9507239706245,1975.3631344596372
2,580,18.162410758727646,-113.17032568515555,139.17121762846875,-4.717259459429916,155.96175763956535,1982.8848757670198
2,581,18.097438059763252,-113.14842582497069,139.18170925668161,-4.7664027235804705,155.97272285478755,1990.4061496331813
2,582,18.032462090254175,-113.12654525062689,139.1922562653832,-4.8154309563836595,155.98361675594106,1997.926867686766
2,583,17.967481681541937,-113.10468349285699,139.20291519067808,-4.864344776906781,155.99444037061767,2005.447174405282
2,584,17.902498440906086,-113.08284044661228,139.21374790400824,-4.913142696831307,156.00519259991165,2012.9669155770653
2,585,17.837511347175813,-113.06101685658858,139.2247608437687,-4.96182633261189,156.0158777962838,2020.486164351913
2,586,17.772521169207625,-113.03921261779303,139.23598461814504,-5.010395622726683,156.02649578472028,2028.0048462405407
2,587,17.707527097740567,-113.01742677640449,139.24735136041232,-5.058854465253245,156.0370457314001,2035.523059070952
2,588,17.64252930487771,-112.99565958879423,139.25877356545627,-5.107206294115022,156.0475291695102,2043.0407499855612
2,589,17.577528206303707,-112.97391143892594,139.2704065304557,-5.155447688079021,156.0579477042064,2050.557890859562
2,590,17.51252288653892,-112.95218222294646,139.2822200741563,-5.203581307208142,156.0683030096062,2058.074567478014
2,591,17.44751530662311,-112.93047134776883,139.29414940555208,-5.251608922565127,156.07859217146392,2065.5905790567435
2,592,17.38250346030503,-112.9087783507725,139.30622226471175,-5.299532373169566,156.08881704739065,2073.1061502527796
2,593,17.317488256972425,-112.88710433558265,139.31841800329184,-5.347352479711395,156.0989806791572,2080.621135951079
2,594,17.252470326214958,-112.86544799258444,139.33081709172671,-5.395068102772777,156.1090796047322,2088.135532180177
2,595,17.18744780422202,-112.84381006758935,139.34339735133202,-5.442682002936249,156.11911886209646,2095.649493071601
2,596,17.12242254733691,-112.82219081509851,139.35613003874943,-5.49019475723953,156.12909802698823,2103.1628055139795
2,597,17.057394581769923,-112.8005892843962,139.36897781838664,-5.537608636920775,156.1390153039838,2110.6754878458046
2,598,16.992361902433686,-112.77900501717747,139.3819702277137,-5.584925332360807,156.1488724585023,2118.1877650734623
2,599,16.927327109687052,-112.75743911504692,139.39514403529373,-5.6321429569754216,156.15867062302004,2125.6993309950085
2,600,16.862288437674753,-112.73589147556348,139.40844072629326,-5.67926525668847,156.16841224617053,2133.2103528204184
2,601,16.797246520435817,-112.71436079524553,139.4219407304842,-5.726291033157032,156.17809389729166,2140.7208261277415
2,602,16.73220165609167,-112.69284852873892,139.4355043832939,-5.7732243909190855,156.18772009896816,2148.2306290553006
2,603,16.6671533972642,-112.67135301935994,139.4492713589212,-5.820063356181619,156.1972876017196,2155.739895461473
2,604,16.602101573212586,-112.64987501387158,139.46327873159944,-5.866807893950959,156.20679944802998,2163.2486186638484
2,605,16.53704657641006,-112.62841511793636,139.47734967835342,-5.91346313239997,156.21625767262867,2170.7566898109058
2,606,16.471989042416432,-112.6069720310424,139.49156413870492,-5.960027838801608,156.2256588727089,2178.2641042207747
2,607,16.406927817187306,-112.58554530119027,139.50598226268963,-6.006502256507072,156.23500382427972,2185.7710062271253
2,608,16.341863095665413,-112.56413722415924,139.52050078405998,-6.052889284600922,156.24429929797338,2193.2772621571066
2,609,16.276796460459135,-112.5427456559208,139.53519078682177,-6.099187494766393,156.2535386462996,2200.7827986748543
2,610,16.211725910909614,-112.52137014653398,139.5500847448539,-6.145398352823443,156.2627234921481,2208.2878411417505
2,611,16.146651733545706,-112.50001214373924,139.56504236149974,-6.19152576296471,156.2718581707769,2215.7922689938946
2,612,16.081575323729968,-112.47867119721779,139.58020797313563,-6.237566166292223,156.28094079439813,2223.295983163089
2,613,16.01649575825774,-112.45734720790017,139.59555364881084,-6.2835217456752,156.2899727694836,2230.7990709808932
2,614,15.951413055665832,-112.43603923210316,139.611042718146,-6.329394469476902,156.2989523006222,2238.301551452413
2,615,15.886327271812965,-112.41474836482917,139.62662306775619,-6.375186176829943,156.3078829532144,2245.8033613503508
2,616,15.82123904950977,-112.39347331390006,139.64237423772178,-6.420895595287941,156.31676138541752,2253.304495200001
2,617,15.756147280130467,-112.37221567052765,139.6583422116451,-6.46652275130352,156.32559359664947,2260.805014965017
2,618,15.69105216347719,-112.35097280357428,139.67441726893372,-6.512071622739412,156.3343731725323,2268.3049655038353
2,619,15.625955274387822,-112.32974749546155,139.69067430749814,-6.557539533486473,156.34310654095157,2275.8040950868617
2,620,15.560854795815862,-112.3085376128203,139.70707506758626,-6.602929832362306,156.35179059845177,2283.302655302166
2,621,15.495750780931159,-112.2873442487003,139.72356728219054,-6.648244275392611,156.36042881171272,2290.800583350608
2,622,15.430644639631584,-112.2661669594982,139.7402935741134,-6.6934793660821565,156.36901931187526,2298.2977787514365
2,623,15.365535663217024,-112.2450059936079,139.75713790292014,-6.738639065683645,156.37756409380563,2305.794273201714
2,624,15.300423647567268,-112.22386006528302,139.77415302473122,-6.783723251256618,156.38606069125137,2313.2901423143517
2,625,15.235309282884964,-112.20272992207877,139.79140185260215,-6.828730549560358,156.3945110202509,2320.785297700613
2,626,15.170191217786751,-112.18161615561645,139.80865312213638,-6.873667940044527,156.4029185344193,2328.2797972952612
2,627,15.10507159359428,-112.16051713788885,139.82612768737414,-6.918529862953605,156.41127764394298,2335.7735272577092
2,628,15.039947814333248,-112.1394348026105,139.84373066575174,-6.9633204788502905,156.41959639753077,2343.2666575820376
2,629,14.974822327044023,-112.11836702476025,139.86155672443937,-7.008037181683088,156.42786766447432,2350.759031030753
2,630,14.909693474211855,-112.09731489448669,139.87950092375465,-7.052683936245396,156.4360964130001,2358.250749040145
2,631,14.844562033945516,-112.07627831574301,139.89758909597063,-7.097260340184021,156.44428226469597,2365.7417362380843
2,632,14.779428870060707,-112.05525635030618,139.9158103639921,-7.141766985123786,156.45242264594174,2373.231930238835
2,633,14.714291818822785,-112.03425024663062,139.93427585004363,-7.186202994116938,156.4605233303414,2380.721531028402
2,634,14.64915224523937,-112.01325890685122,139.95275930486807,-7.23057370016046,156.4685808617321,2388.210378328882
2,635,14.584010428854276,-111.99228239685701,139.97150160188136,-7.274873938553583,156.47659573741498,2395.6984944239434
2,636,14.518865852140353,-111.97132130226457,139.99029798096606,-7.319109293737103,156.48457048004957,2403.1858572110127
2,637,14.453718883262024,-111.95037484863919,140.00935302252321,-7.363275595091944,156.49250338818672,2410.672501803762
2,638,14.388569735384745,-111.92944243990709,140.02854063215946,-7.407376380228407,156.50039336246255,2418.158392605246
2,639,14.323417311754904,-111.90852566521822,140.04790829659348,-7.451411494156803,156.50824591260402,2425.643592086429
2,640,14.258262759014476,-111.88762308536667,140.0673186062947,-7.495384291747748,156.5160569777471,2433.127995991013
2,641,14.193104576528158,-111.86673561297438,140.08699908184633,-7.539290885158921,156.5238307262067,2440.6117770507553
2,642,14.127944968377498,-111.8458621473777,140.10674669458717,-7.583135384047172,156.53156299072953,2448.0946935465363
2,643,14.06278271869867,-111.82500309853232,140.12666288348754,-7.62691671035109,156.53925642884758,2455.5768763273873
2,644,13.997618609947246,-111.80415837322947,140.1467718788432,-7.6706344374004845,156.546910644396,2463.05824950233
2,645,13.932450850699983,-111.78332787846915,140.16702527361736,-7.714291337821406,156.55452754895782,2470.5389848388627
2,646,13.867281081619376,-111.76251152145869,140.18747145083455,-7.7578859055628815,156.56210596953736,2478.0189238817943
2,647,13.802109423719099,-111.74170954482912,140.208020029556,-7.8014205953967855,156.56964691112626,2485.4980186047414
2,648,13.736934745301111,-111.72092152018288,140.22873725184053,-7.844895245328867,156.577150855686,2492.9764131032844
2,649,13.671757829868085,-111.70014735534349,140.24964698347728,-7.888309411739315,156.58461739653058,2500.45403137715
2,650,13.606578795689334,-111.67938729235973,140.27065884170216,-7.931665512209397,156.59204752033042,2507.9308256420873
2,651,13.541397372600306,-111.65864090464086,140.29186304238345,-7.974962326129716,156.59944094065077,2515.4068571367607
2,652,13.4762137530297,-111.63790759382294,140.3131333435541,-8.018203167983327,156.60679655757497,2522.8820917466746
2,653,13.411027516097693,-111.61718861466406,140.33463185242005,-8.061384966230131,156.6141182347917,2530.356563616015
2,654,13.345838852834849,-111.59648336829747,140.3562323041223,-8.104511014734038,156.62140485491318,2537.8302387701783
2,655,13.280648357127404,-111.57579143051248,140.3780481880959,-8.14757906376966,156.6286553777113,2545.303095272991
2,656,13.21545509354018,-111.55511271052357,140.40005647138415,-8.190590702080517,156.6358708801531,2552.7752227867572
2,657,13.150260222204256,-111.53444778026767,140.42209894154314,-8.233549036536173,156.64305219136952,2560.2464370245034
2,658,13.085062243079346,-111.51379555437433,140.44442449208816,-8.276450279807914,156.65019850614465,2567.716989935723
2,659,13.019863362761642,-111.49315693525797,140.46680660190526,-8.319298300884457,156.65731053298123,2575.1865602434036
2,660,12.954661409362958,-111.47253117037087,140.48938124132903,-8.362092091865721,156.66438881962188,2582.65542887892
2,661,12.889457280982818,-111.45191933866005,140.51211598855352,-8.404832057167972,156.67143558411044,2590.123452032291
2,662,12.824251044937004,-111.43131967107281,140.53493946237583,-8.447520512168358,156.67844708260884,2597.590663967364
2,663,12.759043160590306,-111.41073342610245,140.55803580639883,-8.490153446386156,156.68542632196352,2605.057014569349
2,664,12.69383301506457,-111.39015916518059,140.58122077380773,-8.532735905815617,156.69237091865352,2612.5225676751443
2,665,12.62862038870192,-111.36959847570253,140.60456560475845,-8.575266616015972,156.69928518805784,2619.9873027893905
2,666,12.5634061384242,-111.34905042873746,140.62805654153695,-8.617745992654463,156.70616669282572,2627.4511572119623
2,667,12.498189323977963,-111.32851493440853,140.65167174180132,-8.660175504903515,156.713016446261,2634.914221258649
2,668,12.432970553993124,-111.30799157601442,140.67552388416138,-8.702552940419292,156.71983341532427,2642.376471771119
2,669,12.367750038399976,-111.28748175672673,140.69946638186835,-8.744881388408718,156.7266210805725,2649.837795146831
2,670,12.302527415959503,-111.26698389510274,140.72364563051983,-8.787158748110617,156.73337652963903,2657.298318658173
2,671,12.237303029664693,-111.2464977167531,140.74784409973864,-8.829389822885295,156.74009928239695,2664.757956688431
2,672,12.172076315908742,-111.22602415689386,140.77231476468407,-8.871569897796368,156.7467923586596,2672.2167947638186
2,673,12.106848412045688,-111.20556377779114,140.7968963462189,-8.913701945666686,156.753456514905,2679.6746499591864
2,674,12.041618336637747,-111.18511448902882,140.82158803771063,-8.955787385324236,156.76008821016353,2687.1316937585734
2,675,11.976385707669788,-111.16467755356202,140.84655187372212,-8.997823242402061,156.7666910311417,2694.5879581818162
2,676,11.911151723514552,-111.14425269425944,140.87159084902518,-9.039813316480416,156.7732637799213,2702.043274577956
2,677,11.845915270102193,-111.123839498292,140.89677546643466,-9.081757280761705,156.7798068262191,2709.497786587691
2,678,11.78067713593129,-111.10343787772253,140.92212635513303,-9.123654651981166,156.78631973705637,2716.951417408299
2,679,11.715437347344817,-111.0830489050143,140.94758729139065,-9.1655067188883,156.79280529347147,2724.4041073234453
2,680,11.650195557142672,-111.06267100895056,140.97330564787705,-9.207311389587685,156.7992606386738,2731.8559825815005
2,681,11.584952825399322,-111.04230558462753,140.99915391325766,-9.249070722795755,156.8056884378277,2739.3068469513205
2,682,11.51970730339672,-111.02195054740534,141.02511282984446,-9.290786973289856,156.81208589452274,2746.756955987847
2,683,11.454460684080082,-111.00160780589522,141.05120134263953,-9.33245873899803,156.81845630135206,2754.2060682344513
2,684,11.38921185987646,-110.9812769508245,141.07749083042424,-9.374085675726079,156.8247999945179,2761.6543270723055
2,685,11.323960879486274,-110.96095622137565,141.10391120752598,-9.415669872479542,156.83111341020026,2769.1017677419995
2,686,11.258709437349625,-110.94064752504627,141.1304802805614,-9.45720994930759,156.83739981660347,2776.548148576254
2,687,11.193455560990634,-110.9203504541725,141.15725022888742,-9.49870644757116,156.84366022231995,2783.993696958426
2,688,11.128199296573756,-110.90006324889268,141.1841512261536,-9.540161427262808,156.84989108454909,2791.438448281435
2,689,11.062942278917973,-110.87978865219306,141.21123525356967,-9.581572695696245,156.85609752067217,2798.8821465522665
2,690,10.997683586523257,-110.85952374822972,141.23846951379812,-9.62294236167122,156.8622742169938,2806.3249776245602
2,691,10.93242317925251,-110.83927044267199,141.26583220781666,-9.664270823990192,156.86842573617037,2813.766868129475
2,692,10.867161038523264,-110.81902781215712,141.29328832763528,-9.705559288460615,156.87455042945976,2821.207839462687
2,693,10.801896871462972,-110.79879628870428,141.320964588332,-9.746805679354907,156.8806498136471,2828.647936275278
2,694,10.736631625773507,-110.77857610402356,141.34878782906944,-9.788011158908756,156.88672400973905,2836.087029429265
2,695,10.67136518705259,-110.75836518235765,141.37677995522134,-9.829176100831711,156.89276896228262,2843.525206289371
2,696,10.606096588293898,-110.73816626366556,141.4049350095857,-9.870300947417025,156.89879167971503,2850.9624636559283
2,697,10.540826642528671,-110.71797643727767,141.43325891111232,-9.91138600924496,156.90478560389954,2858.398818799434
2,698,10.475554590184455,-110.69779792220297,141.46161904648784,-9.952434144106668,156.9107564322377,2865.8342315534333
2,699,10.410281791072302,-110.6776300004837,141.49023565671874,-9.99344077029484,156.91670192534048,2873.2686429698133
2,700,10.34500735703644,-110.65747175162898,141.51905570004507,-10.0344079152651,156.92262111948844,2880.7021588979087
2,701,10.279731451826462,-110.63732455656918,141.54792976300698,-10.075338369424808,156.92851717720305,2888.134669322703
2,702,10.214453756841813,-110.61718686427733,141.57700725880918,-10.116230057577566,156.93438735492055,2895.5662984569994
2,703,10.149175157578895,-110.59705974036537,141.60624843825306,-10.157083314964526,156.94023359121763,2902.996902971623
2,704,10.083894706312801,-110.57694309966031,141.63563546812907,-10.197899330311088,156.9460567309195,2910.426574642107
2,705,10.018613304312266,-110.55683518614131,141.66511663870233,-10.238679196084991,156.95185270973286,2917.855264929909
2,706,9.953330711206913,-110.53673842159922,141.69479551167228,-10.279420894249938,156.95762715374383,2925.2829373663367
2,707,9.888046086312766,-110.5166510503579,141.7245855722893,-10.320127164385124,156.96337728852222,2932.7097129424596
2,708,9.822760027975443,-110.49657351105775,141.75463091791886,-10.360795147616901,156.9691039146013,2940.135550306671
2,709,9.757473666512883,-110.4765055088454,141.78472932175546,-10.401428326338726,156.97480590012458,2947.5602845138824
2,710,9.692184846882585,-110.45644717061816,141.81506582679972,-10.442024711857233,156.9804854020939,2954.9841794998515
2,711,9.626895514977615,-110.43639903564005,141.84548947218062,-10.482586176482904,156.98614243311476,2962.40697104642
2,712,9.561604495182706,-110.4163595620331,141.8761336296592,-10.523111475659821,156.99177493849766,2969.8288672476274
2,713,9.496311934432404,-110.39633012312235,141.9068479609862,-10.563603309034566,156.9973859796836,2977.2497593369962
2,714,9.431019225745716,-110.37631001380483,141.93785015154722,-10.604057255975622,157.00297338364476,2984.6695855124317
2,715,9.36572399784772,-110.35629893612894,141.9688715512883,-10.644479941801121,157.00853854709237,2992.088521697756
2,716,9.30042860338805,-110.33629733113662,142.00008792689815,-10.684866954436295,157.01408098849106,2999.5063556598834
2,717,9.235131220273406,-110.3163051154507,142.03146667017415,-10.725220199647094,157.01960213910206,3006.9232646938717
2,718,9.169832644139541,-110.29632220582504,142.06302391856352,-10.765539198676336,157.02510154772744,3014.3391708062536
2,719,9.1045337197349,-110.27634768440977,142.09474117866438,-10.805824239677596,157.03057702037165,3021.754010690377
2,720,9.03923270500427,-110.25638261108442,142.12652824942862,-10.846077986275448,157.0360322670283,3029.1678969707054
2,721,8.973931137313816,-110.23642659425421,142.15850923446007,-10.886297627487332,157.04146567740963,3036.5807165527913
2,722,8.908628987475943,-110.2164787165918,142.19064966985303,-10.926484226796115,157.0468756898921,3043.992491340001
2,723,8.843325210123611,-110.19654056472132,142.22300220161864,-10.966637356667263,157.05226656585978,3051.4032840173036
2,724,8.778019822496454,-110.17661038701463,142.25549866453278,-11.00675881484766,157.05763500412502,3058.813131487079
2,725,8.712713700087988,-110.1566892420086,142.28809568031505,-11.046848911193425,157.0629828249455,3066.221890813228
2,726,8.647406638710896,-110.13677674046708,142.3208858102383,-11.086906404624685,157.06830966009784,3073.6296190209
2,727,8.582098731041851,-110.11687227151116,142.35374206064736,-11.126933859695997,157.07361448955533,3081.03628845319
2,728,8.51678968353043,-110.09697711563605,142.3868251674613,-11.16692854901985,157.07890037925756,3088.4419261293187
2,729,8.451479509903441,-110.07708952224522,142.42006707775127,-11.20689224378186,157.0841640633878,3095.8465691005185
2,730,8.386168165013308,-110.05721138280576,142.45344277342875,-11.246825269701892,157.08940964932526,3103.2501449719016
2,731,8.320856413006103,-110.03734064183993,142.48699172951748,-11.286727113247078,157.09463275120788,3110.652654942871
2,732,8.255543377157565,-110.01747835602607,142.5206402689917,-11.32659958068679,157.0998363648722,3118.054127272687
2,733,8.190229734859376,-109.99762413936226,142.55449565584027,-11.366440689753981,157.105019518556,3125.454532974686
2,734,8.124914534374161,-109.97777791054988,142.58854354287683,-11.406251460937842,157.11018296875432,3132.853964798439
2,735,8.059598691025327,-109.95793989129068,142.6227050461257,-11.44603293337785,157.1153267930033,3140.252294957404
2,736,7.994282125680752,-109.9381099994938,142.656979945831,-11.485785374838391,157.1204511432843,3147.6495307094838
2,737,7.928964644501644,-109.91828785097056,142.69146117923967,-11.52550755265494,157.1255556500579,3155.0457284312492
2,738,7.863647201994325,-109.89847283275553,142.72603550222888,-11.565201226731526,157.1306387176145,3162.440775536339
2,739,7.798327771600625,-109.87866622956085,142.76083596161195,-11.604865176639068,157.13570451416422,3169.8348695565023
2,740,7.733007306185931,-109.85886742793353,142.79574942148665,-11.644501149952607,157.14075143389027,3177.2278980534566
2,741,7.667686602894757,-109.83907634633653,142.83078919342907,-11.684108681978499,157.14577903312647,3184.6197824264336
2,742,7.602365472824545,-109.81929260281127,142.86604819490574,-11.723686548821545,157.15078694437432,3192.0105787077455
2,743,7.537043072388095,-109.79951641723503,142.90141981640178,-11.763237209022028,157.15577641603443,3199.400331160137
2,744,7.471720199070975,-109.77974770839043,142.93691714355722,-11.802760198013194,157.16074700437355,3206.7889611184455
2,745,7.406396666694165,-109.75998609563767,142.97263328355737,-11.842254292284867,157.16569834064876,3214.1765244634507
2,746,7.3410716284510515,-109.74023179816164,143.0084620014131,-11.88172192577004,157.1706316618903,3221.56306575321
2,747,7.275746721520447,-109.7204855688047,143.04446229261532,-11.921161227008701,157.1755475863706,3228.948404818046
2,748,7.2104209615165855,-109.70074536071012,143.08064759188426,-11.960573092266563,157.1804430394502,3236.3327141030627
2,749,7.1450944041731175,-109.68101335804401,143.11689796683007,-11.999959289944881,157.18532245819483,3243.7158731888235
2,750,7.079766836907727,-109.66128721603721,143.15333335437813,-12.039318532894166,157.19018168859282,3251.0980169883223
2,751,7.014439089132085,-109.64156882010771,143.18993937688694,-12.07865043066352,157.19502406660934,3258.4789873315945
2,752,6.949111018461745,-109.62185695893263,143.22677582309396,-12.117954470452418,157.19984758999408,3265.8588550508966
2,753,6.8837818708224985,-109.6021521469455,143.26364347199166,-12.157234491143962,157.20465397825456,3273.2376171401434
2,754,6.818452209363395,-109.58245454345958,143.30077462079376,-12.196486436415627,157.20944340072117,3280.615275515493
2,755,6.753122190051624,-109.56276382813397,143.3379486773191,-12.235714139127616,157.21421537387732,3287.991756616433
2,756,6.6877915717258345,-109.543078494583,143.37531939585134,-12.274915622640226,157.2189674140152,3295.367179370149
2,757,6.6224602712138525,-109.5234012601837,143.41289279083256,-12.314090498115867,157.22370498907503,3302.7414563378666
2,758,6.557128313106296,-109.50372954433077,143.45056912042014,-12.35324106023945,157.2284233958752,3310.114641389385
2,759,6.491795550845145,-109.48406493440794,143.48841471674666,-12.39236615983666,157.23312597565564,3317.4867106767056
2,760,6.4264629117142045,-109.46440681176914,143.52631388910393,-12.431467472083664,157.23781118298746,3324.857552826245
2,761,6.361130129690207,-109.444754507338,143.56445370179043,-12.470542353500479,157.24247815245076,3332.227270595291
2,762,6.295796341652334,-109.42510823654304,143.60272926006746,-12.50959312946461,157.24712807203082,3339.5959099206607
2,763,6.230462315894614,-109.40546875349712,143.6411845635427,-12.54861867650608,157.25176209485494,3346.9633758872405
2,764,6.165127095900197,-109.3858359788645,143.6798086041566,-12.587619878752609,157.25638089592348,3354.329762251208
2,765,6.099792424643719,-109.36620816639926,143.71855679732002,-12.626596988199069,157.26098031110212,3361.694934479209
2,766,6.034457281915587,-109.34658690396397,143.7574841541741,-12.66554953174028,157.26556419045266,3369.0589549716424
2,767,5.969120710841521,-109.32697211248308,143.7965801189514,-12.704478379461873,157.27013320195329,3376.4219175952953
2,768,5.9037854181471605,-109.30736233799598,143.8357161184717,-12.74338454621208,157.27468314197904,3383.783553816463
2,769,5.8384484242130945,-109.28775941774074,143.8751473507313,-12.782265357786365,157.279219529069,3391.1441782099696
2,770,5.773111670513512,-109.26816135612408,143.91460787715485,-12.821124558902929,157.28373764202342,3398.50357745679
2,771,5.707774933853786,-109.24856944937517,143.95425700242072,-12.859959614550343,157.2882402478774,3405.8617744340627
2,772,5.642437257090833,-109.22898361883414,143.9940845847223,-12.898771379259644,157.29272800689046,3413.218863105677
2,773,5.577099470953899,-109.20940295243715,144.03406766400767,-12.937560083494477,157.29719892334253,3420.5747797478343
2,774,5.511761497100331,-109.18982737167916,144.0742060903674,-12.97632593349639,157.30165311662768,3427.929531588945
2,775,5.446423308885904,-109.17025792138726,144.1144384124633,-13.015069870997467,157.30609273919345,3435.2830630937087
2,776,5.381084669540323,-109.15069394336385,144.15495250478108,-13.053789308554144,157.3105169303085,3442.635475230505
2,777,5.315745686196305,-109.13113510505826,144.19552753399125,-13.09248789557537,157.31492522003532,3449.986697475245
2,778,5.250407158103552,-109.11158132731092,144.23617258745247,-13.131165197566832,157.3193171799669,3457.3366502849494
2,779,5.185067946611919,-109.0920327875482,144.27709906220343,-13.16981860892091,157.32369404207486,3464.6855052936703
2,780,5.119729006966339,-109.07248998504149,144.31812766630574,-13.208450482448463,157.32805633365115,3472.0330893690816
2,781,5.054389330332102,-109.05295171947313,144.3593108496545,-13.247060900854144,157.33240268551572,3479.3795594293247
2,782,4.98904969400997,-109.03341874645524,144.4006899471041,-13.285648790778364,157.3367342014983,3486.724819627398
2,783,4.92371009262312,-109.01389127539866,144.4421705234144,-13.324215728519075,157.34105146344484,3494.068830726818
2,784,4.858370399778831,-108.99436810711319,144.48381409954467,-13.36276117525879,157.3453525732076,3501.4116624904855
2,785,4.793030513254236,-108.97484999744775,144.52565299849772,-13.401284679380405,157.34963916268896,3508.7533060424935
2,786,4.7276913296058884,-108.95533632149173,144.56756870598906,-13.439787838759916,157.3539097592327,3516.0936512731573
2,787,4.662350914315979,-108.93582754832408,144.60967117958424,-13.478270043417147,157.35816657563623,3523.432909989544
2,788,4.597011019567338,-108.91632388613155,144.65188244110718,-13.51673163631206,157.36240912225935,3530.7708688594307
2,789,4.531670618123307,-108.89682497118993,144.69428848788888,-13.555172043703598,157.36663755561585,3538.1076685035355
2,790,4.466330536492765,-108.8773298924882,144.7368648722265,-13.593591489645675,157.3708499408424,3545.4432450309428
2,791,4.400990738922446,-108.8578396910914,144.77954927237238,-13.631990884629936,157.37504836066535,3552.7775434860555
2,792,4.335651082325529,-108.83835400440016,144.82243575749268,-13.670369055948996,157.37923244280387,3560.1106170557555
2,793,4.270310670355889,-108.8188730393668,144.86542228148878,-13.708728136188789,157.38340327933327,3567.4425144740594
2,794,4.204971145911201,-108.79939560040621,144.90858589406406,-13.747066397890315,157.3875579539997,3574.773130360259
2,795,4.139630647012697,-108.77992244415492,144.9519438803345,-13.7853845738743,157.39169911141335,3582.10263044168
2,796,4.074290919609819,-108.76045377681676,144.9954162469441,-13.823683015805756,157.39582626928564,3589.4308014001813
2,797,4.008951002098784,-108.74098952053156,145.03899554621896,-13.861962487177875,157.39994004391292,3596.7577380104667
2,798,3.9436116389902054,-108.7215293149154,145.0827830629861,-13.900221237492218,157.4040395439008,3604.083405630832
2,799,3.8782727725888004,-108.70207224929675,145.12674647980558,-13.938460073125663,157.40812338585124,3611.4078277655053
2,800,3.8129326533101904,-108.6826196446453,145.17071521613002,-13.976682378483607,157.41219511216423,3618.7310795474236
2,801,3.7475936620166417,-108.66317141132225,145.21502475226765,-14.014881958788,157.41625334750938,3626.0530254079395
2,802,3.682255041314621,-108.64372664987874,145.2593205995029,-14.053064817666764,157.4202971392,3633.3736568451704
2,803,3.6169165312280036,-108.62428527259229,145.30391815929116,-14.091226505725244,157.42432667110666,3640.693100626454
2,804,3.5515773310349497,-108.60484804606577,145.34852737334836,-14.129371758277637,157.42834393183637,3648.01131591443
2,805,3.4862390208674925,-108.58541433107862,145.3933497560853,-14.167496944345354,157.43234706381418,3655.3282251010496
2,806,3.420901523964209,-108.56598405117556,145.43838490047213,-14.205602242032255,157.43633616153875,3662.6438352784157
2,807,3.3555630966200494,-108.54655768962196,145.48343144195434,-14.243691595971821,157.44031325366382,3669.95823908317
2,808,3.2902252768623814,-108.52713432963972,145.52878509009258,-14.28176007629034,157.44427603386293,3677.271403357041
2,809,3.2248881322253884,-108.50771473351715,145.57416156637484,-14.31981181502616,157.44822596583936,3684.583200412404
2,810,3.159551487792884,-108.48829826531693,145.6197499007238,-14.357844340245647,157.4521622250909,3691.893727356108
2,811,3.094214414168704,-108.46888596167683,145.6654813956395,-14.395859083142328,157.45608731103653,3699.203017797603
2,812,3.0288785833516543,-108.44947579876491,145.71139815895353,-14.433854997967812,157.45999694574073,3706.5109812773367
2,813,2.963542180919571,-108.43006881266648,145.75742628076765,-14.471834059404495,157.46389413277393,3713.817739446034
2,814,2.8982068927937377,-108.41066492638774,145.80357605639472,-14.50979532392049,157.46777795020057,3721.123123823571
2,815,2.8328717427221335,-108.39126489736692,145.84987359283863,-14.547738900328987,157.47165042597635,3728.42721292894
2,816,2.7675366249496007,-108.37186753726625,145.89638202672452,-14.585664245553096,157.47550975042532,3735.7300752372416
2,817,2.7022023983094714,-108.35247221246937,145.94297981495598,-14.623572876670888,157.47935452770912,3743.0316022375273
2,818,2.6368680349986717,-108.33308023852868,145.98981976357194,-14.661462996835157,157.48318776129338,3750.331900135857
2,819,2.5715344175422477,-108.31369209213605,146.03671666510868,-14.69933682183744,157.48700992874842,3757.6307994012195
2,820,2.5062014153429466,-108.29430547471341,146.0837970968904,-14.737193105500646,157.4908173577984,3764.9284295247276
2,821,2.4408689746111274,-108.27492142058972,146.13099741838872,-14.775032703708902,157.4946120126782,3772.224736689262
2,822,2.3755369694654833,-108.25554041245667,146.1784436138179,-14.812853887692764,157.49839495022047,3779.51975547925
2,823,2.310205402966105,-108.23616209003099,146.2259144057082,-14.850659985505366,157.50216572230875,3786.813421714681
2,824,2.2448741160306467,-108.21678666113822,146.27363069219237,-14.888447980069154,157.50592493329327,3794.1058140175464
2,825,2.1795430858037865,-108.1974126549926,146.32143499541934,-14.92622048978106,157.50967027816682,3801.3969293456566
2,826,2.1142130946683366,-108.17804166470356,146.36939339887445,-14.963975959905655,157.51340417488439,3808.6866530009893
2,827,2.0488840438810807,-108.15867250511675,146.41756927036775,-15.001713851358474,157.51712484752147,3815.975052968283
2,828,1.9835549929124103,-108.13930620920388,146.46589501635637,-15.039435535479443,157.52083471786,3823.2621639078957
2,829,1.9182267838380032,-108.11994213888313,146.51424788361228,-15.077142498523894,157.52453240780994,3830.5478780667186
2,830,1.8528992799051895,-108.10057967092361,146.56281759165788,-15.114832334248815,157.52821711359275,3837.8322902241744
2,831,1.787571512381198,-108.08121956499144,146.61163188092132,-15.152505130129741,157.53189080237348,3845.1154788501035
2,832,1.7222452312024015,-108.06186145530944,146.66047583743463,-15.190163126204096,157.53555205848977,3852.397204261794
2,833,1.65691944618104,-108.04250499257971,146.709441100806,-15.227805709597263,157.53920100699554,3859.677605774218
2,834,1.5915949303480323,-108.0231506640462,146.75865634223632,-15.26543066967033,157.5428381951249,3866.9566286046243
2,835,1.5262698632700344,-108.00379866598321,146.8080207163021,-15.303040442958217,157.5464651018126,3874.234413340915
2,836,1.4609468454172607,-107.98444835805938,146.85741615483352,-15.34063548368268,157.5500793990101,3881.5106756657324
2,837,1.3956231026801382,-107.96509912133448,146.9070248416448,-15.378214929127713,157.55368173679312,3888.7857750031426
2,838,1.330301202840449,-107.94575171605972,146.95688498509767,-15.415776836068616,157.55727213156888,3896.0594358114886
2,839,1.2649793460926555,-107.92640577212313,147.00677051104884,-15.453325445528433,157.56085110833988,3903.331773108224
2,840,1.1996591939980439,-107.90706177815463,147.05681157772895,-15.490858063774128,157.56441872555365,3910.602643122975
2,841,1.1343389060423101,-107.88771882241845,147.10697291012946,-15.528376401482719,157.56797463580483,3917.872247471843
2,842,1.0690201492554432,-107.86837739516879,147.15738428639995,-15.565877781578559,157.5715188985805,3925.1404419727346
2,843,1.0037019937249763,-107.84903795970659,147.20785311591533,-15.603365345645425,157.57505292796895,3932.4072364810427
2,844,0.9383843348465256,-107.82969906552286,147.2585389633095,-15.640837297567742,157.57857455820113,3939.6727414074785
2,845,0.8730671046490884,-107.81036174205155,147.3093772313539,-15.67829445780768,157.58208566261692,3946.936903808365
2,846,0.807751991970801,-107.79102591343684,147.3603706616899,-15.715735984623823,157.58558536158466,3954.1995534858825
2,847,0.7424371651868735,-107.77169093566472,147.41139019843285,-15.753164798997528,157.5890737400614,3961.4608497607983
2,848,0.6771225187959726,-107.75235703264305,147.46265685019736,-15.790577987088861,157.59255136928437,3968.7208680212907
2,849,0.6118097564043878,-107.73302356053213,147.51404712215344,-15.82797651543491,157.59601644673728,3975.97941259926
2,850,0.5464970284428127,-107.71369127973166,147.56558901450597,-15.865360927901643,157.59947134344634,3983.2366509659996
2,851,0.48118602379085335,-107.69436011446268,147.6172843160443,-15.902730393986271,157.60291518552117,3990.492412720743
2,852,0.41587578010074433,-107.67502998896003,147.6691317635132,-15.940085530887812,157.606348509967,3997.746793911106
2,853,0.3505662204026831,-107.65569999083115,147.72110086972734,-15.977427025161548,157.60977003441633,4004.999819250166
2,854,0.285258146243661,-107.63637171753795,147.7732527018767,-16.01475342376259,157.6131820558785,4012.2513721609707
2,855,0.21995059500365632,-107.61704315426918,147.82562113395335,-16.052065216111735,157.6165819884361,4019.50162594517
2,856,0.15464437759623037,-107.59771559367105,147.8780461107986,-16.08936395950614,157.6199716296885,4026.7503969528393
2,857,0.0893394116197105,-107.57838785706551,147.93059237951226,-16.12664910837401,157.62334928086398,4033.997752205796
2,858,0.02403473358115134,-107.55906154258017,147.9833200190384,-16.163920162433158,157.62671815191982,4041.243752865944
2,859,-0.041267083440664536,-107.53973490051871,148.0361685095532,-16.20117694532103,157.63007424121224,4048.48817421067
2,860,-0.1065696533878734,-107.52040869214372,148.08916787378303,-16.238420906638353,157.63342080446364,4055.7313620388227
2,861,-0.17187040293773231,-107.50108367905568,148.14234776681943,-16.275650229693685,157.6367578490857,4062.9730388385938
2,862,-0.2371702957374517,-107.48175811107544,148.19564792015498,-16.312866599430272,157.64008323724624,4070.2133361210826
2,863,-0.3024694054762493,-107.46243248627962,148.2491937019434,-16.350068383922977,157.6433979451731,4077.452285282578
2,864,-0.3677669350604129,-107.44310725616654,148.30279361059144,-16.387257674842846,157.64670241732676,4084.689720859761
2,865,-0.4330638433253464,-107.42378208132848,148.35654338875506,-16.424433844097106,157.64999675544607,4091.925781034857
2,866,-0.4983593252663146,-107.4044568860888,148.4104421522394,-16.461596559205233,157.65328056420594,4099.160383875083
2,867,-0.5636534595598994,-107.38513159477063,148.46448958209808,-16.49874594658988,157.6565539071214,4106.393536587719
2,868,-0.6289463248844714,-107.36580613169595,148.51868539673092,-16.535882131570187,157.6598168472225,4113.625246387075
2,869,-0.6942379999192227,-107.3464804211846,148.57302935188636,-16.573005238372,157.66306944705934,4120.855520494459
2,870,-0.7595285745250504,-107.3271546490266,148.6274257870596,-16.610116589559393,157.66631218440534,4128.0843247885
2,871,-0.8248181021941982,-107.30782905449644,148.68209517876338,-16.647213372483108,157.66954559906912,4135.311731436242
2,872,-0.8901057955798297,-107.28850214737398,148.7368808687739,-16.68429753314096,157.67276709373164,4142.537652564502
2,873,-0.955392609056396,-107.26917552843616,148.7918435498979,-16.721368572949768,157.67597980130017,4149.76214904519
2,874,-1.0206786297500712,-107.24984744531511,148.8469237678079,-16.758427675875787,157.6791811676768,4156.985263844202
2,875,-1.085962176402538,-107.23051975923016,148.90208154797648,-16.795474206039465,157.6823733755648,4164.206748601387
2,876,-1.151245068015359,-107.21119103565962,148.95748154219146,-16.8325073167836,157.68555525515524,4171.426889354074
2,877,-1.216526532821237,-107.19186171874135,149.01293068429177,-16.869529066149166,157.68872724171922,4178.645521861965
2,878,-1.2818074922053897,-107.17253205230706,149.0686514922306,-16.906537106434335,157.69189031610426,4185.8628068001435
2,879,-1.347086306359416,-107.15320080170683,149.12438929667604,-16.943534109885373,157.69504187048426,4193.078526543248
2,880,-1.412363003425545,-107.13386905084369,149.18039362649154,-16.980516776344903,157.69818373573003,4200.292734026135
2,881,-1.477639468548274,-107.11453724188944,149.2364780019643,-17.017488459314233,157.70131767905593,4207.505533829845
2,882,-1.5429140071916567,-107.09520336183772,149.29267393469345,-17.054448273803736,157.70443987444162,4214.716831006039
2,883,-1.608187567682814,-107.07586901336451,149.3490426302422,-17.091395721036605,157.70755340530445,4221.926686251269
2,884,-1.6734593523063273,-107.05653328147127,149.4055517240055,-17.128331011049443,157.71065659599446,4229.13503524382
2,885,-1.7387294142673293,-107.0371958330365,149.46229645338096,-17.165253086734538,157.71374909921747,4236.34192566991
2,886,-1.8039978745586014,-107.01785794678923,149.51911464977172,-17.202163895286414,157.71683306964064,4243.547265576867
2,887,-1.8692656970816435,-106.9985195463616,149.5760092002591,-17.239063972156583,157.71990900000105,4250.751151959719
2,888,-1.9345311569747463,-106.97917836256993,149.6331061596237,-17.275951277771377,157.72297269378498,4257.953529793491
2,889,-1.9997961085449247,-106.95983625629452,149.69037481570618,-17.312826906928763,157.72602805286863,4265.154508925205
2,890,-2.065058863828708,-106.94049315194707,149.74780805949123,-17.349690134357683,157.729074248875,4272.353917122015
2,891,-2.1303195419068874,-106.92114838927897,149.8052806530278,-17.38654275623217,157.73211046813424,4279.551739581746
2,892,-2.1955790426689727,-106.90180138077825,149.86298722042145,-17.423382971963413,157.73513639921146,4286.748153609074
2,893,-2.2608374652559893,-106.88245314687275,149.9208611498913,-17.460211545129734,157.73815377021754,4293.943107991158
2,894,-2.3260940392271823,-106.86310386670615,149.97880266664643,-17.497029334302418,157.74116259739912,4301.136480135721
2,895,-2.391348820982485,-106.8437523684889,150.036878031075,-17.533835800957817,157.74416126598885,4308.328335577715
2,896,-2.4566018532166707,-106.82439832189517,150.0951826143246,-17.570629899623984,157.74714943222693,4315.518721383517
2,897,-2.521854146472388,-106.80504384159426,150.15358710223623,-17.607413446815222,157.75013090986408,4322.707618192953
2,898,-2.5871040121085964,-106.7856860743456,150.21209149712791,-17.64418610219782,157.75310069913235,4329.894948372443
2,899,-2.6523523771164363,-106.76632746731116,150.27078648619448,-17.68094686334005,157.75606306556506,4337.080753917664
2,900,-2.717598460498201,-106.74696626235388,150.3296094496222,-17.717696448868722,157.75901511268694,4344.26498880964
2,901,-2.7828440936681824,-106.72760322473879,150.38859843069037,-17.754435269414564,157.76195901353617,4351.447821743768
2,902,-2.848086720314498,-106.70823743700635,150.4477100116033,-17.791162729995875,157.76489227221782,4358.629008446291
2,903,-2.9133281712339976,-106.68886966460799,150.50698235618415,-17.82787923992184,157.767817056701,4365.8087176074
2,904,-2.9785685244954063,-106.6694998316195,150.5664154006038,-17.86458490548835,157.7707334157369,4372.986956431794
2,905,-3.0438061074051603,-106.65012702011204,150.62596988603474,-17.901279539389773,157.77363929457533,4380.163570528729
2,906,-3.109041899724246,-106.63075308945615,150.6856121471226,-17.937963789533303,157.77653806207786,4387.338580789354
2,907,-3.1742767979690365,-106.61137577621528,150.74548158555945,-17.974636873056994,157.77942691395685,4394.512200129939
2,908,-3.2395092099601186,-106.591995506746,150.80537573155203,-18.011300385372405,157.78230584029154,4401.6841770993515
2,909,-3.3047399730134877,-106.57261338730457,150.86554820651563,-18.047951556207884,157.78517701041812,4408.854650229072
2,910,-3.3699692759770796,-106.55322900125006,150.92577891540807,-18.08459326195649,157.78804001993444,4416.02356696951
2,911,-3.435196231852824,-106.53384092849609,150.98622469119263,-18.121223442804425,157.79089246928515,4423.190941123861
2,912,-3.5004210050418414,-106.51445043597178,151.04672217893042,-18.15784397769878,157.79373643378358,4430.3566831889375
2,913,-3.5656444530741482,-106.4950569473579,151.10746857601404,-18.19445309419232,157.7965716005433,4437.520968462772
2,914,-3.63086587703336,-106.47566088593106,151.1682661223989,-18.231052771503826,157.79939837880897,4444.683636093276
2,915,-3.696085303618534,-106.45626192547385,151.2292101780772,-18.267641983249923,157.80221642468211,4451.844732175313
2,916,-3.761302755655818,-106.43685974080825,151.2903961509662,-18.3042197082015,157.8050253959293,4459.004302581616
2,917,-3.8265184217160773,-106.41745475347098,151.3516323687136,-18.340788301809365,157.80782612258986,4466.162277003565
2,918,-3.8917323255798038,-106.39804663793129,151.41301431126612,-18.37734673964367,157.81061826125006,4473.318701384892
2,919,-3.9569436645200797,-106.37863531771379,151.4745348909823,-18.413894746336343,157.81340143964917,4480.473492565982
2,920,-4.022153398170717,-106.35922071629912,151.5362006317498,-18.450432802254856,157.8161761258866,4487.626748038761
2,921,-4.0873616048948715,-106.33980275712305,151.59801142113284,-18.48696100729935,157.81894236674862,4494.778474999909
2,922,-4.152566539943546,-106.32038111635975,151.66004842001385,-18.523477598234347,157.82169898527877,4501.928538213547
2,923,-4.217770165500674,-106.30095621205179,151.72213418327553,-18.559985658886806,157.82444764174886,4509.07704882467
2,924,-4.282971600306143,-106.28152856459923,151.78438491639122,-18.596483316357624,157.8271887900869,4516.223943142756
2,925,-4.348171840271394,-106.26209640821854,151.8467519474989,-18.63297200535596,157.82992046604033,4523.369356551765
2,926,-4.413369165421366,-106.24266135543387,151.9092758400254,-18.66945012306937,157.83264430831616,4530.513077518804
2,927,-4.478564553506696,-106.22322248480558,151.97193587542512,-18.70591862086202,157.83535956724825,4537.655222553171
2,928,-4.543757202736672,-106.2037797194313,152.03472393961064,-18.74237723187254,157.8380658750698,4544.795708316428
2,929,-4.608948004032064,-106.18433273701358,152.0977432994889,-18.778825314784356,157.840763308816,4551.93467044948
2,930,-4.674137171261237,-106.16488195149572,152.1608023853535,-18.81526518018124,157.84345268342486,4559.072040160434
2,931,-4.739323815405811,-106.14542788584855,152.22401629312802,-18.851694979061538,157.8461344486543,4566.207753066593
2,932,-4.804508915016731,-106.12596961761966,152.28736523266508,-18.888115647785835,157.8488078583871,4573.341925911332
2,933,-4.869690716810132,-106.10650682536115,152.35092794836498,-18.924525462881185,157.85147175269685,4580.474422408071
2,934,-4.9348711814475426,-106.08704076677253,152.41455714763887,-18.960926969293812,157.85412896283185,4587.60533632452
2,935,-5.000049457209939,-106.06757027422887,152.4783122341456,-18.997319276713625,157.8567775401924,4594.734641076374
2,936,-5.065224668339955,-106.04809502690813,152.54227987290173,-19.03370102979596,157.8594167400214,4601.862290730131
2,937,-5.1303987799443,-106.02861628121477,152.6063134575775,-19.070074757574726,157.86204938150047,4608.988379474218
2,938,-5.195569982164208,-106.00913262672728,152.67055894088372,-19.106438127187246,157.8646727347807,4616.11282730805
2,939,-5.2607385067838095,-105.98964447208037,152.73482440696657,-19.14279342431474,157.8672876071239,4623.235566413652
2,940,-5.325905134770295,-105.97015210112926,152.7993375615105,-19.1791384412073,157.86989487910478,4630.356750334707
2,941,-5.391069141863182,-105.95065567965999,152.86399312856608,-19.215474017445167,157.8724945639043,4637.476257997182
2,942,-5.456231508345996,-105.93115428305171,152.92877283649614,-19.2518010640254,157.8750859241452,4644.594206550408
2,943,-5.521391434027307,-105.9116478335267,152.99366709078757,-19.288119325421622,157.8776685981137,4651.710512407632
2,944,-5.586548095592482,-105.89213710097378,153.05869313419424,-19.324428085620184,157.8802434071407,4658.825072622092
2,945,-5.651703328907116,-105.87262200798384,153.1238699789103,-19.360728130338376,157.8828112012402,4665.938075966908
2,946,-5.716855478815286,-105.85310162901422,153.189150553355,-19.397019328931293,157.88537003341526,4673.049367216612
2,947,-5.782005393185705,-105.83357649369466,153.25466729159746,-19.433300573853366,157.88792115284093,4680.159061990441
2,948,-5.847153344918934,-105.81404615740328,153.32020141655022,-19.469574583005702,157.89046417638974,4687.267112871866
2,949,-5.912298337864803,-105.7945109096716,153.38596104421094,-19.5058384861022,157.89299916746688,4694.373490571079
2,950,-5.977441414213141,-105.77497091332425,153.45186037409584,-19.542093796657994,157.89552694380518,4701.478256200277
2,951,-6.04258179940005,-105.75542524162228,153.51786175585445,-19.57834072818339,157.8980459726829,4708.581345389283
2,952,-6.107719547179593,-105.73587466526932,153.5839918403849,-19.61457891375836,157.9005574673556,4715.682745863256
2,953,-6.172854736051343,-105.71631910631554,153.65025024186727,-19.65080844627051,157.9030614673852,4722.782464745045
2,954,-6.237987378107569,-105.69675739856046,153.7167054180717,-19.68702880260099,157.90555647314955,4729.880565193193
2,955,-6.303117590574574,-105.67719140189843,153.7833151763929,-19.723240234885445,157.9080452309031,4736.976978730356
2,956,-6.368245598350745,-105.65761957725933,153.84992979479023,-19.759444814900938,157.9105258210942,4744.071715079188
2,957,-6.433371197739431,-105.63804113127878,153.91683622964285,-19.79563942308555,157.91299717033667,4751.164890720527
2,958,-6.498493819823972,-105.61845840003645,153.98378948709555,-19.831826119402432,157.91546236081354,4758.2562733621435
2,959,-6.563613475547913,-105.59887021712763,154.05085793879908,-19.868004381749707,157.9179198970453,4765.345926067595
2,960,-6.628731049790238,-105.5792754163932,154.1181216690531,-19.904174014664076,157.92036868665423,4772.434002892893
2,961,-6.693845813527898,-105.55967500712994,154.1854999947725,-19.940335394414333,157.9228099031377,4779.520363983504
2,962,-6.758957817696596,-105.54006976162222,154.25301913177873,-19.976488161062356,157.92524473957326,4786.604996817355
2,963,-6.824067095428538,-105.52045766315938,154.3207211527722,-20.01263224478432,157.9276705554654,4793.687983838556
2,964,-6.889173899028139,-105.50083995665844,154.38844103890193,-20.048769404449782,157.9300892834583,4800.769240454597
2,965,-6.954278104134141,-105.48121609079152,154.45636985071096,-20.08489760957704,157.93250022381608,4807.848845806393
2,966,-7.019379786562672,-105.46158598738805,154.52450733583515,-20.12101695128578,157.93490341560334,4814.92680688023
2,967,-7.084478356028829,-105.44195003881669,154.59264963689913,-20.157129312215094,157.9372992404052,4822.002967817765
2,968,-7.149574529332491,-105.42230854711708,154.66102639528737,-20.19323254183446,157.93968853908882,4829.077478890418
2,969,-7.214667671635112,-105.40265996474582,154.72947645621375,-20.22932835766255,157.9420690326998,4836.15025965186
2,970,-7.279757833022238,-105.38300506426307,154.7980258136997,-20.265416401676145,157.94444190673153,4843.221297480999
2,971,-7.344845829258663,-105.36334438464759,154.86680877228548,-20.301495581288037,157.94680836502948,4850.290706583108
2,972,-7.409931030140825,-105.34367637614753,154.9356641841447,-20.337567606897405,157.94916613663645,4857.358406770528
2,973,-7.475012468818387,-105.32400243091351,155.0047268644264,-20.373630322163937,157.95151678689217,4864.424309594597
2,974,-7.540092113401586,-105.3043218509285,155.07390052758996,-20.409685926509095,157.95386035588672,4871.488589198809
2,975,-7.605168292789062,-105.2846345564477,155.14315879995377,-20.44573388509245,157.95619610335712,4878.551069994944
2,976,-7.67024193007834,-105.26494132125485,155.21254057881887,-20.481774153147793,157.95852558975446,4885.611830591236
2,977,-7.735313020199581,-105.2452409794962,155.28211513339915,-20.517806212493493,157.96084735108968,4892.670933285177
2,978,-7.800380796263583,-105.22553259790375,155.35184272508602,-20.55383028233664,157.9631599067319,4899.728313609019
2,979,-7.865445473468934,-105.20581912357761,155.42160978005455,-20.589847218385763,157.965467416215,4906.783848391773
2,980,-7.930507867528728,-105.18609744960014,155.49154283404258,-20.625856639900174,157.96776618138733,4913.837766471034
2,981,-7.995566242968511,-105.16636920509968,155.56166595812607,-20.661857155973028,157.97005772900195,4920.889851858243
2,982,-8.060622575397261,-105.1466336876171,155.63188496760932,-20.69785093001071,157.97234209839087,4927.940279598922
2,983,-8.125675917066546,-105.1268914405508,155.7023071840899,-20.733836274040115,157.97461970508255,4934.988980179162
2,984,-8.19072562438654,-105.10714176031252,155.77279663025402,-20.7698144443939,157.97688943609762,4942.035854250877
2,985,-8.255773490791682,-105.08738542165983,155.843407240808,-20.805785687500613,157.97915321752373,4949.081071988152
2,986,-8.320816884785557,-105.0676212583639,155.9141654812107,-20.841748596173176,157.98140845175578,4956.124420630682
2,987,-8.385858627000868,-105.04784942038759,155.98501873860974,-20.877705174784744,157.98365668395866,4963.166147285209
2,988,-8.450896891595114,-105.02807045297067,156.05605904278346,-20.913653453869493,157.98589794485372,4970.2060903702495
2,989,-8.515931788554253,-105.00828342008188,156.12726025646924,-20.949593950736407,157.9881311513143,4977.24427700791
2,990,-8.58096348778128,-104.98848932712366,156.19855205811467,-20.985527348184547,157.99035781517296,4984.280659496191
2,991,-8.645992068295683,-104.96868809339973,156.2699340171367,-21.02145372938538,157.99257796888537,4991.315244948318
2,992,-8.711018386672272,-104.94887855233597,156.34149088855833,-21.057372869591553,157.99479055353402,4998.348186805989
2,993,-8.776040740358393,-104.92906148033886,156.41321768835468,-21.093283846043068,157.99699595862057,5005.379288432012
2,994,-8.841060243743863,-104.90923616805213,156.48500819865242,-21.12918848090542,157.99919384309874,5012.4086345102
2,995,-8.906076809292987,-104.88940316329484,156.5569831136819,-21.16508540774572,158.00138499557204,5019.436246125352
2,996,-8.97108977447612,-104.86956261338158,156.62903110253066,-21.200975444014905,158.00356942685198,5026.46200434819
2,997,-9.036099991661427,-104.84971335139144,156.70123747832795,-21.23685836205877,158.00574608433863,5033.486062504404
2,998,-9.101106630540182,-104.82985615427626,156.7736116145868,-21.27273353645742,158.00791573287108,5040.508315471537
2,999,-9.166109767605109,-104.80999094124894,156.84615301759075,-21.30860105215755,158.01007840577267,5047.528770197524
2,1000,-9.231110487041315,-104.79011785814211,156.918781837604,-21.34446228856686,158.0122348663224,5054.54749155674