stageNumber,time,latitudeDegs,longitudeDegs,altitudeKm,elevationDegs,azimuthDegs,rangeKm
2,0.01,34.63203086236217,-120.6106050084114,0.1651168166603893,-0.04630758346891407,209.32235779526584,30.784716742628504
2,0.2,34.632031093554,-120.61056348463353,0.16507968268264087,-0.04636276073931865,209.31619632452816,30.782835246982653
2,0.4,34.632031093554,-120.61056348463353,0.16507968268264087,-0.04636276073931865,209.31619632452816,30.782835246982653
2,0.6,34.63203183525492,-120.61056348463353,0.16513651306461544,-0.04625692572282019,209.31627109357902,30.782763510212725
2,0.8,34.63203183525492,-120.61056348463353,0.16513651306461544,-0.04625692572282019,209.31627109357902,30.782763510212725
2,1,34.63203139436431,-120.61056292932822,0.1652073288122192,-0.04612496505550556,209.31614393310775,30.782781428172644
2,1.2,34.632031875213514,-120.61056386790327,0.16530605713743718,-0.045941480514692976,209.31633221152268,30.782777017877265
2,1.4,34.63203117347121,-120.61056425117295,0.16541877082642167,-0.04573187197159661,209.31631856013644,30.78286226256788
2,1.6,34.632031474281504,-120.61056369586764,0.16554641695693137,-0.045494075392457374,209.31626616897282,30.782808445104525
2,1.8,34.632031514240104,-120.61056407913733,0.16571596102882177,-0.04517863097500333,209.31632728682362,30.78282195502351
2,2,34.63203111330814,-120.61056390710172,0.16595632084645331,-0.044731227287057945,209.31626124438034,30.782853385453627
2,2.2,34.63203189496753,-120.61056429037139,0.16618269530218094,-0.0443099442245251,209.31639713139995,30.782795162879538
2,2.4,34.63203149403559,-120.61056411833576,0.16642305512167513,-0.043862541033140634,209.31633108882784,30.78282659691026
2,2.6,34.632031573952766,-120.61056488487502,0.16676214326452465,-0.04323165428633031,209.31645332433325,30.782853627446624
2,2.8,34.63203191472156,-120.61056471283938,0.16705933346692473,-0.042678409861340805,209.31646205118741,30.78281333288522
2,3,34.632031553748256,-120.61056492407334,0.16746923735830932,-0.041915565991168,209.31645712630345,30.782858293367614
2,4,34.63203149313473,-120.61056504166832,0.16959051963686944,-0.037967303512648494,209.31646853220965,30.78287238858444
2,4.5,34.63203105179411,-120.6105649480294,0.17124506764207037,-0.03488773778306254,209.31641009370406,30.782913338231577
2,5,34.63203181279783,-120.61056583216264,0.17376226845011117,-0.030202740304338168,209.31661850403614,30.782883080172223
2,6,34.63203167046533,-120.61056702987959,0.18187939161993563,-0.015094968320994126,209.31678255970857,30.78296426482325
2,7,34.63203166775719,-120.61056752420961,0.1941971814064309,0.007831624366061773,209.31685591865022,30.783011665217998
2,8,34.63203154382272,-120.61056825372408,0.2107575357509777,0.0386545373906979,209.31695208810822,30.783097712497103
2,9,34.63203085777717,-120.61056866312009,0.23163127040117978,0.07750547261466506,209.31694390905966,30.78324732329183
2,10,34.6320315338921,-120.6105693076974,0.25686123037617653,0.12446467506855574,209.31710807878514,30.783308011112325
2,11,34.63203168785207,-120.61057001541933,0.28657411472965033,0.1797669549112699,209.31722901600347,30.783465882309976
2,12,34.63203135962163,-120.61057116954363,0.32093946753628555,0.24372697892293688,209.31736783572606,30.78374828143274
2,13,34.63203151177396,-120.61057144825647,0.3598026771554724,0.3160583167377425,209.31742468881816,30.784017241907627
2,14,34.632031662572956,-120.61057311190828,0.4034170835632831,0.3972294687041178,209.3176876932455,30.78443991548624
2,15,34.63203189282767,-120.61057372812085,0.45176970659848303,0.4872176227540272,209.31780269054303,30.78491963696099
2,16,34.63202961659786,-120.61057350813878,0.5050999590056017,0.5864619202129682,209.3175404567132,30.785741491733067
2,17,34.632026979003065,-120.61057168549246,0.5632392437905074,0.694650992770779,209.31700308234483,30.78668694663762
2,18,34.632022576676526,-120.61056902671368,0.6264129883795977,0.812197302788473,209.31616327986904,30.78795707976223
2,19,34.63201671046683,-120.61056497657468,0.6947488389415667,0.939335717072283,209.31496869370886,30.789531237298945
2,20,34.63200863880457,-120.6105595351304,0.7681899652015418,1.0759530066978529,209.31334461030463,30.791514366614727
2,21,34.63199730007983,-120.61055009823131,0.8469069167021662,1.222361022764589,209.31079619886003,30.793933174048846
2,22,34.63198125117239,-120.61053704927548,0.9309555772412569,1.3786483362803652,209.30723524146865,30.796986411477484
2,23,34.631961714696,-120.61052132689149,1.0204915059283377,1.5450961463994344,209.30292492214824,30.800645837916097
2,24,34.63193684764108,-120.6104999439242,1.1154588787518442,1.7215865192868667,209.2972348346422,30.80500222272971
2,25,34.63190524705957,-120.61047366710673,1.2160831245873123,1.908512230915295,209.29013825071482,30.810283829354244
2,26,34.63186761496361,-120.61044211354948,1.3222515313280747,2.105649258641974,209.28164936160482,30.816456539612744
2,27,34.631822930100256,-120.61040306284788,1.4343041952019557,2.3136084193994293,209.2713352492491,30.823591633009038
2,28,34.63177089221015,-120.61035707070596,1.55211347306706,2.532123093127741,209.25924929926458,30.831801205501733
2,29,34.631709177171714,-120.61030341050665,1.6758768849018961,2.7615134255270184,209.24505063559647,30.841353562190303
2,30,34.631638527226144,-120.61024208288146,1.8056512656193227,3.0018546952385488,209.22881547146892,30.85225149253588
2,30.5,34.63159768303165,-120.61020633018857,1.8727451126035304,3.1260208066377335,209.21938717489513,30.8583370598241
2,31,34.631555036340636,-120.61016843617875,1.9415364184509962,3.253275021014395,209.209460388552,30.864747210275265
2,32,34.6314585247175,-120.61008417608753,2.0839133384171875,3.516419715255424,209.18722422874467,30.879039009379124
2,33,34.631349554986,-120.60998781027004,2.232867784933187,3.7914050201805196,209.16194430316912,30.895101496213293
2,34,34.63122502252256,-120.60987822977076,2.3883709166878835,4.078083228086396,209.13314818021703,30.913278682135207
2,35,34.63108294599504,-120.60975133925541,2.550565395404585,4.376643498623079,209.10003266973467,30.933690460082037
2,36,34.63092280567459,-120.60960901700308,2.7195350388884547,4.6871370956455545,209.0628322050395,30.95658290725122
2,37,34.630740396557854,-120.60944716836762,2.8952520347284154,5.0093825663049545,209.02052516694178,30.982290082792098
2,38,34.6305364623665,-120.60926579573122,3.0777732472596693,5.343387440741479,208.97319643523272,31.01086078723519
2,39,34.63030802085819,-120.60906174351771,3.267226436476223,5.689242647226639,208.9200911412617,31.042577910699446
2,40,34.6300534522236,-120.60883390482131,3.4636964630726728,6.0469501431061,208.8608984594718,31.07768635917326
2,41,34.62977079632932,-120.60858134496529,3.666971009091474,6.415943116553675,208.79530280265658,31.116444524300277
2,42,34.62945781353173,-120.60830090988627,3.8772347006229686,6.7963805822051615,208.7226341392727,31.159087800578167
2,43,34.62911262455736,-120.60799243206225,4.09461433403939,7.188274510040713,208.64270779259013,31.20594988459741
2,44,34.62873575492348,-120.60765404018055,4.3190262161633,7.59130731143171,208.55532521236174,31.257037458334075
2,45,34.6283224418035,-120.60728313684356,4.550356899312697,8.004978356517407,208.45966617275445,31.312835918472594
2,46,34.627873030928704,-120.60687955601139,4.788903707058169,8.429605146723402,208.35577895873553,31.37350450515397
2,47,34.627385084036234,-120.60644142806918,5.034355700659566,8.864336284931115,208.24319179609745,31.439316421383168
2,48,34.62685680471806,-120.60596615757191,5.286826802092604,9.309095176353809,208.12139431396852,31.510517172417536
2,49,34.62628749804841,-120.60545413493809,5.54642992401775,9.763775160051612,207.99043449109536,31.587381034313065
2,50,34.62567332557534,-120.60490106227505,5.812727597905323,10.227234045362577,207.8493679029654,31.67019642088369
2,51,34.62501403378422,-120.60430788594023,6.0857619676170875,10.699208064083935,207.69838478530497,31.759207580158126
2,52,34.624307347649314,-120.60367107576836,6.365548357234337,11.179365440398023,207.53682376768384,31.85466591105583
2,53,34.623550571358365,-120.60298970410378,6.651817905887961,11.666799731922348,207.36438438070894,31.956919395453664
2,54,34.62274173169941,-120.60225968826407,6.944713671495207,12.16138411048935,207.18037582003342,32.06619895326578
2,54.5,34.622317850655,-120.6018769011666,7.093504881829023,12.410985293351839,207.08414273116225,32.12351362736407
2,55,34.62188289724349,-120.60148543562839,7.2428486656155435,12.660329839949027,206.98575810860427,32.18236240016454
2,56,34.620980638252966,-120.60067123150297,7.543055496425368,13.158005747618379,206.78188282564756,32.3043666243323
2,57,34.62003470055857,-120.59981802229515,7.845376411505043,13.654215773914947,206.56897376531595,32.432345777579755
2,57.5,34.619544638749105,-120.59937589277247,7.997444872534834,13.901877341050234,206.45896817780124,32.49865645341748
2,58,34.619039547177096,-120.59892010240542,8.150703697448597,14.150100072151837,206.34579699398657,32.56689119227949
2,59,34.61798550100573,-120.59796848341725,8.460948226243257,14.64833924450237,206.11028932090863,32.70916375835107
2,60,34.61687099095074,-120.59696245396762,8.776364966280758,15.148916617977424,205.86237498396002,32.85950337179249
2,61,34.61569186438954,-120.59589832079445,9.097096419911832,15.65153703057442,205.6013269218822,33.018364716653394
2,62,34.61444751246588,-120.59477405481157,9.423243072926999,16.155945671079134,205.3269965186851,33.18592265942007
2,63,34.61313728683181,-120.59359043950826,9.755087930532172,16.66212031968444,205.03966607029656,33.36252006783321
2,64,34.61175643588356,-120.59234489379418,10.092518420781941,17.169226442587547,204.73879121599174,33.54866220251629
2,65,34.61030535346074,-120.5910344550544,10.435650144060142,17.67705630876912,204.4242263815846,33.744414604700985
2,66,34.6087824725887,-120.58965841923543,10.784738467407413,18.18547120956295,204.09601742696154,33.950165187294125
2,67,34.607184705217314,-120.58821570042834,11.139755708003417,18.693783419507408,203.75405538944727,34.16635246466772
2,68,34.60551192668558,-120.58670521395979,11.500901448213495,19.201815703498877,203.39849265789329,34.39320430522223
2,69,34.6037627916345,-120.58512493964719,11.868219871374778,19.709086692953562,203.02926561636545,34.630988930542046
2,70,34.60193469480539,-120.58347473231842,12.241782220875844,20.215038560445144,202.64651863878692,34.88017097444967
2,71,34.60002733359046,-120.58175202105501,12.621817293975502,20.719527744093053,202.25023558594344,35.1409703484995
2,72,34.5980375828956,-120.57995534382351,13.008128330999986,21.22156441528335,201.84038181288992,35.413769427892916
2,73,34.59596462172939,-120.57808400631124,13.401028080164455,21.721051471684508,201.41723373089445,35.69893583098907
2,74,34.59380710835343,-120.57613599613059,13.8005611984469,22.21747489942387,200.9808595078507,35.99675291680656
2,75,34.59156240071369,-120.5741107923523,14.206629902476445,22.710002306102556,200.53148714864545,36.30761992362175
2,76,34.58922779863213,-120.57200434321652,14.61932219453808,23.198143394500995,200.06885666322222,36.631906010732884
2,77,34.58680188297851,-120.56981706784168,15.038695967152716,23.681357961628773,199.59348365718955,36.969979831989605
2,78,34.58428283441339,-120.56754602485975,15.46469772911817,24.158996137871306,199.1053933473301,37.32210500676932
2,79,34.58166761613727,-120.56519053078883,15.897470631501637,24.630569378550437,198.6049009537798,37.68880489019509
2,80,34.578952930007674,-120.56274764863782,16.336847976232878,25.095191689412463,198.09201819053345,38.07043674952014
2,81,34.57613687974612,-120.56021686855274,16.78278958723694,25.552222155384264,197.5672302700154,38.46733594341729
2,82,34.57321769092154,-120.55759564117052,17.235412120413965,26.001295069000903,197.03076403964727,38.87983898930116
2,83,34.570190068879036,-120.55488290815293,17.694519644709306,26.44137711972863,196.48291220987286,39.30851691645259
2,84,34.56705467953944,-120.55207480591413,18.16018805326335,26.87228044462706,195.9239157784751,39.753421909201315
2,85,34.563806410100916,-120.54917176895475,18.632192764878273,27.29298035119828,195.3543693926415,40.21511846110529
2,86,34.56044305098724,-120.54617070557018,19.1107221304439,27.703270141782856,194.77454872765807,40.69399780948835
2,87,34.55696266968421,-120.54307073561732,19.5955675610872,28.1024540474743,194.18508618392627,41.19028747558342
2,88,34.55336171614056,-120.5398698768579,20.086605805377477,28.489888215838317,193.5864176418198,41.70437778459642
2,89,34.549637682578044,-120.53656559796394,20.583898233484476,28.865269092695364,192.97898159829853,42.236634573110216
2,90,34.5457877611038,-120.5331559225241,21.087378810688854,29.22814160711951,192.36331215767652,42.787400498067946
2,91,34.541811466094714,-120.52964278565145,21.597135486815127,29.57838319893335,191.74058654521005,43.35693463759867
2,92,34.5377048915814,-120.52602124211413,22.113104176780208,29.915573222116272,191.11092789882295,43.94562442500211
2,93,34.53346489540919,-120.5222926803355,22.635274147069083,30.23936685273031,190.47538004475467,44.55391011701741
2,94,34.5290898954523,-120.51845606917338,23.163735554736107,30.549710593596416,189.83471510409495,45.18208901212832
2,95,34.524579747608605,-120.51450999635415,23.69852265073918,30.84662700446655,189.1896936875488,45.83028595035635
2,96,34.51992943821232,-120.51045568953724,24.239752490722577,31.12989063173248,188.54129563966444,46.499155313082206
2,97,34.51513864567343,-120.50629025606084,24.78748896579817,31.39962180240197,187.8900801370055,47.18882558195487
2,98,34.510204974605486,-120.50201509575193,25.341779199199753,31.655771362176285,187.23710800576134,47.89965655499766
2,99,34.505125671111074,-120.4976286402926,25.902728912228717,31.898382892215448,186.5830392856776,48.63203285858978
2,100,34.49989860121176,-120.49313135984836,26.470343936298043,32.12745914216216,185.92879732003345,49.38624207184915
2,101,34.494521753965685,-120.48852169219818,27.04478721787408,32.34321029049458,185.27503331711515,50.162620027982065
2,102,34.488993256251476,-120.48379917872572,27.62602332341019,32.545682009223846,184.62252139575463,50.961388443601024
2,103,34.48331102246943,-120.47896468175023,28.214228373847902,32.73513080242736,183.9721690597056,51.78290394896617
2,104,34.477471084969324,-120.47401571451691,28.809354553685523,32.91151671446927,183.32443531819445,52.627552042985975
2,105,34.47147284155743,-120.46895314567755,29.41169184336532,33.07534551391631,182.68019450536127,53.495602059779614
2,106,34.46531246372184,-120.463775594373,30.020994420549833,33.22645417479279,182.0399955827694,54.387314471953204
2,107,34.458988432756584,-120.45848245208843,30.63752554243803,33.36530912921231,181.40446940454214,55.30301294104577
2,108,34.45249819026512,-120.4530736629535,31.261364543083126,33.49215865842643,180.774271218593,56.243013442778754
2,109,34.44583943701333,-120.44754824078908,31.892549315848388,33.60725104284033,180.14991879763926,57.20757844433455
2,110,34.43900931605015,-120.4419066848307,32.53103225570545,33.71074701673345,179.5320618025778,58.1969702294998
2,111,34.43200544247543,-120.4361473035905,33.17722020653263,33.803222262963786,178.92107471094835,59.21165679028153
2,112,34.42482639756078,-120.43027021860236,33.831009966097774,33.88490027964998,178.3174929704494,60.2517283044191
2,113,34.41746819968641,-120.42427577585792,34.49253907952924,33.956058511635845,177.7218433696961,61.31763954768557
2,114,34.40992978276742,-120.41816393991617,35.16200217187125,34.01719645137944,177.13456215058932,62.40960401856335
2,115,34.402208726191795,-120.4119326511173,35.83963822895754,34.068759219782585,176.55584753926428,63.52799030604304
2,116,34.3943026699922,-120.4055833624411,36.52550024166145,34.111063773977115,175.98621969669455,64.67303974026116
2,117,34.3862086397627,-120.399115502535,37.21974215891306,34.14446595688655,175.4259605150172,65.84511049495022
2,118,34.377925143296714,-120.39252850453303,37.922631335083395,34.16948083490789,174.87530646563687,67.04448661080907
2,119,34.3694493927053,-120.38582328492578,38.634293156769125,34.1864502007351,174.33461135863445,68.27147754261439
2,120,34.36077941815,-120.37899835293679,39.3548976029912,34.19577751460411,173.8039591711654,69.52635652146974
2,121,34.351911746117885,-120.37205501878286,40.084683926209806,34.19784044037201,173.2836797998716,70.80954946523408
2,122,34.3428441098733,-120.3649923469557,40.82369540572446,34.1929324191953,172.77385113567686,72.12127533024287
2,123,34.33357459714366,-120.35780924672726,41.572272860229944,34.18155148501557,172.27450772029283,73.46189064960929
2,124,34.3240996972491,-120.35050665560759,42.33048762599751,34.16394136670192,171.78585588622752,74.83172289057676
2,125,34.31441646215106,-120.34308403807157,43.09849750406947,34.14041790210353,171.30793945586004,76.23110884663586
2,126,34.30452347585547,-120.33554124996452,43.87674295368325,34.11153445019319,170.84078813293763,77.66040027472425
2,127,34.29441693553,-120.32787978671267,44.66516922448389,34.07742568370742,170.38457496233855,79.11986259333156
2,128,34.28409354361713,-120.32009617609033,45.46399495728314,34.03838242586577,169.93904583129802,80.6099302356974
2,129,34.27355108380788,-120.31219269642291,46.27361803561449,33.99487211986076,169.5043701673451,82.130967310423
2,130,34.262787318494674,-120.30416845120934,47.09408601871412,33.947122135923976,169.08044423416982,83.68318037386817
2,131,34.251795394855364,-120.29602107503494,47.92513902242948,33.89498055480474,168.66712388312862,85.2670429081025
2,132,34.24057366895138,-120.28775138700153,48.76726278679352,33.838956648947324,168.26440267013857,86.8829319104141
2,133,34.22911751505054,-120.2793570344925,49.620367888085546,33.77908433293026,167.87208154653786,88.53121724688899
2,134,34.21742175173255,-120.27083714469069,50.48427985217143,33.71534724516872,167.49007382516106,90.21225065927459
2,134.5,34.211481952093806,-120.26652998768843,50.92017411210854,33.681979874984236,167.3029257828789,91.06516244299685
2,135,34.205480766506845,-120.26219030777447,51.35889656287059,33.64775641404209,167.11825645447743,91.9264737412864
2,136,34.193292977992144,-120.25341488804732,52.2439878229294,33.57641500471431,166.75641198874496,93.67389886699883
2,137,34.18085624665434,-120.24451072570541,53.13923812521063,33.50137333190321,166.40442447911028,95.45451855699864
2,138,34.16816744106332,-120.23547859288449,54.04431812742259,33.42265019610232,166.06224454509163,97.2683914507464
2,139,34.155224856747665,-120.22631887598953,54.95884220025316,33.340291291049674,165.7297571335896,99.11542372871139
2,140,34.142027599976814,-120.21702956436481,55.8824696673723,33.254377118957834,165.4066739496575,100.99552159499851
2,141,34.12857228754343,-120.20761236592233,56.81491489724908,33.16495687217873,165.09297773978528,102.9087784633499
2,142,34.11485889144337,-120.19806635666235,57.75569548923988,33.072084952625595,164.78841795893277,104.85492912133778
2,143,34.10088476798252,-120.18839324701484,58.70458321106713,32.97586538371232,164.49294296547964,106.8340352845788
2,144,34.08664802985095,-120.17859196434333,59.66122561718151,32.87635022544701,164.20631740371425,108.84608002995064
2,145,34.07214722125133,-120.16866197861742,60.62519940849487,32.773579168436456,163.92832862055366,110.8909619874448
2,146,34.057382964788694,-120.15860446657275,61.59663012401201,32.667900814502545,163.6588160942067,112.96866225483929
2,147,34.04235312091486,-120.1484192909393,62.57520887690969,32.559371928255665,163.39759472698665,115.07920019087908
2,147.2,34.039315187614704,-120.14636756524254,62.77168817951344,32.53730867620671,163.34636094154848,115.5051908497279
2,147.4,34.036268588555494,-120.14431033712958,62.96840273769852,32.515176530750786,163.29539081488758,115.93229995535212
2,147.6,34.03321671340534,-120.14225122792318,63.16514797538798,32.49301676480232,163.2448084239585,116.36003041717186
2,147.8,34.03015950564685,-120.14018984954531,63.361754760275595,32.470756318076845,163.1945911792809,116.7883029549101
2,148,34.02709961668907,-120.1381267409824,63.55831941145938,32.44851606989903,163.14471439973136,117.21691972725296
2,148.2,34.02403686285398,-120.13606351738072,63.754515052706004,32.42616920847392,163.09526121054193,117.64568179625051
2,148.4,34.02097303127956,-120.13399964046117,63.95058127007075,32.40386153046754,163.04616651498804,118.0745711850924
2,148.6,34.017906642275605,-120.131935110301,64.14640620078706,32.381505678412104,162.99745387694384,118.50365917850877
2,148.8,34.01484028947716,-120.12987007599583,64.3419167932365,32.35914715643144,162.949078965206,118.93266905604904
2,149,34.011772242247325,-120.12780546429575,64.53704278730136,32.336715939296,162.90111691563607,119.36169645983946
2,149.2,34.00870497009165,-120.12574034794424,64.73191040332802,32.31432604153065,162.8534709736831,119.7906089965976
2,149.4,34.00563717415151,-120.12367619141148,64.92637768113799,32.29189471649682,162.80623502502,120.21941201615621
2,149.6,34.00256941251509,-120.1216115295832,65.12053065147158,32.26946188747901,162.75932098205772,120.64813527515194
2,149.8,33.99950186591009,-120.11954782670817,65.3143392120367,32.247031150643,162.71279491519397,121.07671206084692
2,150,33.99643453385638,-120.11748508224336,65.50780335373804,32.224602629077744,162.66665245505874,121.5051417924012
2,150.2,33.993366926372666,-120.11542236893597,65.70082555812505,32.202118028640626,162.62085247881123,121.93343629158038
2,150.4,33.990300090967494,-120.11335914890897,65.89358936598059,32.17967490493309,162.57534557675274,122.36161337365374
2,150.6,33.98723272875446,-120.11129688596971,66.08595283942577,32.1571924398415,162.53022404071305,122.7896781339699
2,150.8,33.98416557906814,-120.10923557957656,66.2779718790967,32.13471300887278,162.48547015726479,123.21759397941901
2,151,33.98109846017764,-120.10717376539041,66.46967661564145,32.112233233257086,162.44101193588517,123.64542728575366
2,151.2,33.976498015890876,-120.10366475753327,66.75648070907685,32.07552928109261,162.35477677830931,124.29668319199133
2,151.4,33.97343157735174,-120.10160370068577,66.94729897407908,32.053045155329684,162.31120768751907,124.72417800640518
2,151.6,33.97036460923436,-120.09954359833776,67.13771690545603,32.03052344264454,162.2680024238025,125.15155798897058
2,151.8,33.96729859075788,-120.09748444994955,67.32784625144396,32.008046572861204,162.2251302116763,125.5787502873598
2,152,33.964232291638524,-120.09542532866108,67.51753366578556,31.98551673549678,162.18256554142147,126.00580388513136
2,153,33.94890277052551,-120.08513484046118,68.46081542163249,31.872841198126487,161.97435253389335,128.13910869567124
2,154,33.933575674806654,-120.07485232526804,69.39522333467006,31.760001489580123,161.773521050868,130.26904625518787
2,155,33.918252042662566,-120.06458065426463,70.32075250366238,31.64705877522991,161.57980590350337,132.39540728302663
2,156,33.902930458110035,-120.05431777587988,71.23744883573335,31.533994641747988,161.39278350112727,134.5183537215944
2,156.2,33.899866557996724,-120.0522666304202,71.4196771326447,31.511356786195808,161.3561662369375,134.9424779889666
2,156.4,33.89680267468476,-120.05021496737272,71.60159114100318,31.48872127575962,161.31976369138215,135.36651242860725
2,156.6,33.89373830982212,-120.0481646373049,71.78327399561927,31.46611828267655,161.28366357863092,135.79049974700817
2,156.8,33.890672729837824,-120.04611286372253,71.9644894856885,31.443427459039142,161.24775459552075,136.2144488703245
2,157,33.8876062372982,-120.04406188728537,72.14554570631496,31.42078111916657,161.21212719052073,136.63844092090562
2,157.2,33.88453901988467,-120.04201039231849,72.32623193237372,31.398100153797145,161.1767183531665,137.06237922693867
2,157.4,33.88146996797586,-120.03995823375779,72.50673347928934,31.375423068474213,161.14153913809866,137.48646602265688
2,157.6,33.87840019040465,-120.03790555643812,72.6868650858216,31.35271193538311,161.10657439709644,137.9104989271412
2,157.8,33.875328329105024,-120.03585314063388,72.86685363916959,31.33001998872645,161.07187924255686,138.33470111573004
2,158,33.872255741437606,-120.03380020576161,73.0464723042259,31.307294493786582,161.03739427592632,138.75884915942402
2,158.2,33.869181318246426,-120.03174660713577,73.22590642476361,31.284573618161772,161.00313062617943,139.18314510727822
2,158.4,33.86610499786062,-120.02969195450638,73.40498687413242,31.26179468306339,160.96907083383053,139.60751426226895
2,158.6,33.863026592945715,-120.02763756320788,73.58392441785708,31.23903571533267,160.935272035313,140.03205195767566
2,158.8,33.85994703031247,-120.0255821178652,73.76256409328803,31.216255817244868,160.9016604141035,140.45662581322964
2,159,33.8568656312584,-120.02352600887717,73.94101938440092,31.19348136212533,160.86826241756455,140.881347113003
2,159.2,33.85378208538528,-120.0214697707551,74.11916272053402,31.170665037278752,160.83510391346965,141.3061620940734
2,159.4,33.85069670267638,-120.01941286900184,74.29712175598927,31.14785463244949,160.80215515901602,141.73112427323463
2,159.6,33.847608991178646,-120.0173543788988,74.47479928577413,31.124999802059858,160.76938429256472,142.15625004217233
2,159.8,33.84451987214629,-120.0152957596276,74.65222069216799,31.102140065247234,160.7368345870583,142.58143229375256
2,160,33.841428485922535,-120.01323594272364,74.82952984625939,31.079298129289114,160.70447461074355,143.00685211495573
2,160.2,33.83833495165231,-120.01117599666529,75.0065272667287,31.05641603812722,160.67234476615215,143.43236524315088
2,160.4,33.835240009152194,-120.00911592132509,75.18326867699437,31.03352963181972,160.64043044211974,143.85793450090986
2,160.6,33.83214205886711,-120.00705464864112,75.35984229663573,31.010626236957314,160.6087132497978,144.2837781416694
2,160.8,33.82904177830859,-120.00499178823264,75.53613471438456,30.98768056073499,160.57716416507628,144.70978535302933
2,161,33.82594008879822,-120.00292879864132,75.71217125472427,30.964731367362425,160.5458254955122,145.1358485389216
2,162,33.81039801762465,-119.99260283901712,76.58935066592414,30.849883963977764,160.39207161757645,147.26880203752043
2,163,33.79480126245871,-119.9822562255641,77.4608798013758,30.73468873913168,160.2429565356456,149.40574220642924
2,164,33.77914844425314,-119.97188975158582,78.32699193077907,30.61922622280668,160.09834636321125,151.5468867609085
2,165,33.76344039623869,-119.96150449396417,79.18754933589697,30.503502228016043,159.95808868459653,153.6920521829195
2,166,33.74767574225132,-119.95109847470174,80.04260526813007,30.387517975587155,159.82195941368923,155.8414381362503
2,167,33.73185537876858,-119.94067316137492,80.89219116205443,30.271333967273247,159.68983760674962,157.9949363199507
2,168,33.71597952672642,-119.9302276416188,81.73627185325604,30.154959108960202,159.56153166672743,160.15253043250334
2,169,33.70004723903118,-119.91976324153227,82.57500882026181,30.038451712305395,159.43695849239487,162.31435095153816
2,170,33.68405750201892,-119.90927812672797,83.4082145890873,29.921743179344066,159.31592810149073,164.48044240950307
2,171,33.668012264750736,-119.89877323204425,84.2361035870621,29.804957931841823,159.19831080707286,166.6507138539681
2,172,33.651909033939724,-119.88824949151508,85.05855747614987,29.688035382084948,159.084050858085,168.82530389713358
2,173,33.63574901524445,-119.87770507180352,85.87555534145609,29.57099707067754,158.9729450834849,171.00414702183733
2,174,33.61953243157551,-119.867141829066,86.68724211989156,29.453913573800538,158.86493808677267,173.18724707018546
2,175,33.60325759354349,-119.8565583233369,87.49354444551841,29.336738736172595,158.75989668251816,175.37476395604352
2,176,33.58692595599218,-119.84595456713957,88.29457975682337,29.219543800784017,158.65769476968137,177.56662982418018
2,177,33.57053643710369,-119.83533110142622,89.09017186459806,29.102275484153942,158.55826600642172,179.7628425374193
2,178,33.55408883490365,-119.82468925200016,89.88053801833652,28.98500891203974,158.46155888313115,181.9634968080314
2,179,33.53758311497302,-119.8140262669946,90.66550541317835,28.867691672447467,158.36739439189114,184.16859542432937
2,180,33.52101925807554,-119.80334492195782,91.44526049734931,28.75039869067235,158.27577172995132,186.3781586877388
2,181,33.5043965584345,-119.79264285964723,92.21974439166208,28.633099045602172,158.1865434573067,188.59229781878022
2,182,33.486047871093845,-119.78043329954147,93.06539548892341,28.501939576785237,158.07864873606616,191.04507926687393
2,183,33.469304919960784,-119.76969274205099,93.82881427968667,28.38475533817104,157.99445333000062,193.2684632391879
2,184,33.4525020552598,-119.75893242454327,94.58696964275558,28.267579218470257,157.91245180410738,195.4965188674084
2,185,33.43563839919833,-119.74815130822432,95.340013634976,28.15043933869916,157.83255512672645,197.7294418246733
2,186,33.41871442347761,-119.73735032748708,96.0880500423871,28.03338040641628,157.7547159398248,199.96722109811068
2,187,33.401730451829295,-119.72652962699219,96.83084466999676,27.91635555588738,157.678868361146,202.20971696496372
2,188,33.38468518251346,-119.71568764514716,97.56862230596226,27.799400322855888,157.60492348540038,204.4572162606978
2,189,33.3675791947354,-119.70482636549447,98.301286709941,27.682514921409567,157.53286856420095,206.70956820482942
2,190,33.35041259600432,-119.6939438339206,99.02900394003093,27.56573684114229,157.46259051966956,208.96691463907916
2,191,33.33318405779652,-119.68304150848064,99.75164031997882,27.449027331843062,157.39409095182737,211.22927707934312
2,192,33.315895035565816,-119.6721194031165,100.4693132326426,27.332439174092425,157.32729716073663,213.49658981213085
2,193,33.29854425900905,-119.6611766133024,101.18187892364058,27.215921411843272,157.26214993944245,215.76893875319112
2,194,33.281131353548055,-119.65021302631708,101.88958653406334,27.099531224343043,157.19860167030686,218.04649310223778
2,195,33.263656714842995,-119.63922918041477,102.59237106319704,26.983264802138596,157.13661350797145,220.32917961944565
2,196,33.246119755070126,-119.62822653037217,103.29015397031047,26.86710678901238,157.07618323481893,222.6169797549216
2,197,33.22852082302211,-119.61720221063314,103.98306046982762,26.751080789059827,157.01718919683321,224.91002401776225
2,198,33.2108596499663,-119.60615715508114,104.67113967219181,26.635201517553014,156.95961594937785,227.20834239229637
2,199,33.19313564781503,-119.5950928178737,105.35431318194699,26.51945340325915,156.90346495859967,229.5119167556214
2,200,33.17534860546535,-119.58400777535805,106.03262027391233,26.40383936346224,156.84866345550824,231.82084268938843
2,201,33.1574989969519,-119.57290296025869,106.70616488282197,26.288394362442226,156.79518959559653,234.13510751924565
2,202,33.13958652980417,-119.56177655412426,107.37481757542305,26.173081410423478,156.74296624288445,236.4547481466564
2,203,33.1216100357182,-119.55063080339875,108.03878312413022,26.057942499095756,156.6920243712783,238.7799072632402
2,204,33.103570624289304,-119.53946349366181,108.69787279564794,25.9429432976104,156.64226413786298,241.1104788935227
2,205,33.085466624269735,-119.52827595463648,109.35219555011858,25.828095461169713,156.59370236507596,243.44663689277237
2,206,33.067298427379164,-119.51706872107714,110.00168666357733,25.713394427292446,156.5463136466234,245.78831021284407
2,207,33.04906605911763,-119.5058394578835,110.64634468323179,25.598833188979707,156.50001326822905,248.13558536621576
2,208,33.03076943337051,-119.49459053163616,111.28618748748862,25.484426189788188,156.45482509531462,250.48841375422978
2,209,33.012407916853,-119.48332000648996,111.92132802059129,25.370183830388335,156.41068357236315,252.8469823483669
2,210,32.99398041328488,-119.4720284173061,112.55159276428633,25.25606365096017,156.36758429076212,255.21130848086523
2,211,32.9754885602592,-119.4607172127778,113.1770673257215,25.142108231882922,156.32551275749336,257.581245254155
2,212,32.95693005507896,-119.44938302789069,113.79778790985979,25.02828973748623,156.2843949170691,259.9571471884265
2,213,32.93830639458153,-119.43802926026726,114.41368087285106,24.9146243693489,156.24426128361563,262.3387427558356
2,214,32.919616201498414,-119.42665397822002,115.02480531265121,24.801104373358214,156.20506030938793,264.726264112807
2,215,32.90085944401988,-119.41525719919035,115.6311699616816,24.68773338919782,156.16676842442757,267.11973122960933
2,216,32.88203576528414,-119.403839455876,116.23265613281261,24.57448934258566,156.12937670999315,269.5191198253025
2,217,32.86314545722977,-119.39240024971902,116.8294000832513,24.461401590150228,156.0928488601162,271.92449454673283
2,218,32.844188487332566,-119.38093959809585,117.4214106431352,24.348473354736747,156.05716343959875,274.33587537617177
2,219,32.825162916808694,-119.36945700410111,118.00866149234399,24.235681298696896,156.02230883255743,276.75346130726507
2,220,32.806070292712114,-119.35795351392909,118.5910694329571,24.123030699745247,155.98826900310632,279.1770503036829
2,221,32.78690974532024,-119.34642811671142,119.16878996739815,24.010540513603583,155.9550123805086,281.6068402335227
2,222,32.76768091487932,-119.33488134400069,119.74170478644129,23.898189516377585,155.9225331681115,284.0428082490205
2,223,32.748383349718345,-119.3233127001664,120.30989638426993,23.785988986977067,155.89080692137918,286.4850636567958
2,224,32.72901743309779,-119.31172271604072,120.87330067974888,23.673934634950555,155.8598212761766,288.93353855951926
2,225,32.70958196878081,-119.30011089663216,121.43194624610804,23.562021271225984,155.82956018886352,291.3883880729565
2,226,32.69007748367537,-119.28847583569772,121.98592875005771,23.45026792111314,155.79997463924406,293.8496670867741
2,227,32.67050305325252,-119.27681948848706,122.53504401053767,23.33863895952603,155.7710929873906,296.31732037826
2,228,32.650859714664044,-119.26514136096861,123.07948289299664,23.2271772036478,155.7428792471826,298.7913647918298
2,229,32.63114594298222,-119.25344147131302,123.61914699812793,23.11585433515257,155.71533180526785,301.2719138376113
2,230,32.61136128630712,-119.24171932715277,124.15411948197335,23.004681381236402,155.6884299175839,303.75907679096724
2,231,32.59150594166354,-119.22997403590797,124.68436896848958,22.89365383064611,155.66214037824784,306.2528669565719
2,232,32.5715800556373,-119.21820703862774,125.20987286488898,22.782775476094827,155.63647262684492,308.753225163787
2,233,32.55158284618042,-119.20641835340558,125.73058713033423,22.672034544996713,155.61141921317756,311.2602195899745
2,234,32.531514191300865,-119.19460698000908,126.24672263030335,22.56146410012598,155.5869492881228,313.7739999845714
2,235,32.51137321052086,-119.18277253630112,126.758067116661,22.45102259173524,155.56305034041793,316.29458679833044
2,236,32.49116061134425,-119.17091504185305,127.26468445313536,22.34072836810413,155.53970300822448,318.82195431724574
2,237,32.47087589322723,-119.15903633764873,127.76666694791523,22.230599725179157,155.51692982952295,321.3561377921256
2,238,32.4505187353483,-119.14713462111312,128.26388884048257,22.120610251324738,155.4946899393558,323.89719201864796
2,239,32.43008868478981,-119.13520940431792,128.75643411734328,22.010770599436416,155.4729667238396,326.4452261090026
2,240,32.409585472504915,-119.12326161799655,129.24435424257908,21.90109137498498,155.45176582631552,329.0002680302011
2,241,32.389008727775696,-119.111291788908,129.72753227050788,21.791554476618327,155.43108689417,331.56229968627724
2,242,32.36835781464482,-119.09929801330385,130.2060851783948,21.682170254713263,155.4108923928345,334.1315107090405
2,243,32.34763403709937,-119.08728223453447,130.67997054936924,21.57294861340797,155.39119149727242,336.70770576502156
2,244,32.32683526624836,-119.07524255052469,131.1491985126613,21.46387220420841,155.37196023775107,339.291171260062
2,245,32.30596228771639,-119.06317999351104,131.61363214554171,21.35493031276259,155.35319772613502,341.8817546959322
2,246,32.285014111244706,-119.05109488616846,132.0736393967839,21.246174881273117,155.33490641632886,344.47970182017684
2,247,32.26399071627955,-119.03898553223927,132.52885336888116,21.137546946740624,155.31704937319046,347.084939694914
2,248,32.24289235031658,-119.02685377035424,132.97942048265784,21.029077164513076,155.29964312736047,349.697452799923
2,249,32.22171763015393,-119.01469770365767,133.42540524985455,20.920762462660896,155.28265948846968,352.3174795421529
2,250,32.20046785742788,-119.00251927043881,133.86676518238056,20.812611875270097,155.26610803846688,354.9448238665046
2,251,32.179140901136186,-118.99031657552031,134.30351179718411,20.704609601967203,155.24996724941445,357.5797738966488
2,252,32.15773787842516,-118.97809014426585,134.7356356503293,20.59676471436713,155.23422703698213,360.22221481251387
2,253,32.13625736099623,-118.96584040342916,135.16320990333986,20.48908117487074,155.21889581556525,362.8723095339831
2,254,32.11469994540949,-118.95356696927884,135.58613089975435,20.381548453688843,155.20395420258023,365.529987606486
2,255,32.09306536163545,-118.94127077083978,136.00445107745566,20.274176253782855,155.18940912514336,368.1952755278657
2,256,32.07135320006407,-118.92894901062013,136.418248252186,20.16696781918001,155.17521431535874,370.86835697236694
2,257,32.04956303661861,-118.91660452973784,136.8274146491252,20.059913479733964,155.16140603309213,373.54914095223626
2,258,32.02769400818278,-118.90423634716079,137.23211035465448,19.953029669258587,155.14796813197313,376.2378208940345
2,259,32.005746185562415,-118.89184317215972,137.6321380345281,19.846287623060473,155.13487360240947,378.93437310467664
2,260,31.983719411322436,-118.87942634108508,138.02771881286054,19.739721940948765,155.12213479191178,381.63886343686687
2,261,31.961613528534432,-118.86698546987692,138.41869644160383,19.633310460038096,155.1097396297971,384.35127323415026
2,262,31.939428083377496,-118.85452008126805,138.8051572722094,19.527062795612068,155.09767721392086,387.0717095941149
2,263,31.917162282313157,-118.84203019853473,139.18706058812143,19.420970240403964,155.08594623790566,389.8002448939135
2,264,31.894816604601168,-118.82951675118684,139.56451246377827,19.315053492196792,155.07454867495926,392.53685304249234
2,265,31.872390481246352,-118.81697885590583,139.93743138885498,19.209297546703223,155.0634692662643,395.28160213508266
2,266,31.84988386662915,-118.8044165359322,140.3058297550259,19.103705259075657,155.0527016628721,398.0345132365007
2,267,31.827296307110988,-118.79182931671691,140.66979446154087,18.99828591546665,155.0422358601561,400.7956926622759
2,268,31.804626257694053,-118.7792172225215,141.02923267129344,18.893019993782655,155.03207626753726,403.56526515974946
2,269,31.78187517172389,-118.76658027759714,141.38426253960188,18.787932536867572,155.02220651186872,406.34314760059465
2,270,31.75904127976745,-118.75391941146006,141.73483236289303,18.683010206303514,155.01264447076596,409.12946862190654
2,271,31.736125732012248,-118.74123283762883,142.08092584721746,18.578254698727616,155.00335246617624,411.92418954572827
2,272,31.71312728476869,-118.7285223907142,142.42258508653288,18.47366980092761,154.9943565820471,414.7273905904834
2,273,31.690044956985933,-118.7157866939678,142.75980428604595,18.369248016670376,154.98563931307365,417.53922664120256
2,274,31.66688020253189,-118.7030257726398,143.09270169207176,18.265013299263718,154.977185260625,420.35961276397245
2,275,31.643631127962514,-118.69024014695603,143.4210583274942,18.160930183609228,154.9690077014277,423.18864325733495
2,276,31.620298374779644,-118.67742885183168,143.74514183914195,18.057035076488653,154.96108433809115,426.02640232741254
2,277,31.596881550209595,-118.66459240782588,144.06483847853355,17.95331368674703,154.95341864207626,428.8728785556023
2,278,31.573379854486223,-118.65173084015555,144.38010934034176,17.849758335216286,154.94601046119988,431.7281457430028
2,279,31.549792833490756,-118.63884368044828,144.6910428274935,17.746377979391514,154.93885134732238,434.59230892372705
2,280,31.526120622342564,-118.62593235186262,144.99761870345287,17.64317456799959,154.93195234303437,437.4653067366694
2,281,31.502362052713416,-118.61299408632848,145.29986644610764,17.54014182486739,154.9252816840817,440.3473764137743
2,282,31.478518010695996,-118.60003030750234,145.5978182833027,17.437291701053038,154.91884592254542,443.2384027677669
2,283,31.454587474651678,-118.58704194481685,145.89147675618437,17.33462221846927,154.91265737657966,446.138462214123
2,284,31.430570834985506,-118.57402721794863,146.18077428757493,17.232124824893596,154.90668716159053,449.0475699744826
2,285,31.40646644540168,-118.5609874678879,146.46582947866153,17.12980937793208,154.9009563753416,451.96588910619533
2,286,31.382275447654987,-118.54792091599245,146.74662715469486,17.027677082301835,154.8954320565191,454.8933805510603
2,287,31.357995444137266,-118.53482890437338,147.02323417629952,16.925728033226765,154.89013975265448,457.8302612534654
2,288,31.333628381209838,-118.52171063689192,147.29548552990798,16.823951313020608,154.88505353527808,460.7763248282217
2,289,31.309172210980666,-118.50856696460953,147.56357542937064,16.722362696342223,154.88019084635846,463.7318172796801
2,290,31.28462772216531,-118.49539660089545,147.82736198939944,16.62094790542475,154.87552748725545,466.6966708752851
2,291,31.25999362173955,-118.48220039865025,148.08709178707005,16.51973189564596,154.87107632156392,469.67107591737937
2,292,31.23527109895327,-118.46897756121523,148.34254794151894,16.4186943789946,154.8668168055916,472.65488135117255
2,293,31.210457354818285,-118.45572894227394,148.59387359659652,16.317841764449525,154.86277047526175,475.6483874052588
2,294,31.185554681693752,-118.44245325609218,148.84103090462276,16.21717825652771,154.85890519969382,478.65141621605073
2,295,31.160560683237275,-118.42915184613308,149.08408819887134,16.116704212776522,154.8552454780479,481.6641842968077
2,296,31.135475741198746,-118.41582293900761,149.32297943731305,16.016411708841105,154.85176521357164,484.6867080897786
2,297,31.110299368756667,-118.40246836654256,149.55780159122685,15.916313191018913,154.84848309706308,487.7190096096254
2,298,31.085031946182724,-118.38908635597568,149.78848876477127,15.816400724513343,154.84537347627293,490.76110534648177
2,299,31.05967170698073,-118.37546984019089,150.01518543993123,15.716358034078196,154.84021712230617,493.82097943749545
2,300,31.034219659241508,-118.36203442052107,150.23770748622715,15.616826262146649,154.8374846128695,496.8829239965361
2,301,31.008674813440788,-118.34857296732768,150.45624715925473,15.517494146912254,154.83493725031406,499.9548608103162
2,302,30.98303639255957,-118.33508322474577,150.6707630450139,15.418351156870646,154.83255139516837,503.0369456227343
2,303,30.957304310998413,-118.32156750994518,150.88127731467597,15.319403481504587,154.83034814457733,506.1291165690137
2,304,30.9314789442924,-118.30802405311498,151.0877248394955,15.220643487369095,154.8283030101769,509.2313907772121
2,305,30.90555886786656,-118.29445330057258,151.29018680642824,15.122075545415447,154.82642465167714,512.3439269254796
2,306,30.87954402677509,-118.28085528385364,151.48867979399023,15.023701783304498,154.82470994468758,515.4667436473791
2,307,30.853433609583895,-118.26723003449773,151.68316916045268,14.925516071168287,154.82315981274928,518.5999166649234
2,308,30.827228714474646,-118.25357806731965,151.8736473345822,14.827523052797508,154.82177003659876,521.7433254399461
2,309,30.800926793053947,-118.23989706493293,152.0602149571227,14.729720838368554,154.8205268727654,524.8973485597962
2,310,30.774528370266026,-118.22618892558387,152.24277853692044,14.632105029556039,154.81944328804786,528.0618413309678
2,311,30.74803414600925,-118.21245368082931,152.42140634047146,14.534685748986506,154.81851240637377,531.2367647090534
2,312,30.721441607891276,-118.1986899817462,152.59599733681978,14.43744221742252,154.81773020792104,534.4223918804666
2,313,30.694751603359137,-118.1848982784828,152.76678765351232,14.34040268849911,154.81709342954537,537.618707510827
2,314,30.66796432284124,-118.171078668645,152.93355155274645,14.243545572091168,154.81659873480942,540.8256246923827
2,315,30.64107718799181,-118.15723112097888,153.09639696462267,14.146873189551275,154.8162554457357,544.043441084872
2,316,30.61409165650414,-118.14335566924035,153.2554437655071,14.050403134002767,154.81605319522623,547.2720585472496
2,317,30.58700657723544,-118.12945055143001,153.41052686566394,13.954113075855403,154.81597746192847,550.5116122039559
2,318,30.559821651734488,-118.11551897508443,153.56171026324014,13.858013155400842,154.81605739208533,553.7620387593095
2,319,30.532536663965914,-118.10155732113023,153.7090423241444,13.762103076244236,154.81625611617937,557.023519460123
2,320,30.505150768652264,-118.08756789913816,153.85249585059006,13.666380827605519,154.81659669929059,560.2960495071354
2,321,30.47766372195142,-118.07354936707962,153.99212483120616,13.57084956725439,154.81706443754524,563.5797284054162
2,322,30.45007488846812,-118.0595031356256,154.127861755766,13.475502937981657,154.81767253997373,566.8745519609653
2,323,30.422383839457712,-118.04542648901538,154.2597965224171,13.380345222887811,154.81839458189165,570.180700977645
2,324,30.394590881624485,-118.03132221272867,154.38787700926514,13.285376369516829,154.81925206234018,573.4980309852629
2,325,30.36669461692024,-118.01718848975032,154.51218339364698,13.190597644968769,154.82023170937464,576.8267810482902
2,326,30.33869422404767,-118.00302535658325,154.6326844985811,13.09600397934451,154.82133475983346,580.1670286071675
2,327,30.310590793589284,-117.98883332611139,154.74937409678847,13.001599298076552,154.82255788137468,583.5186518317653
2,328,30.282382349998947,-117.97461195776084,154.8622469912665,12.907376829873499,154.82390330545036,586.8818683204402
2,329,30.254069198936147,-117.96036081243767,154.971449680903,12.813351039668767,154.8253627747515,590.2567163421586
2,330,30.225650909328397,-117.94608040306427,155.07687536031287,12.719511639535705,154.8269400462625,593.6431933533498
2,331,30.19712702638458,-117.93177029130943,155.17862036556565,12.625865947391162,154.82863044519706,597.041397070775
2,332,30.168497117032675,-117.91743098938795,155.27657819850558,12.532403835507079,154.83043767142783,600.451325427897
2,333,30.139759573824858,-117.90306158557244,155.37087176237162,12.439131036955159,154.83235806395055,603.8732161055519
2,334,30.110914930237378,-117.88866169721251,155.46140480239598,12.346040364300324,154.83438315984017,607.3070084997639
2,335,30.081962914442006,-117.87423225761026,155.5482384482613,12.253137975567022,154.8365196311188,610.7527190073429
2,336,30.052902865696154,-117.85977372641752,155.63151040546504,12.160435043382789,154.83877160108887,614.2104430264246
2,337,30.023733423795115,-117.84528298495516,155.71109672609438,12.067913372548297,154.8411154349152,617.6804034056239
2,338,29.99445544692917,-117.83076370271729,155.7870369275296,11.975583333023078,154.8435763126971,621.1623934170555
2,339,29.965066976840415,-117.81621318416857,155.8593245988097,11.883436142755569,154.846136951777,624.6567142971967
2,340,29.93556889370959,-117.80163283572014,155.927995090181,11.791479227608598,154.84880292319315,628.1632415951913
2,341,29.90595979607722,-117.78702085973795,155.99313302457986,11.699714361356111,154.8515624595526,631.6822136617361
2,342,29.87624018969845,-117.77237913355965,156.05464731815923,11.608137253808826,154.85442665651988,635.2134878653986
2,343,29.846407908600117,-117.7577058613869,156.11257337071746,11.516743426102224,154.85738705897552,638.7573641544783
2,344,29.816464209134438,-117.74300197865027,156.16707341741585,11.425551406081789,154.86044368304727,642.3137345472128
2,345,29.786407323894185,-117.7282671027368,156.21790342087579,11.334535355020003,154.86359821187955,645.8827243563225
2,346,29.7562369707088,-117.71350122903938,156.26532971304562,11.243717438457965,154.86684925655436,649.4644442430889
2,347,29.72595290806604,-117.69870397567051,156.30920820250827,11.153084571022399,154.8701922188401,653.0588965852928
2,348,29.69555371322974,-117.68387580896135,156.34962952962798,11.062641349929432,154.87363421593204,656.6662366785829
2,349,29.66504028555225,-117.66901587842814,156.38662604440097,10.972392094061822,154.8771622726764,660.2864215586054
2,350,29.634412176971615,-117.65412469486044,156.4200944937514,10.882327676932897,154.88077995195272,663.9194520225009
2,351,29.603666630318582,-117.63920089777491,156.45019046571943,10.792452817218148,154.88448504125063,667.5657041955504
2,352,29.572806263222688,-117.62424593365999,156.47680548451189,10.702766725357954,154.88827627995192,671.2248357867705
2,353,29.54182735197093,-117.60925933669542,156.50008673133328,10.613271797787192,154.89216232216268,674.8972825695625
2,354,29.510731945297568,-117.59424072587203,156.52003958939295,10.523973240064697,154.89612973141766,678.5828604418249
2,355,29.479517290171778,-117.57918967948095,156.53661762460695,10.43486016153048,154.90018367097196,682.2818520328
2,356,29.448184466180855,-117.56410670847227,156.54981747012678,10.3459355329277,154.90432159921352,685.9941335141496
2,357,29.416731868296562,-117.54899092677346,156.5597689890247,10.257205121960967,154.90854056841442,689.7199395902419
2,358,29.38515960973738,-117.53384373735763,156.566460163665,10.168669515476806,154.9128486399543,693.4592061200631
2,359,29.35346725155004,-117.51866340238735,156.56978637108952,10.08031777715985,154.9172318853698,697.2120185700766
2,360,29.32165298904396,-117.5034499310379,156.56991880615428,9.992159272236272,154.9216950145003,700.978608471652
2,361,29.289718283405374,-117.48820429845273,156.566777318012,9.904191954396158,154.92623768367753,704.7587741025378
2,362,29.257660380565042,-117.4729251603851,156.5605217857603,9.816420706245479,154.93085784314314,708.5528901218581
2,363,29.225479972509877,-117.45761349166558,156.55102345445286,9.728837899403448,154.93555801043271,712.3608184792251
2,364,29.19317583640051,-117.44226887657365,156.53833704236243,9.641444611211082,154.94033736698339,716.1827161701555
2,365,29.16074886588336,-117.4268904725722,156.52249742985796,9.554244750674469,154.94518422517262,720.0185386733414
2,366,29.128195905201842,-117.4114796470957,156.50354292382113,9.467235285056786,154.9501180327586,723.8685640207068
2,367,29.09551843439186,-117.39603420711892,156.48159491563774,9.38042676141079,154.95511510389656,727.7327632995123
2,368,29.06271425549112,-117.38055555451068,156.45649719490112,9.293803525359232,154.96019152541953,731.611264752521
2,369,29.029785030233274,-117.36504284865187,156.4283339893697,9.207374778527662,154.96533308594758,735.5039592964608
2,369.2,29.02318386292786,-117.36193686367687,156.42237463673857,9.190115287018505,154.96637480279878,736.2842198434357
2,369.4,29.016576849275303,-117.35882856764654,156.41625176243392,9.172857892510502,154.9674151728575,737.0651584647525
2,369.6,29.009965711672535,-117.35571931130974,156.4100251360899,9.155611904669572,154.96845781435786,737.8465664326736
2,369.8,29.003349679492487,-117.35260909493537,156.40364644976054,9.138372041658947,154.96950544456558,738.6285083367671
2,370,28.996727602763087,-117.34949745859039,156.3971451240359,9.121137663532608,154.97055880100947,739.4111251592669
2,370.2,28.99010121736218,-117.3463835130681,156.39057817003876,9.10391601275215,154.9716053395464,740.1942915859879
2,370.4,28.983468969298514,-117.34326949836203,156.38385153799783,9.086698582181189,154.97266662547895,740.9780532610538
2,370.6,28.976832411494104,-117.34015317538733,156.37705970742834,9.069493891818984,154.97372108636034,741.7623647365873
2,370.8,28.970190185722757,-117.33703589424505,156.37006847228577,9.052290153964984,154.97478318178764,742.5472753976151
2,371,28.96354268279435,-117.33391719538865,156.36300422159303,9.035097238292755,154.97584821894327,743.332797034259
2,371.2,28.956890476723956,-117.33079664950442,156.3557492825873,9.017907263063186,154.97691109798495,744.1188572244289
2,371.4,28.950232796648564,-117.32767557633755,156.3484619507268,9.000731425928702,154.97798394029678,744.905524928113
2,371.6,28.943570033524782,-117.32455219731405,156.34106211339682,8.983563150360334,154.97905265655731,745.6928076193813
2,371.8,28.936902369688752,-117.3214278619945,156.3335124226222,8.966401150098473,154.98012622571184,746.4806255558822
2,372,28.930229426017497,-117.3183021112194,156.3258908485081,8.949250023250086,154.98120268281377,747.2690550052853
2,372.2,28.923551580447917,-117.31517540484157,156.3181198561499,8.932105196350037,154.9822839603744,748.0580199488279
2,372.4,28.91686825690292,-117.31204685376258,156.31011113922298,8.914958227160538,154.98336573060112,748.8475890634684
2,372.6,28.910179848925786,-117.30891731862555,156.30219751719665,8.897835203266636,154.98445271814933,749.6377775937191
2,372.8,28.903485961697477,-117.30578593969766,156.29404664503878,8.88071007605956,154.98554017953597,750.4285705697718
2,373,28.896787940910183,-117.30265360661622,156.28579557426087,8.86359648301718,154.98662972901286,751.2198347555203
2,373.2,28.890083866024774,-117.29951986068689,156.2774256623853,8.846488666460033,154.98772477182683,752.0117759727405
2,373.4,28.883374507471977,-117.29638470241174,156.2689854761837,8.829391803880801,154.98882261575886,752.8043294851495
2,373.6,28.876659666614675,-117.29324770191919,156.26030898597557,8.812292948003588,154.98992089736964,753.5974881269015
2,373.8,28.86994049486516,-117.29011063787463,156.25157330672351,8.795208913511532,154.991028167413,754.3911146185646
2,374,28.86321585490403,-117.28697081490677,156.2428057072703,8.77813717015226,154.9921293338599,755.1854335190301
2,374.2,28.856485535647472,-117.28383004008502,156.23384265610855,8.761066743239377,154.99323784895682,755.9803541613925
2,374.4,28.849750307577345,-117.28068831367905,156.22473264797776,8.744002784584866,154.99435102986536,756.7758117588863
2,374.6,28.84300998715191,-117.2775442885102,156.21551360452176,8.72694661831118,154.99546002639124,757.571886212212
2,374.8,28.83626418447222,-117.27439974316805,156.2062660512533,8.709904718899878,154.99657865896972,758.3685698668804
2,375,28.829513665831385,-117.27125335839551,156.19683206702862,8.692866092385346,154.99769501545006,759.1657947187487
2,375.2,28.822757858514052,-117.26810556530313,156.1873298850935,8.675838519364415,154.99881407621456,759.9636328628009
2,375.4,28.815995990504284,-117.26495636439405,156.17771154070275,8.658816921938756,154.99993847076803,760.7621494758969
2,375.6,28.809229210024355,-117.261806214203,156.16794759964571,8.641801873811898,155.0010674509988,761.5612037958114
2,375.8,28.802457710728685,-117.25865422615759,156.15799814098048,8.624790176858617,155.0021941324802,762.3607999013624
2,376,28.795680349086435,-117.25550126249152,156.14809945853708,8.607797314970282,155.0033284267954,763.1610815754401
2,376.2,28.7888982674534,-117.25234646188417,156.13801571879165,8.590807826503084,155.00446041067903,763.9619052594891
2,376.4,28.782110499025926,-117.24919071344794,156.12773912254815,8.573819888104973,155.0055995599878,764.7633323473187
2,376.6,28.77531743798051,-117.24603355981054,156.1173959793439,8.556843087945849,155.0067413251037,765.565373523378
2,376.8,28.76851927786928,-117.24287411278821,156.1069463993786,8.539874235693645,155.00787886508851,766.3680328644804
2,377,28.76171563015833,-117.23971415029095,156.09647087338288,8.522919728362206,155.0090258356604,767.1713024738214
2,378,28.72761923940102,-117.22389296390608,156.042015792476,8.438238268409862,155.0147926642893,771.1964687321083
2,379,28.69338899794846,-117.2080359547716,155.9847835710859,8.353750462162669,155.0206221346258,775.2368814152206
2,380,28.659025205929325,-117.19214363525315,155.92472629865912,8.269453611710478,155.02651476649407,779.2924802614618
2,381,28.624527218686485,-117.17621649239362,155.86199230710696,8.18535703956928,155.0324740238225,783.3633515943461
2,382,28.58989438065126,-117.16025369400217,155.796524022704,8.101454380170775,155.03849439942644,787.4495801101932
2,383,28.555126048747073,-117.14425572887538,155.72847035210114,8.017754838819934,155.04457933441074,791.5512515588255
2,384,28.520220984413776,-117.12822087884896,155.6576865542885,7.934244221419317,155.05071934161822,795.6685210119723
2,385,28.485178726900536,-117.11215097671577,155.5842841247814,7.850930432033529,155.05692625635777,799.8013947427828
2,386,28.449998826695214,-117.0960456256066,155.50837279707193,7.767819480303631,155.06319684624577,803.9499622528605
2,387,28.414680815854563,-117.0799031096446,155.4298566099126,7.684902154350588,155.06951928566173,808.1143131141354
2,388,28.37922231321395,-117.06372480887853,155.34883095782718,7.602181142462447,155.07590837764462,812.2946602426115
2,389,28.34362535556021,-117.04751034892035,155.26530495230946,7.519660088480952,155.08235319276537,816.4908153047426
2,390,28.30788679580419,-117.03125888400025,155.17932546311243,7.437335303415431,155.08885623453398,820.703141176572
2,390.2,28.300722030106087,-117.02800439101607,155.1617821058687,7.4208903308544185,155.09016541546214,821.5475307105911
2,390.4,28.29355156149743,-117.02474807344643,155.14426773341188,7.404461461724358,155.09147471554593,822.3926159026487
2,390.6,28.286375547421176,-117.02148994976824,155.12653833091724,7.388032518209253,155.0927837533252,823.2383192753924
2,390.8,28.279194011639365,-117.01823134130912,155.10880000613537,7.371618352910083,155.0941010065095,824.0846393333185
2,391,28.272006557164495,-117.01497047553477,155.0909256307399,7.3552084514034375,155.09541620946857,824.9316522577656
2,391.2,28.26481336536015,-117.01170869138929,155.0728770270683,7.338801503396026,155.09673745086207,825.7792790919992
2,391.4,28.257614468175383,-117.0084450855163,155.0548587530069,7.3224106893715915,155.09805877001133,826.6276019963356
2,391.6,28.25041079762077,-117.00517967575459,155.0366741158003,7.306024472170461,155.0993773767259,827.4764770952618
2,391.8,28.243200051020604,-117.00191378351627,155.01838719140738,7.289643930253244,155.10070893786883,828.3261027881076
2,392,28.235984934220273,-116.99864563658144,155.00006023379322,7.273276861631049,155.10203360191917,829.1762884988912
2,392.2,28.22876292939715,-116.99537612184365,154.98159156196192,7.256912554593164,155.10336488585813,830.0272298287324
2,392.4,28.221535588039487,-116.99210523981505,154.96307607086842,7.240560127656214,155.1046979639508,830.8787933443053
2,392.6,28.214302133513833,-116.98883299100783,154.9444667355586,7.224215043753207,155.10603522554663,831.7310459367147
2,392.8,28.20706390138604,-116.98555894099783,154.925692590178,7.20787464663613,155.10736974097995,832.5838514930231
2,393,28.199819183763097,-116.98228307396046,154.90690367550962,7.191545893896216,155.10870667374888,833.4374205872233
2,393.2,28.192569498336375,-116.97900629284177,154.8879904545555,7.1752247812999945,155.11004711579824,834.2915380392324
2,393.4,28.1853129208279,-116.97572814689777,154.86893724488468,7.158906553977119,155.11139408322526,835.146411940214
2,393.6,28.17805100339426,-116.97244863664119,154.8498388092704,7.142600258488325,155.1127427824796,836.0019086202162
2,393.8,28.170783934188528,-116.96916687654902,154.83065542208217,7.12630297682419,155.1140869702799,836.8580330203492
2,394,28.16351055893068,-116.96588463923756,154.8114200977236,7.110016049010989,155.1154414940777,837.7148424199186
2,394.2,28.156231254137857,-116.9626001531796,154.79205316733382,7.093733661233673,155.11679387437516,838.5723467066256
2,394.4,28.14894583060336,-116.95931430492429,154.77259489751887,7.077458745911564,155.11815032991285,839.4305411223196
2,394.6,28.141655623130934,-116.95602665961265,154.75297417133487,7.061188646902198,155.11950399883972,840.2892896303065
2,394.8,28.134358737000674,-116.95273808845437,154.73338122346252,7.044933195002972,155.12086619511206,841.1487976308636
2,395,28.12705706565432,-116.94944772116979,154.71362633899415,7.02868257936624,155.12222559275767,842.0088599417539
2,395.2,28.11974927306808,-116.94615599364496,154.6937812112542,7.012439487585302,155.12358902146252,842.8696128391507
2,395.4,28.112434988604694,-116.94286245617634,154.6739247578848,6.996208168258203,155.12495473771253,843.7311304217362
2,395.6,28.105114951785847,-116.93956800979262,154.6539000178557,6.979980167729969,155.12632618235466,844.5932648309098
2,395.8,28.097789756925458,-116.93627131898963,154.63379303833378,6.963761293379832,155.1276930849366,845.4560280218136
2,396,28.090458250491476,-116.93297415575456,154.61363691247536,6.947552881492501,155.12907013619542,846.319477267412
2,397,28.053713635484808,-116.91646223567352,154.51135957188345,6.866618301664916,155.13596386829272,850.6467853609842
2,398,28.016821808323435,-116.89991246188892,154.40690106658266,6.7858831247507085,155.14291234987263,854.9909342934836
2,399,27.979782692045564,-116.88332489996856,154.30029685427343,6.705348912181357,155.1499143311604,859.3519378376417
2,400,27.942594876712334,-116.8667000522428,154.19165441068168,6.625019842289751,155.15697523059225,863.7299455287716
2,401,27.90525788079723,-116.85003621536792,154.08088312137127,6.544887464485876,155.16408401228546,868.1250487944377
2,402,27.867770293946663,-116.83333389400434,153.9680914244624,6.464956024742638,155.17124610611506,872.5373972115719
2,403,27.830132225035168,-116.8165922718707,153.8532762324512,6.385224271155281,155.17845433599928,876.9670095606872
2,404,27.7923416672242,-116.7998131866645,153.73646105378586,6.305690829213309,155.18572390461895,881.4140243773533
2,405,27.754399326612024,-116.78299449150389,153.6177291434305,6.226360026262835,155.19303780236442,885.8784711544062
2,406,27.716302786283705,-116.76613625663,153.49697856680862,6.147220852869719,155.20040161358816,890.3605673558128
2,407,27.67805219749633,-116.74923899078166,153.37441299482714,6.068285877559517,155.2078161216316,894.8603260025648
2,408,27.63964532627995,-116.73230188133479,153.2498917614231,5.989541521838315,155.21528094587188,899.3779705116883
2,409,27.601083471345294,-116.71532588363326,153.12358644956817,5.911000296358448,155.2227962642337,903.913372277966
2,410,27.5623632503407,-116.69830974124895,152.99539020115975,5.832648765141173,155.23036225661883,908.4668964628603
2,411,27.523485782686482,-116.6812530834239,152.86551456815099,5.754500667165458,155.23797177757967,913.038492222004
2,412,27.484448646601205,-116.66415598461535,152.73386091530975,5.676545440105099,155.2456301969571,917.6283783122352
2,413,27.44525212622461,-116.64701896244306,152.60039045370837,5.598780713351909,155.25333791581545,922.2364957784031
2,414,27.405894089608253,-116.62984164516573,152.46537560601905,5.521218677152643,155.26109675758403,926.8631380367159
2,415,27.366374765652452,-116.6126232287004,152.32857331071142,5.443843744308875,155.26889959095183,931.5082540888889
2,416,27.326692205053202,-116.59536246289221,152.1902174273245,5.3666655009852775,155.27674272382535,936.1721429141318
2,417,27.28684590783076,-116.57806207436697,152.05022484693117,5.289678936135204,155.28464136126308,940.854730574323
2,418,27.246835434065357,-116.56071949260048,151.9087173403809,5.212888323403865,155.29258011403,945.5561862569297
2,419,27.206658173840246,-116.5433356789533,151.7656402078392,5.136286281279218,155.3005696212374,950.2767246696128
2,420,27.166314651441763,-116.52590939040812,151.62112240892648,5.059879610769646,155.3085996130028,955.0163676505616
2,421,27.125803040400275,-116.50844158946337,151.4751560608875,4.983664827463009,155.31667854316004,959.7752608187889
2,422,27.08512265638821,-116.49093147506161,151.32770003633294,4.907637254869546,155.32480186255634,964.5534929781627
2,423,27.04427191655211,-116.4733782504355,151.1789128468437,4.831802511084228,155.33296744396785,969.3512900232657
2,424,27.003251101074188,-116.45578243775218,151.0287598818671,4.756158348750132,155.34117568641784,974.1685934072132
2,425,26.962057415758302,-116.43814368147856,150.87723015716114,4.680699133565948,155.34943001053466,979.005696871981
2,426,26.92069103139746,-116.42046250872335,150.72453459689302,4.605436486657066,155.35773104055215,983.8626086540894
2,427,26.879150296280486,-116.40273680570621,150.57062956847716,4.530363535100625,155.36606958009918,988.7395651709155
2,428,26.83743452466713,-116.38496797692311,150.41547664403356,4.455476950990279,155.37445327037938,993.6365718656713
2,429,26.79554249392969,-116.36715567153652,150.25915795997997,4.3807785581660035,155.38288145045112,998.5537829223166
2,430,26.753472982411306,-116.34929954052711,150.10175628701597,4.306270167391813,155.391353462692,1003.4913523479693
2,431,26.71122450080294,-116.33160693337436,149.94319311391843,4.232048496834979,155.40098264862957,1008.441540626263
2,432,26.66879613416972,-116.31366159438521,149.78370583812426,4.157914799984517,155.40953311909652,1013.4202952598154
2,433,26.626187154938993,-116.29567094803228,149.62326803715527,4.083970470088309,155.4181218627407,1018.4198057420174
2,434,26.583395298924884,-116.27763639986154,149.46175468425545,4.0102053560557955,155.4267600697233,1023.4402192873009
2,435,26.5404209167111,-116.25955541370578,149.29934223785716,3.9366273294402943,155.43543163797233,1028.4816327922792
2,436,26.49726165086276,-116.2414294083625,149.13615169869644,3.8632395166699354,155.44414798438197,1033.5442571950966
2,437,26.453916809480415,-116.22325759911755,148.97215046952758,3.7900377774475977,155.45290482166843,1038.6281826016063
2,438,26.410384383435197,-116.20503964837388,148.80738192095143,3.7170206355316635,155.46170337855756,1043.733633684088
2,439,26.366664295321275,-116.18677565250574,148.64189879235812,3.6441897718924174,155.47054252224052,1048.860623150401
2,440,26.322755059790563,-116.16846482955658,148.47562584176845,3.57153783946254,155.4794199214972,1054.0093126926095
2,441,26.278654583086016,-116.15010686132705,148.30885342537331,3.4990763692409197,155.48833706433084,1059.1799891532635
2,442,26.234361558754436,-116.1317022793463,148.14146705720108,3.4267967637818293,155.4972978949861,1064.3727374542223
2,443,26.189875909881124,-116.11325118320264,147.97352171871998,3.354700733546432,155.5063012420618,1069.5875703390118
2,444,26.145195271330724,-116.0947506272835,147.80514738899657,3.2827896441486533,155.51533580732735,1074.8248662667345
2,445,26.10031861237347,-116.07620377880377,147.63639418520685,3.2110650869600073,155.52441818566444,1080.08461820667
2,446,26.05524478494793,-116.0576081076064,147.46711245328373,3.1395155857783648,155.53353638658427,1085.3670031775303
2,447,26.009971705275372,-116.03896330902967,147.2975974002704,3.0681525567980503,155.54269182817802,1090.6723066974141
2,448,25.964498684830875,-116.02027079584443,147.12782208574285,2.996973161799607,155.551891279757,1096.0005361922442
2,449,25.918824054606297,-116.00152849232325,146.95775957084354,2.9259718876248173,155.56112632207953,1101.3519314516823
2,450,25.8729467095316,-115.9827374057643,146.78770985347592,2.855161848615538,155.57040258897302,1106.7266286690854
2,451,25.826864085756107,-115.96389632005385,146.61739879338256,2.7845243313516046,155.57971792205944,1112.1248733067812
2,452,25.780576043335127,-115.94500536886427,146.44713215863706,2.714073388028086,155.58907144522618,1117.546736704366
2,453,25.734081089827132,-115.92606378839396,146.27684495344573,2.6438023550859,155.59846088354243,1122.9923825673532
2,454,25.68737705120078,-115.90707214229978,146.1066328978343,2.5737124299047003,155.60789188012427,1128.4620290301445
2,455,25.640462088706048,-115.88802924379672,145.93651399216057,2.5038005697643086,155.617360805795,1133.9559091776446
2,456,25.593335787688368,-115.8689347844775,145.7666330875838,2.4340719764438536,155.62686523398838,1139.4741040023118
2,457,25.54599518213614,-115.849789333428,145.59704547422007,2.364524848742206,155.63641239607114,1145.0169038635383
2,458,25.498440534702496,-115.83059125879505,145.42773768930604,2.29515674024459,155.6459920713238,1150.5843361184639
2,459,25.450667575178162,-115.81134158437874,145.2588446037341,2.2259684755014613,155.655616324736,1156.1768248535934
2,460,25.402677703890358,-115.79203910499996,145.09031614363658,2.1569572648860427,155.6652745958255,1161.7942566944373
2,461,25.354467273832864,-115.7726835501926,144.92237425309605,2.0881282368510723,155.67497141226568,1167.4370589792609
2,462,25.30603542213313,-115.75327504557067,144.7550445394907,2.01948022168122,155.68470726929377,1173.1053164900654
2,463,25.257379513519524,-115.73381242111782,144.58831009672303,1.9510075858009914,155.69448027015392,1178.7993357694822
2,464,25.20849914295735,-115.71429538382694,144.42232252411918,1.882715492693525,155.70428801660387,1184.5191970000085
2,465,25.159391349352603,-115.69472451679285,144.2571456335569,1.8146024615654976,155.71413738493766,1190.2651913055302
2,465.2,25.14954253936793,-115.69080475607434,144.22416532675084,1.8009996087213058,155.7161160165175,1191.417479974117
2,465.4,25.13968432043978,-115.68688086139991,144.19126720822976,1.787405069901973,155.71808773709972,1192.5709307603609
2,465.6,25.129816880388464,-115.68295629669696,144.15840643962937,1.7738182908425528,155.72006808864194,1193.7253846725926
2,465.8,25.119941005092883,-115.67902889473639,144.12562915793154,1.7602414009272795,155.72204549579033,1194.8808521032652
2,466,25.110055433280454,-115.67509907683097,144.0927694332907,1.7466654372301134,155.7240244405375,1196.037411764134
2,466.2,25.10016046353476,-115.67116729774769,144.05999115126022,1.7330985669090304,155.72600638746064,1197.1950504404886
2,466.4,25.09025609557956,-115.66723355860057,144.02729490342736,1.719540799484232,155.72799132273337,1198.3537682028264
2,466.6,25.080342491188098,-115.66329698676448,143.99464205709006,1.7059901421785848,155.72997490855767,1199.5135730199643
2,466.8,25.070420624582443,-115.65935887688966,143.96203316153307,1.692448142603077,155.7319610926785,1200.6743162098933
2,467,25.06048872096437,-115.6554179365212,143.92942645561416,1.678910460556697,155.7339475265071,1201.8362198815041
2,467.2,25.050547754431303,-115.65147546005205,143.89682248189766,1.6653786477985886,155.7359381455708,1202.9991353882415
2,467.4,25.040597050754783,-115.64753060943096,143.8643851552438,1.6518592834316534,155.73793046057858,1204.1631979994365
2,467.6,25.03063664521526,-115.64358335120468,143.83187020842172,1.6383410127599702,155.73992423188417,1205.3283538518588
2,467.8,25.02066813656862,-115.63963368632628,143.7993628525166,1.6248294744143976,155.7419162462361,1206.4944564978423
2,468,25.010689889783265,-115.63568165088788,143.7670239490783,1.6113304168945697,155.7439099335511,1207.661706463635
2,468.2,25.000701777628105,-115.63172808443896,143.7346484364979,1.597834502392517,155.745909345766,1208.8300421012766
2,468.4,24.99070442447105,-115.6277716954321,143.70232169648912,1.584345835003357,155.74790734704675,1209.9994656608606
2,468.6,24.98069766859174,-115.62381335846446,143.67008353447727,1.5708664113541069,155.74990821868232,1211.1699692641553
2,468.8,24.970681670883693,-115.6198522013263,143.63789535075333,1.5573942599287887,155.75190766912533,1212.341560950708
2,469,24.960656605710863,-115.61588951724993,143.6057151978761,1.5439281110518308,155.75391119887547,1213.5141653913925
2,469.2,24.950621336296024,-115.61192488846176,143.57358322179317,1.5304684616612392,155.75591915514042,1214.687923546154
2,469.4,24.94057762401207,-115.6079574428658,143.541545215128,1.5170189061222403,155.7579240768224,1215.8626966446275
2,469.6,24.930523867512587,-115.60398718169552,143.50951743422448,1.5035739054687935,155.7599291417729,1217.0386316318968
2,469.8,24.920459905377587,-115.60001497932606,143.47753972085192,1.4901354542381897,155.76193860156968,1218.2157206330598
2,470,24.910387673864488,-115.59604125512607,143.44561516846625,1.476705849471217,155.7639504929797,1219.3937494432287
2,471,24.859880125081737,-115.57613529545701,143.2867982803276,1.4096616897909864,155.77402469394895,1225.3008335948844
2,472,24.809133276137096,-115.55617307133737,143.12925726580713,1.3427934618814168,155.78413964826905,1231.23542802118
2,473,24.758144157736993,-115.5361530178954,142.9730690696016,1.2760993562513896,155.79429220028737,1237.1979081358525
2,474,24.70691124607136,-115.5160744473751,142.81843513579946,1.2095849748289262,155.80448030880905,1243.188493800513
2,475,24.655432884668592,-115.49593750789377,142.6653522100728,1.1432467749284116,155.81470589400578,1249.2073443070078
2,476,24.60370594934452,-115.47574151697017,142.5139406010816,1.0770849865950276,155.82496998349836,1255.2548269537447
2,477,24.551729097972917,-115.45548708293417,142.36436244449766,1.011103911458805,155.83527581246005,1261.3310860572249
2,478,24.49950001489515,-115.43517132924129,142.21654147672095,0.9452949571314289,155.84561321331512,1267.436446798477
2,479,24.447017045943166,-115.4147966121644,142.0707203638712,0.8796662455580179,155.8559936117838,1273.5710369793112
2,480,24.394276584792188,-115.3943605183733,141.92690563886893,0.8142117342796572,155.8664112800118,1279.735314605032
2,481,24.341277782260228,-115.37386320838382,141.78514317776356,0.7489307872890968,155.87686649150896,1285.92936578994
2,482,24.28801784440456,-115.35330447601032,141.64572462358046,0.6838313869474953,155.88736152981312,1292.153541703068
2,483,24.234493823140465,-115.33268274497269,141.50849685577583,0.6189014957596535,155.89789305625038,1298.4081681635926
2,484,24.180705040212754,-115.3119995108604,141.3737109879833,0.5541498912390767,155.90846664714968,1304.6933065042356
2,485,24.126647565417052,-115.29125196681717,141.24146423629392,0.4895739580524557,155.9190755066104,1311.0094816885066
2,486,24.072319271923348,-115.27044074509965,141.11188971706574,0.42517552966464506,155.92972412538575,1317.356912023439
2,487,24.017717536473818,-115.24956473989351,140.98500321417208,0.36095032609989874,155.94041050822057,1323.7359075394493
2,488,23.962840235860366,-115.22862458770092,140.86094078867418,0.2969002460458663,155.95113904121717,1330.1466867606234
2,489,23.90768523170952,-115.20761877853323,140.73984466303511,0.233026620624311,155.96190512841326,1336.5895510736757
2,490,23.852248620775697,-115.18654667669409,140.62181674351078,0.16932769055953892,155.97271096090924,1343.064942898724
2,491,23.796528440704538,-115.16540805907854,140.5069591276422,0.10580362897844134,155.98355694668396,1349.5730893321931
2,492,23.740522409480192,-115.14420229718989,140.39545819010493,0.042457615486049684,155.9944423635842,1356.114282984366
2,493,23.684226953395598,-115.12292917418297,140.2873386774827,-0.02071496836004712,156.005370400743,1362.6889010165137
2,494,23.627639946507827,-115.10158720047602,140.18275175256002,-0.08371262708484373,156.0163364879412,1369.2972448231449
2,494.5,23.599236109261604,-115.09089007266313,140.13173116302676,-0.11514971835334707,156.0218335511861,1372.614167131077
2,495,23.570757817021903,-115.08017616617818,140.08172615082654,-0.14653981349281947,156.0273437709235,1375.939692122633
2,496,23.513581853285242,-115.05869586385231,139.9845321852211,-0.20918676761596924,156.03838702896985,1382.6161691347957
2,497,23.456110917486413,-115.03714817219044,139.89107043547185,-0.27166037856077047,156.04947362760743,1389.3266985743355
2,498,23.39834564371183,-115.01553201606362,139.80153331435565,-0.33395511235109143,156.06059600822266,1396.0712903167507
2,499,23.34028568358195,-114.9938471322814,139.71586799108422,-0.39607599942894395,156.07175162474982,1402.8499748117881
2,500,23.28193155002415,-114.97209545442186,139.63430106191709,-0.45801544184975307,156.08294523855113,1409.6626698760767
2,501,23.223282232246536,-114.95027585063004,139.55670249379426,-0.5197824710804867,156.09417197065977,1416.5094907031496
2,502,23.16433854192148,-114.9283885197153,139.48322234287673,-0.581372942317179,156.10542923993955,1423.3903728541995
2,503,23.105101111704077,-114.90643446554535,139.41380473640282,-0.6427908103414163,156.11671796039116,1430.305198071773
2,504,23.045567964478387,-114.88441342036411,139.34832124170103,-0.7040454940980724,156.12803833800967,1437.2541497274638
2,505,22.985740202906943,-114.86232384839344,139.28684599067086,-0.7651361533953729,156.1393806538233,1444.2371819010311
2,506,22.9256183077286,-114.84016761494529,139.2293633515872,-0.8260649505894846,156.15074949973655,1451.2541685334536
2,507,22.865200795760042,-114.81794404912696,139.17586995675043,-0.8868360454785261,156.16214279125109,1458.3052827910456
2,508,22.804489391344145,-114.79565241552257,139.12627406607848,-0.9474542318474249,156.173553114769,1465.3903506086306
2,509,22.7434826295734,-114.7732941728996,139.0805674843127,-1.007923102594396,156.18498661405215,1472.5094635920375
2,510,22.682181103502558,-114.75086818279651,139.03870430980808,-1.0682467096307888,156.19643622135504,1479.6625888710116
2,511,22.620584809655963,-114.72837463798186,139.00080016922578,-1.1284230745569135,156.20790096265364,1486.8497394330097
2,512,22.558693039734752,-114.70581492472157,138.9666428207308,-1.1884628291786736,156.2193854728764,1494.0708893241483
2,513,22.496506720929894,-114.68318624204694,138.93635556800197,-1.248363809593746,156.2308760834262,1501.3260673086634
2,514,22.43402581189324,-114.66049083677635,138.9098041959079,-1.308132793245592,156.2423796966475,1508.6151628718028
2,515,22.37124962940329,-114.63772803297712,138.88702980146,-1.3677713847256134,156.25389322326464,1515.938275857518
2,516,22.308179290590637,-114.61489841513526,138.86810484197179,-1.4272781883060124,156.2654155508509,1523.2952800850921
2,517,22.244813060382338,-114.59199997607584,138.85283471926115,-1.4866647524598617,156.2769403633015,1530.6863842020284
2,518,22.181152076773284,-114.5690354195835,138.84128590222915,-1.545929202442015,156.28847440682603,1538.1113806303426
2,519,22.117195928981026,-114.54600234139747,138.83342524954676,-1.605076097572354,156.30000798107062,1545.5703890679417
2,520,22.05294507419244,-114.5229025778661,138.82924355633557,-1.6641071466204833,156.31154568929128,1553.063288530112
2,520.2,22.04006044849322,-114.518275138993,138.82881793199573,-1.6758998780750332,156.31385412467762,1554.5658154874168
2,520.4,22.027165046620826,-114.51364437666648,138.8285286427699,-1.6876878462634008,156.3161587725898,1556.0696150154217
2,520.6,22.01426277507212,-114.50901319700098,138.82835038594996,-1.6994679803540615,156.31846439385447,1557.5741710500856
2,520.8,22.001354891740505,-114.50438113096611,138.82819834615012,-1.7112424750282669,156.32076741985338,1559.0793529968093
2,521,21.988440275424633,-114.49974778566636,138.82811991772988,-1.7230106652955164,156.32306808761223,1560.5853010559329
2,521.2,21.97552168533771,-114.4951135544289,138.828143530312,-1.7347692143100837,156.325363750031,1562.0917212267145
2,521.4,21.962598465462246,-114.49047969245015,138.828186164937,-1.7465212926957885,156.32765992628424,1563.5986179795761
2,521.6,21.949672254640557,-114.485846199386,138.82832293469272,-1.7582629126142544,156.3299541989221,1565.1058373718713
2,521.8,21.936742670286343,-114.48121260527934,138.82839385110606,-1.7700002718211996,156.3322454392145,1566.6134028543331
2,522,21.923809930510597,-114.47657812464993,138.82860538355263,-1.7817260565556403,156.3345305005787,1568.121363593627
2,522.2,21.910874799255136,-114.47194479683763,138.82874291062075,-1.7934467632573023,156.3368156293543,1569.629521002522
2,522.4,21.897938315474235,-114.46731183632923,138.82905009340868,-1.8051531090243602,156.33909647449718,1571.1378470882644
2,522.6,21.884999575475575,-114.4626791650966,138.82924513418413,-1.8168559240973978,156.34137409203913,1572.6463794407316
2,522.8,21.872058962067584,-114.45804725221278,138.8294883582117,-1.828549070632322,156.34364961850906,1574.1550945843778
2,523,21.859117431350704,-114.45341523509849,138.82977871354112,-1.8402320967844075,156.3459185653585,1575.6639249392522
2,523.2,21.84617402649172,-114.44878397510972,138.8301174861081,-1.8519055046132569,156.34818544087238,1577.1729381230607
2,523.4,21.83323098635246,-114.44415425507788,138.83041017890255,-1.8635706630481919,156.3504497967324,1578.6818540356103
2,523.6,21.820286071063247,-114.43952529043797,138.83075143148938,-1.875226252655975,156.35271209380448,1580.190952844571
2,523.8,21.807340236625294,-114.43489621879625,138.8311401216816,-1.8868718250628462,156.35496786083786,1581.7001669402023
2,524,21.79439476501822,-114.43026868418566,138.8314827840738,-1.8985092253740579,156.35722113726274,1583.2092838653325
2,524.2,21.78144853613724,-114.42564229399719,138.83182680601442,-1.9101378055419624,156.35947215612566,1584.7184437175542
2,524.4,21.768501386471215,-114.4210157944413,138.83221839192416,-1.9217564465280252,156.361716685101,1586.2277189212969
2,524.6,21.75555528300989,-114.41639169034084,138.8326393961236,-1.9333635387455417,156.36396083549505,1587.7368103247593
2,524.8,21.742607735216758,-114.41176786624851,138.8329863629751,-1.94496534432514,156.36620067214835,1589.2460314758798
2,525,21.729660248741197,-114.40714518279712,138.83337183661573,-1.9565564736306216,156.3684370998825,1590.755218463835
2,526,21.66492140877227,-114.3840449255545,138.83545184688177,-2.014370887873141,156.37955788676072,1598.3009352898546
2,527,21.60017738088899,-114.36096990539198,138.83767803280614,-2.0719574266319984,156.39059347226294,1605.846432742173
2,528,21.535429183584036,-114.33791827925599,138.84001054995136,-2.129320384130057,156.40153748075,1613.3916559033232
2,529,21.47067536020837,-114.31489125968423,138.84257417893502,-2.1864593651223947,156.412397851758,1620.936728764388
2,530,21.40591656270825,-114.29188864379117,138.84516125387978,-2.243384172951271,156.423174476103,1628.481539364059
2,531,21.341153776001534,-114.26890953477168,138.84801450531464,-2.300088938528064,156.43386436920468,1636.0260610296555
2,532,21.276385869580047,-114.24595458943365,138.8508912778292,-2.3565856516545374,156.444472918771,1643.5703276314512
2,533,21.211613701676363,-114.22302377345133,138.8540724173235,-2.4128669804253433,156.45500028033587,1651.1143023822344
2,534,21.146836109074556,-114.20011563651263,138.85732410785369,-2.468945047613769,156.46544452397688,1658.6581014236456
2,535,21.082054406283877,-114.1772317795507,138.86079520511348,-2.5248161649298955,156.4758107910593,1666.2015535378719
2,536,21.01726811786904,-114.1543716103186,138.86432625894062,-2.5804889858970945,156.48609910705898,1673.7446880501736
2,537,20.952476881010927,-114.13153462512031,138.8680025318712,-2.6359637485876446,156.49630963790048,1681.287570977081
2,538,20.887681449443022,-114.10872070687526,138.87185990828928,-2.691241375012187,156.50644234518518,1688.830128307675
2,539,20.822880926005023,-114.0859297388637,138.87586279153078,-2.7463263765075454,156.51649940491382,1696.3724419848925
2,540,20.758076065033617,-114.06316160472451,138.88004692990984,-2.801219598062141,156.52648075059687,1703.9144380314235
2,541,20.693266953388946,-114.04041742908495,138.88436502572708,-2.8559247551108453,156.5363913529195,1711.4560489808866
2,542,20.628453361246834,-114.01769585423258,138.888864328512,-2.910443313449369,156.54622825252636,1718.9973505434148
2,543,20.56363521733962,-113.99499676487628,138.89354493976663,-2.9647777971348526,156.5559924448346,1726.5383468937023
2,544,20.498813016004824,-113.97232080846815,138.89823582178633,-3.0189355898503187,156.5656866899369,1734.0789195757272
2,545,20.43398500666108,-113.94966672532928,138.9031588495318,-3.0729134810690013,156.57531033968598,1741.6193355599096
2,546,20.369154042805604,-113.9270360199898,138.90828576920833,-3.126712200313418,156.58486586354184,1749.159231380796
2,547,20.304317691418824,-113.90442771976845,138.91347388422304,-3.1803406439738926,156.59435440632262,1756.6988568653496
2,548,20.239477256547975,-113.88184133042189,138.91887863101252,-3.2337952345950502,156.60377385574589,1764.238120842893
2,549,20.174632946433668,-113.85927711745666,138.92441417497676,-3.287080680304965,156.613125996063,1771.776966731366
2,550,20.10978385798512,-113.83673496652516,138.93004602796213,-3.340200903118818,156.622412762439,1779.3154778715823
2,551,20.04493034793074,-113.81421524174219,138.93593259177356,-3.39315267977924,156.63163600706412,1786.8536311161738
2,552,19.98007302158854,-113.79171772913645,138.9418640306825,-3.445944291966886,156.6407953874683,1794.3913196375763
2,553,19.915211252183443,-113.76924156042223,138.94801229046752,-3.498573083458065,156.64989001143397,1801.9286698780174
2,554,19.850345243616122,-113.74678700033878,138.95429147198703,-3.5510435310479638,156.65892157210214,1809.4656259121468
2,555,19.78547563394054,-113.72435479127208,138.9607733665835,-3.6033547459050683,156.66789271715788,1817.0021035173386
2,556,19.72060080790525,-113.7019439654659,138.96735239333194,-3.6555133418072217,156.67680341690993,1824.5382757201132
2,557,19.655722355959817,-113.67955441093545,138.97409630388114,-3.7075180243668844,156.68565240546593,1832.0739896781408
2,558,19.590839372817662,-113.65718601602535,138.9809714444466,-3.759372381781754,156.6944414816296,1839.6093294370826
2,559,19.525952499614576,-113.63483952365303,138.98804925744702,-3.8110754482462896,156.70317321210678,1847.144210679568
2,560,19.461061783172788,-113.61251396817886,138.9952918724576,-3.8626304167140164,156.7118455156259,1854.678648769279
2,561,19.39616658605606,-113.59020961179296,139.0025796268061,-3.9140430646754782,156.720460975891,1862.2126679474943
2,562,19.33126728102553,-113.56792682397558,139.01007004366815,-3.965310046226881,156.7290212599587,1869.7462440703832
2,563,19.26636391328601,-113.54566464064844,139.01772542108876,-4.016434444941178,156.73752428401963,1877.2793927150087
2,564,19.20145724485172,-113.52342295210077,139.0255787502546,-4.067416483164576,156.74596977101885,1884.8120397417092
2,565,19.136545799287195,-113.50120201989083,139.03347764817252,-4.11826333358048,156.75436122471206,1892.3442893563167
2,566,19.07163079117915,-113.47900221592815,139.04161215791478,-4.168970072125063,156.76269927213343,1899.876037523549
2,567,19.006711428763406,-113.45682257817457,139.04991191335117,-4.219541208186015,156.77098281577082,1907.4073794851658
2,568,18.941787788181653,-113.43466422022438,139.05832800069453,-4.269979446982924,156.77921605728227,1914.9382505009082
2,569,18.876861581945633,-113.41252617962533,139.06688761780225,-4.320284604237989,156.78739496813648,1922.4685074800968
2,570,18.811929964337114,-113.39040797854685,139.07558044518439,-4.3704606209975845,156.79552228919647,1929.9984543936305
2,571,18.746995372626873,-113.36830950946607,139.08450358719566,-4.420504547940783,156.8035957654614,1937.527857722789
2,572,18.68205620838863,-113.34623188458258,139.09354330521916,-4.47042202006008,156.81162143922575,1945.056812362577
2,573,18.617114184630893,-113.32417414343313,139.10272616614307,-4.5202127937517425,156.81959531530924,1952.585175082064
2,574,18.552167439997135,-113.30213702940982,139.11202572953795,-4.56988017999823,156.82752256781487,1960.1131005465347
2,575,18.487217430229958,-113.28011921678663,139.1215553647112,-4.619421698078262,156.83539842257744,1967.6405045770769
2,576,18.422263501769567,-113.258120965333,139.13119621312245,-4.668842533666915,156.84322522259686,1975.16741355694
2,577,18.35730546978969,-113.23614301880427,139.14098584585636,-4.718142952796253,156.8510061775686,1982.6938225690578
2,578,18.292344209457042,-113.21418441916819,139.15091833086686,-4.767324121042242,156.85873827871615,1990.2196681341118
2,579,18.227379537747847,-113.19224591042102,139.16103095332346,-4.816386291180649,156.86642470993468,1997.7449452176718
2,580,18.162410758727646,-113.17032568515555,139.17121762846875,-4.865334654792955,156.8740617330618,2005.269761395829
2,581,18.097438059763252,-113.14842582497069,139.18170925668161,-4.9141634677582084,156.88165599264812,2012.794068652213
2,582,18.032462090254175,-113.12654525062689,139.1922562653832,-4.962880781137065,156.88920438136154,2020.317776991279
2,583,17.967481681541937,-113.10468349285699,139.20291519067808,-5.01148717439879,156.89670757091676,2027.8410314179987
2,584,17.902498440906086,-113.08284044661228,139.21374790400824,-5.059981128708579,156.90416426217894,2035.3636772972259
2,585,17.837511347175813,-113.06101685658858,139.2247608437687,-5.1083642199366865,156.91157845006774,2042.885789927898
2,586,17.772521169207625,-113.03921261779303,139.23598461814504,-5.156636346495088,156.91894972023738,2050.407294798615
2,587,17.707527097740567,-113.01742677640449,139.24735136041232,-5.204801326292795,156.926276929594,2057.928289232994
2,588,17.64252930487771,-112.99565958879423,139.25877356545627,-5.252862522866483,156.93356134174917,2065.448721068231
2,589,17.577528206303707,-112.97391143892594,139.2704065304557,-5.300816520617384,156.94080430742804,2072.9685631504017
2,590,17.51252288653892,-112.95218222294646,139.2822200741563,-5.348665922939857,156.94800718624617,2080.4879020421777
2,591,17.44751530662311,-112.93047134776883,139.29414940555208,-5.396412432298594,156.95516691483783,2088.0065355235897
2,592,17.38250346030503,-112.9087783507725,139.30622226471175,-5.4440578458689535,156.96228499156177,2095.524689132901
2,593,17.317488256972425,-112.88710433558265,139.31841800329184,-5.491602947843449,156.96936423463353,2103.042219292848
2,594,17.252470326214958,-112.86544799258444,139.33081709172671,-5.539046566862887,156.97640098273143,2110.559120412844
2,595,17.18744780422202,-112.84381006758935,139.34339735133202,-5.586391421810403,156.98339991798093,2118.07554904832
2,596,17.12242254733691,-112.82219081509851,139.35613003874943,-5.633638044590844,156.99036046447645,2125.5912919248094
2,597,17.057394581769923,-112.8005892843962,139.36897781838664,-5.6807886459977555,156.99728060080417,2133.1063664531393
2,598,16.992361902433686,-112.77900501717747,139.3819702277137,-5.727844879706412,157.00416175998498,2140.6209984741636
2,599,16.927327109687052,-112.75743911504692,139.39514403529373,-5.774804843914205,157.01100495631624,2148.1348824943716
2,600,16.862288437674753,-112.73589147556348,139.40844072629326,-5.821672227860232,157.01781232058886,2155.648186818842
2,601,16.797246520435817,-112.71436079524553,139.4219407304842,-5.868445805667019,157.0245802457291,2163.1609054255023
2,602,16.73220165609167,-112.69284852873892,139.4355043832939,-5.915129621343776,157.03131302424072,2170.672918579453
2,603,16.6671533972642,-112.67135301935994,139.4492713589212,-5.961721686954491,157.03800718750426,2178.184358647413
2,604,16.602101573212586,-112.64987501387158,139.46327873159944,-6.008221949290534,157.0446655417462,2185.6952204983672
2,605,16.53704657641006,-112.62841511793636,139.47734967835342,-6.05463545979863,157.05128991804202,2193.2053961298498
2,606,16.471989042416432,-112.6069720310424,139.49156413870492,-6.100960961030468,157.0578767506845,2200.714879275177
2,607,16.406927817187306,-112.58554530119027,139.50598226268963,-6.14719867389309,157.06442655810133,2208.223814673713
2,608,16.341863095665413,-112.56413722415924,139.52050078405998,-6.193351459226451,157.07094588345808,2215.732071926416
2,609,16.276796460459135,-112.5427456559208,139.53519078682177,-6.239417855215943,157.07742798046922,2223.239574527648
2,610,16.211725910909614,-112.52137014653398,139.5500847448539,-6.285399298995412,157.0838741842167,2230.7465486026126
2,611,16.146651733545706,-112.50001214373924,139.56504236149974,-6.3312996407837785,157.09028862719288,2238.252875609877
2,612,16.081575323729968,-112.47867119721779,139.58020797313563,-6.377115324700273,157.0966692978368,2245.7584557537243
2,613,16.01649575825774,-112.45734720790017,139.59555364881084,-6.422848494498695,157.10301736961912,2253.2633770001094
2,614,15.951413055665832,-112.43603923210316,139.611042718146,-6.468501070485601,157.10933087159515,2260.7676574234024
2,615,15.886327271812965,-112.41474836482917,139.62662306775619,-6.51407485961105,157.11561317080293,2268.2712355174467
2,616,15.82123904950977,-112.39347331390006,139.64237423772178,-6.559568569100487,157.12186078724142,2275.774104258495
2,617,15.756147280130467,-112.37221567052765,139.6583422116451,-6.60498222265977,157.12807946855105,2283.276328600546
2,618,15.69105216347719,-112.35097280357428,139.67441726893372,-6.650319718809271,157.13426266494594,2290.777950100561
2,619,15.625955274387822,-112.32974749546155,139.69067430749814,-6.695578398548232,157.1404166608295,2298.2787203748667
2,620,15.560854795815862,-112.3085376128203,139.70707506758626,-6.7407615542444965,157.1465381262973,2305.7788893508764
2,621,15.495750780931159,-112.2873442487003,139.72356728219054,-6.785870912667204,157.15263034504198,2313.2783958977675
2,622,15.430644639631584,-112.2661669594982,139.7402935741134,-6.830902982300166,157.15869134531124,2320.7771388234496
2,623,15.365535663217024,-112.2450059936079,139.75713790292014,-6.875861672492944,157.16472292081653,2328.2751506585964
2,624,15.300423647567268,-112.22386006528302,139.77415302473122,-6.920746836322147,157.17072244775204,2335.772505840795
2,625,15.235309282884964,-112.20272992207877,139.79140185260215,-6.965557097337492,157.17669169899784,2343.2691170344015
2,626,15.170191217786751,-112.18161615561645,139.80865312213638,-7.010299360592902,157.18263390336665,2350.765043572687
2,627,15.10507159359428,-112.16051713788885,139.82612768737414,-7.054968080819402,157.1885434220926,2358.2601691775217
2,628,15.039947814333248,-112.1394348026105,139.84373066575174,-7.099567388816992,157.19442801562366,2365.754667623892
2,629,14.974822327044023,-112.11836702476025,139.86155672443937,-7.144094659268485,157.20028052608495,2373.2483783442294
2,630,14.909693474211855,-112.09731489448669,139.87950092375465,-7.188553818768005,157.20610568762925,2380.741405052306
2,631,14.844562033945516,-112.07627831574301,139.89758909597063,-7.232944447724642,157.211903004502,2388.23367225035
2,632,14.779428870060707,-112.05525635030618,139.9158103639921,-7.2772671052554445,157.21766980038046,2395.725116299354
2,633,14.714291818822785,-112.03425024663062,139.93427585004363,-7.321520927974227,157.22341160016413,2403.2159400863093
2,634,14.64915224523937,-112.01325890685122,139.95275930486807,-7.365711167183185,157.2291248710958,2410.705981414685
2,635,14.584010428854276,-111.99228239685701,139.97150160188136,-7.409832691817379,157.23480997765205,2418.1952631054965
2,636,14.518865852140353,-111.97132130226457,139.99029798096606,-7.453891024525548,157.24046927396603,2425.683764047631
2,637,14.453718883262024,-111.95037484863919,140.00935302252321,-7.497882013155335,157.2461009428182,2433.1715187640407
2,638,14.388569735384745,-111.92944243990709,140.02854063215946,-7.5418091422305675,157.25170376225356,2440.658490974628
2,639,14.323417311754904,-111.90852566521822,140.04790829659348,-7.585672260300269,157.25728304535346,2448.1447458907032
2,640,14.258262759014476,-111.88762308536667,140.0673186062947,-7.629474661075176,157.2628346581207,2455.6301771292538
2,641,14.193104576528158,-111.86673561297438,140.08699908184633,-7.6732124941319775,157.26836256871422,2463.1149596904484
2,642,14.127944968377498,-111.8458621473777,140.10674669458717,-7.716889797463482,157.27386257567753,2470.598849645398
2,643,14.06278271869867,-111.82500309853232,140.12666288348754,-7.760505499472043,157.2793371563472,2478.0819792264133
2,644,13.997618609947246,-111.80415837322947,140.1467718788432,-7.804059159399355,157.28478581739535,2485.5642724090976
2,645,13.932450850699983,-111.78332787846915,140.16702527361736,-7.8475535206703135,157.29021027865338,2493.0459017704247
2,646,13.867281081619376,-111.76251152145869,140.18747145083455,-7.890987068797449,157.2956093050642,2500.526708403696
2,647,13.802109423719099,-111.74170954482912,140.208020029556,-7.934362223978438,157.30098378025787,2508.0066446770284
2,648,13.736934745301111,-111.72092152018288,140.22873725184053,-7.977678817368245,157.30633402801936,2515.485854952379
2,649,13.671757829868085,-111.70014735534349,140.24964698347728,-8.020936392406222,157.3116595515819,2522.964263090989
2,650,13.606578795689334,-111.67938729235973,140.27065884170216,-8.06413733319125,157.31696122076278,2530.441821692701
2,651,13.541397372600306,-111.65864090464086,140.29186304238345,-8.107280417714103,157.32223862698152,2537.918591950035
2,652,13.4762137530297,-111.63790759382294,140.3131333435541,-8.150368913955854,157.32749056804266,2545.3945390582217
2,653,13.411027516097693,-111.61718861466406,140.33463185242005,-8.193399776853042,157.33272076508467,2552.8696992515765
2,654,13.345838852834849,-111.59648336829747,140.3562323041223,-8.236376254370832,157.3379280013238,2560.3440378556857
2,655,13.280648357127404,-111.57579143051248,140.3780481880959,-8.279296100568882,157.34311115046307,2567.8175325838674
2,656,13.21545509354018,-111.55511271052357,140.40005647138415,-8.3221608835016,157.3482711475392,2575.2902735599455
2,657,13.150260222204256,-111.53444778026767,140.42209894154314,-8.36497366801832,157.35340874734266,2582.7620767647954
2,658,13.085062243079346,-111.51379555437433,140.44442449208816,-8.407730692724675,157.3585229965945,2590.2331939852606
2,659,13.019863362761642,-111.49315693525797,140.46680660190526,-8.450435774183534,157.363614564131,2597.7033041163054
2,660,12.954661409362958,-111.47253117037087,140.48938124132903,-8.493087911138334,157.36868382601335,2605.1726884266154
2,661,12.889457280982818,-111.45191933866005,140.51211598855352,-8.535687495349913,157.37373291641188,2612.6412042034867
2,662,12.824251044937004,-111.43131967107281,140.53493946237583,-8.578236801352135,157.3787580093517,2620.1088837716584
2,663,12.759043160590306,-111.41073342610245,140.55803580639883,-8.620731849191218,157.3837620129102,2627.5756787529576
2,664,12.69383301506457,-111.39015916518059,140.58122077380773,-8.663177625616264,157.38874243736882,2635.0416515463244
2,665,12.62862038870192,-111.36959847570253,140.60456560475845,-8.705572868007204,157.39370347606132,2642.506783867341
2,666,12.5634061384242,-111.34905042873746,140.62805654153695,-8.747917969227448,157.39864263155903,2649.9710118320327
2,667,12.498189323977963,-111.32851493440853,140.65167174180132,-8.79021438087886,157.40356079047137,2657.4344261841056
2,668,12.432970553993124,-111.30799157601442,140.67552388416138,-8.83245989550105,157.40845684835676,2664.897003423519
2,669,12.367750038399976,-111.28748175672673,140.69946638186835,-8.874657572563722,157.41333418432316,2672.3586314919316
2,670,12.302527415959503,-111.26698389510274,140.72364563051983,-8.916805314340369,157.4181897964528,2679.819436388585
2,671,12.237303029664693,-111.2464977167531,140.74784409973864,-8.958907870184476,157.42302312594484,2687.2793319993443
2,672,12.172076315908742,-111.22602415689386,140.77231476468407,-9.00096056584156,157.42783707430908,2694.738405634612
2,673,12.106848412045688,-111.20556377779114,140.7968963462189,-9.04296633657479,157.43263233863036,2702.196474590946
2,674,12.041618336637747,-111.18511448902882,140.82158803771063,-9.084926574789023,157.43740527761634,2709.6537085538075
2,675,11.976385707669788,-111.16467755356202,140.84655187372212,-9.126838332394028,157.44215936593127,2717.110141501357
2,676,11.911151723514552,-111.14425269425944,140.87159084902518,-9.168705360138617,157.4468933587176,2724.5656039955015
2,677,11.845915270102193,-111.123839498292,140.89677546643466,-9.210527329893758,157.4516075087272,2732.0202398943557
2,678,11.78067713593129,-111.10343787772253,140.92212635513303,-9.25230375008275,157.45630132309532,2739.4739722442864
2,679,11.715437347344817,-111.0830489050143,140.94758729139065,-9.29403589606334,157.46097748936018,2746.926742629218
2,680,11.650195557142672,-111.06267100895056,140.97330564787705,-9.33572167989087,157.46563307140286,2754.3786760587886
2,681,11.584952825399322,-111.04230558462753,140.99915391325766,-9.377363136701673,157.47027067126373,2761.829577503118
2,682,11.51970730339672,-111.02195054740534,141.02511282984446,-9.41896249369812,157.47488737421565,2769.2797010208546
2,683,11.454460684080082,-111.00160780589522,141.05120134263953,-9.460518354349551,157.4794864259194,2776.728806885033
2,684,11.38921185987646,-110.9812769508245,141.07749083042424,-9.50203037381603,157.48406805345292,2784.177038679401
2,685,11.323960879486274,-110.96095622137565,141.10391120752598,-9.543500607138299,157.48862863175327,2791.624429796536
2,686,11.258709437349625,-110.94064752504627,141.1304802805614,-9.584927679842716,157.49317138394963,2799.0707402859043
2,687,11.193455560990634,-110.9203504541725,141.15725022888742,-9.626312129944369,157.49769718695734,2806.5161979977443
2,688,11.128199296573756,-110.90006324889268,141.1841512261536,-9.667655984259744,157.50220243906392,2813.960836487638
2,689,11.062942278917973,-110.87978865219306,141.21123525356967,-9.708957066977804,157.506692205616,2821.4044024325913
2,690,10.997683586523257,-110.85952374822972,141.23846951379812,-9.750217452859026,157.51116109711302,2828.8470789769785
2,691,10.93242317925251,-110.83927044267199,141.26583220781666,-9.791437540521182,157.51561358451715,2836.288794968818
2,692,10.867161038523264,-110.81902781215712,141.29328832763528,-9.832618514851088,157.52004795371386,2843.7295709423784
2,693,10.801896871462972,-110.79879628870428,141.320964588332,-9.873758314616305,157.52446563728972,2851.169452446456
2,694,10.736631625773507,-110.77857610402356,141.34878782906944,-9.914858082360125,157.5288667098298,2858.60831035214
2,695,10.67136518705259,-110.75836518235765,141.37677995522134,-9.955918172983889,157.533247059607,2866.0462300481963
2,696,10.606096588293898,-110.73816626366556,141.4049350095857,-9.99693903726821,157.53761357452186,2873.483211729408
2,697,10.540826642528671,-110.71797643727767,141.43325891111232,-10.037920958959187,157.54195967494343,2880.9192694832627
2,698,10.475554590184455,-110.69779792220297,141.46161904648784,-10.078866781090278,157.54629094992333,2888.3543657334003
2,699,10.410281791072302,-110.6776300004837,141.49023565671874,-10.119771943243265,157.55060513616604,2895.788440788016
2,700,10.34500735703644,-110.65747175162898,141.51905570004507,-10.16063845053624,157.55490118604052,2903.2215999057103
2,701,10.279731451826462,-110.63732455656918,141.54792976300698,-10.201469070711232,157.5591821887997,2910.653734436119
2,702,10.214453756841813,-110.61718686427733,141.57700725880918,-10.242261734072002,157.5634453395661,2918.0849674226833
2,703,10.149175157578895,-110.59705974036537,141.60624843825306,-10.283016768159857,157.56769252722086,2925.515156481123
2,704,10.083894706312801,-110.57694309966031,141.63563546812907,-10.323735350922702,157.5719245074938,2932.9443937288524
2,705,10.018613304312266,-110.55683518614131,141.66511663870233,-10.364418547876605,157.57613719110702,2940.3726286029046
2,706,9.953330711206913,-110.53673842159922,141.69479551167228,-10.405064364487737,157.5803361149815,2947.7998275275463
2,707,9.888046086312766,-110.5166510503579,141.7245855722893,-10.445675509004696,157.58451843443845,2955.2261099680313
2,708,9.822760027975443,-110.49657351105775,141.75463091791886,-10.486249139347695,157.5886849008656,2962.6514351894602
2,709,9.757473666512883,-110.4765055088454,141.78472932175546,-10.526788697923582,157.59283435342786,2970.0756374751513
2,710,9.692184846882585,-110.45644717061816,141.81506582679972,-10.567292218157435,157.59696883126708,2977.498981957821
2,711,9.626895514977615,-110.43639903564005,141.84548947218062,-10.607761545274755,157.60108833390473,2984.921204321108
2,712,9.561604495182706,-110.4163595620331,141.8761336296592,-10.648195438425596,157.6051907291187,2992.3425117666816
2,713,9.496311934432404,-110.39633012312235,141.9068479609862,-10.688596576555106,157.609279012971,2999.7627968356387
2,714,9.431019225745716,-110.37631001380483,141.93785015154722,-10.72896055912658,157.61335099576456,3007.181997024077
2,715,9.36572399784772,-110.35629893612894,141.9688715512883,-10.769293964686936,157.61740795854075,3014.6002884525606
2,716,9.30042860338805,-110.33629733113662,142.00008792689815,-10.80959240178468,157.6214494195907,3022.017459011557
2,717,9.235131220273406,-110.3163051154507,142.03146667017415,-10.84985776508844,157.62547670845254,3029.433686557978
2,718,9.169832644139541,-110.29632220582504,142.06302391856352,-10.890089570764639,157.6294893392194,3036.848892938943
2,719,9.1045337197349,-110.27634768440977,142.09474117866438,-10.930288091986464,157.63348509091009,3044.263013788465
2,720,9.03923270500427,-110.25638261108442,142.12652824942862,-10.97045598038594,157.637467567474,3051.6761633363353
2,721,8.973931137313816,-110.23642659425421,142.15850923446007,-11.010590433321525,157.64143514597686,3059.088227946604
2,722,8.908628987475943,-110.2164787165918,142.19064966985303,-11.05069249774695,157.6453862173512,3066.499228706323
2,723,8.843325210123611,-110.19654056472132,142.22300220161864,-11.090761757228192,157.64932495250537,3073.9092304077076
2,724,8.778019822496454,-110.17661038701463,142.25549866453278,-11.130799983542147,157.65324801158135,3081.3182682386428
2,725,8.712713700087988,-110.1566892420086,142.28809568031505,-11.170807480473842,157.65715717653995,3088.726200142198
2,726,8.647406638710896,-110.13677674046708,142.3208858102383,-11.210783011688774,157.66105202570952,3096.133083077694
2,727,8.582098731041851,-110.11687227151116,142.35374206064736,-11.250729114874874,157.66493149491043,3103.538888716742
2,728,8.51678968353043,-110.09697711563605,142.3868251674613,-11.290643086577836,157.66879858337006,3110.9436457868956
2,729,8.451479509903441,-110.07708952224522,142.42006707775127,-11.330526672766423,157.6726499885607,3118.3473896430505
2,730,8.386168165013308,-110.05721138280576,142.45344277342875,-11.370380201174543,157.67648975384236,3125.7500498665563
2,731,8.320856413006103,-110.03734064183993,142.48699172951748,-11.410203145835954,157.68031347738474,3133.1516256004643
2,732,8.255543377157565,-110.01747835602607,142.5206402689917,-11.449997304208644,157.6841240783183,3140.5521464224935
2,733,8.190229734859376,-109.99762413936226,142.55449565584027,-11.489760700473063,157.68792055566155,3147.9515830535115
2,734,8.124914534374161,-109.97777791054988,142.58854354287683,-11.529494347804727,157.69170359683437,3155.350028541142
2,735,8.059598691025327,-109.95793989129068,142.6227050461257,-11.569199270442406,157.69547325220572,3162.7473550760087
2,736,7.994282125680752,-109.9381099994938,142.656979945831,-11.608875730570976,157.69922962592693,3170.1435699844883
2,737,7.928964644501644,-109.91828785097056,142.69146117923967,-11.648522500537105,157.70297230057963,3177.5387295794467
2,738,7.863647201994325,-109.89847283275553,142.72603550222888,-11.688141316443552,157.70669966082846,3184.9327203865782
2,739,7.798327771600625,-109.87866622956085,142.76083596161195,-11.727730978455387,157.71041577450137,3192.3257420523632
2,740,7.733007306185931,-109.85886742793353,142.79574942148665,-11.767293210564565,157.71411901717374,3199.717681245071
2,741,7.667686602894757,-109.83907634633653,142.83078919342907,-11.806827544121917,157.71780891940625,3207.108459207981
2,742,7.602365472824545,-109.81929260281127,142.86604819490574,-11.846332760297654,157.72148506797873,3214.4981319119242
2,743,7.537043072388095,-109.79951641723503,142.90141981640178,-11.885811300863704,157.72514864736866,3221.8867440339577
2,744,7.471720199070975,-109.77974770839043,142.93691714355722,-11.925262697426346,157.7287991891543,3229.274216752968
2,745,7.406396666694165,-109.75998609563767,142.97263328355737,-11.964685731611132,157.73243628025818,3236.660605888359
2,746,7.3410716284510515,-109.74023179816164,143.0084620014131,-12.00408282098228,157.7360610952926,3244.0459564062444
2,747,7.275746721520447,-109.7204855688047,143.04446229261532,-12.043452100270981,157.73967424174464,3251.430088612696
2,748,7.2104209615165855,-109.70074536071012,143.08064759188426,-12.082794452194005,157.74327259533516,3258.8131734110398
2,749,7.1450944041731175,-109.68101335804401,143.11689796683007,-12.122111637758728,157.74686053884932,3266.1950923861873
2,750,7.079766836907727,-109.66128721603721,143.15333335437813,-12.161402367703893,157.75043388839447,3273.5759785743367
2,751,7.014439089132085,-109.64156882010771,143.18993937688694,-12.200666255281284,157.75399594517899,3280.9556754631326
2,752,6.949111018461745,-109.62185695893263,143.22677582309396,-12.239902784201732,157.75754467169725,3288.334252980968
2,753,6.8837818708224985,-109.6021521469455,143.26364347199166,-12.279115767966186,157.76108172833995,3295.711708637682
2,754,6.818452209363395,-109.58245454345958,143.30077462079376,-12.318301174972945,157.76460725628556,3303.088044791115
2,755,6.753122190051624,-109.56276382813397,143.3379486773191,-12.357462805376796,157.76812073849328,3310.4631873402764
2,756,6.6877915717258345,-109.543078494583,143.37531939585134,-12.396598689193771,157.77161965716368,3317.8372542010616
2,757,6.6224602712138525,-109.5234012601837,143.41289279083256,-12.435708448792196,157.775109423068,3325.210160610403
2,758,6.557128313106296,-109.50372954433077,143.45056912042014,-12.47479434916656,157.7785853121004,3332.581957998282
2,759,6.491795550845145,-109.48406493440794,143.48841471674666,-12.513855253692414,157.7820506149975,3339.952624234194
2,760,6.4264629117142045,-109.46440681176914,143.52631388910393,-12.552892816199954,157.78550377236434,3347.3220470772867
2,761,6.361130129690207,-109.444754507338,143.56445370179043,-12.591904408134072,157.78894388048639,3354.690329111881
2,762,6.295796341652334,-109.42510823654304,143.60272926006746,-12.630892340314688,157.79237207171343,3362.05751665544
2,763,6.230462315894614,-109.40546875349712,143.6411845635427,-12.669855494224267,157.79578947422374,3369.4235154621056
2,764,6.165127095900197,-109.3858359788645,143.6798086041566,-12.708794749072636,157.79919670822926,3376.7884195454653
2,765,6.099792424643719,-109.36620816639926,143.71855679732002,-12.74771033795938,157.80258962026494,3384.152092375594
2,766,6.034457281915587,-109.34658690396397,143.7574841541741,-12.786601799396594,157.80597199469366,3391.5145982512936
2,767,5.969120710841521,-109.32697211248308,143.7965801189514,-12.825469998764563,157.80934444595778,3398.8760312933805
2,768,5.9037854181471605,-109.30736233799598,143.8357161184717,-12.864315923668425,157.81270279903742,3406.236120889777
2,769,5.8384484242130945,-109.28775941774074,143.8751473507313,-12.903136936728206,157.81605246744448,3413.595184498578
2,770,5.773111670513512,-109.26816135612408,143.91460787715485,-12.941936737573473,157.81938874681737,3420.953006229042
2,771,5.707774933853786,-109.24856944937517,143.95425700242072,-12.980712812705304,157.82271435826829,3428.309610522853
2,772,5.642437257090833,-109.22898361883414,143.9940845847223,-13.019466012229428,157.82602991031126,3435.6650915942296
2,773,5.577099470953899,-109.20940295243715,144.03406766400767,-13.058196555559668,157.82933339598299,3443.019384761046
2,774,5.511761497100331,-109.18982737167916,144.0742060903674,-13.096904645298945,157.83262490077516,3450.37249730455
2,775,5.446423308885904,-109.17025792138726,144.1144384124633,-13.13559121845012,157.8359065380364,3457.724374648482
2,776,5.381084669540323,-109.15069394336385,144.15495250478108,-13.174253701947903,157.83917741411756,3465.0751175966925
2,777,5.315745686196305,-109.13113510505826,144.19552753399125,-13.212895715866361,157.84243703121126,3472.4246550839575
2,778,5.250407158103552,-109.11158132731092,144.23617258745247,-13.251516822848316,157.84568494508756,3479.7729074183576
2,779,5.185067946611919,-109.0920327875482,144.27709906220343,-13.290114438878257,157.848922333431,3487.120047070433
2,780,5.119729006966339,-109.07248998504149,144.31812766630574,-13.328690896027158,157.8521497079248,3494.4659009628485
2,781,5.054389330332102,-109.05295171947313,144.3593108496545,-13.367246274289569,157.85536565617463,3501.8106253609417
2,782,4.98904969400997,-109.03341874645524,144.4006899471041,-13.405779505084356,157.85857126199062,3509.1541250612386
2,783,4.92371009262312,-109.01389127539866,144.4421705234144,-13.44429215260841,157.86176707564925,3516.4963609732818
2,784,4.858370399778831,-108.99436810711319,144.48381409954467,-13.482783675878443,157.86495117329332,3523.8374020159868
2,785,4.793030513254236,-108.97484999744775,144.52565299849772,-13.521253627618313,157.86812515092527,3531.1772401483568
2,786,4.7276913296058884,-108.95533632149173,144.56756870598906,-13.559703586641891,157.87128752651824,3538.515764425775
2,787,4.662350914315979,-108.93582754832408,144.60967117958424,-13.59813295528424,157.87444044505867,3545.853187774035
2,788,4.597011019567338,-108.91632388613155,144.65188244110718,-13.636542065463583,157.87758341932476,3553.189296615105
2,789,4.531670618123307,-108.89682497118993,144.69428848788888,-13.67493034854011,157.8807165601081,3560.5242317074108
2,790,4.466330536492765,-108.8773298924882,144.7368648722265,-13.713298018311916,157.88383792418313,3567.8579282327546
2,791,4.400990738922446,-108.8578396910914,144.77954927237238,-13.751645981185879,157.88694955962455,3575.1903321561117
2,792,4.335651082325529,-108.83835400440016,144.82243575749268,-13.789973069873252,157.89005106543732,3582.5214966105777
2,793,4.270310670355889,-108.8188730393668,144.86542228148878,-13.828281405293161,157.89314348858875,3589.851470657458
2,794,4.204971145911201,-108.79939560040621,144.90858589406406,-13.866569258585926,157.89622392136403,3597.180147709847
2,795,4.139630647012697,-108.77992244415492,144.9519438803345,-13.904837366504951,157.89929494344233,3604.5076946916756
2,796,4.074290919609819,-108.76045377681676,144.9954162469441,-13.94308606992321,157.9023560757389,3611.833898040813
2,797,4.008951002098784,-108.74098952053156,145.03899554621896,-13.981316129298335,157.905407890863,3619.1588527607964
2,798,3.9436116389902054,-108.7215293149154,145.0827830629861,-14.019525799731058,157.90844948591575,3626.4825239697902
2,799,3.8782727725888004,-108.70207224929675,145.12674647980558,-14.057715877522583,157.91147945468424,3633.8049344487
2,800,3.8129326533101904,-108.6826196446453,145.17071521613002,-14.095889734901235,157.91450127565474,3641.126160693972
2,801,3.7475936620166417,-108.66317141132225,145.21502475226765,-14.134041206404092,157.91751358996999,3648.446067106035
2,802,3.682255041314621,-108.64372664987874,145.2593205995029,-14.172176254057455,157.92051541039768,3655.7646441546203
2,803,3.6169165312280036,-108.62428527259229,145.30391815929116,-14.21029045724823,157.92350689111117,3663.08201914102
2,804,3.5515773310349497,-108.60484804606577,145.34852737334836,-14.248388524319202,157.92648997761216,3670.3981517189704
2,805,3.4862390208674925,-108.58541433107862,145.3933497560853,-14.28646683794663,157.92946281785635,3677.712963771531
2,806,3.420901523964209,-108.56598405117556,145.43838490047213,-14.324525573536949,157.9324254803281,3685.026462431393
2,807,3.3555630966200494,-108.54655768962196,145.48343144195434,-14.36256865712318,157.93537993657617,3692.3387409149477
2,808,3.2902252768623814,-108.52713432963972,145.52878509009258,-14.400591180219214,157.93832388677527,3699.6497654740124
2,809,3.2248881322253884,-108.50771473351715,145.57416156637484,-14.438597248533267,157.94125876756914,3706.9594087188157
2,810,3.159551487792884,-108.48829826531693,145.6197499007238,-14.476584403436677,157.94418373044687,3714.267767621981
2,811,3.094214414168704,-108.46888596167683,145.6654813956395,-14.514554072681545,157.94710123008724,3721.574876845875
2,812,3.0288785833516543,-108.44947579876491,145.71139815895353,-14.55250520203483,157.95000700296578,3728.8806440226053
2,813,2.963542180919571,-108.43006881266648,145.75742628076765,-14.59043976292034,157.95290399347073,3736.185192036171
2,814,2.8982068927937377,-108.41066492638774,145.80357605639472,-14.628356809344751,157.95579128494023,3743.488352081426
2,815,2.8328717427221335,-108.39126489736692,145.84987359283863,-14.666256454623202,157.9586708621589,3750.7902036369273
2,816,2.7675366249496007,-108.37186753726625,145.89638202672452,-14.704138154197949,157.96154089650986,3758.0908143856727
2,817,2.7022023983094714,-108.35247221246937,145.94297981495598,-14.742003408272748,157.9643999865698,3765.390075015774
2,818,2.6368680349986717,-108.33308023852868,145.98981976357194,-14.779850438972742,157.96725108991154,3772.6880933488055
2,819,2.5715344175422477,-108.31369209213605,146.03671666510868,-14.817681444395355,157.9700946739756,3779.984699868606
2,820,2.5062014153429466,-108.29430547471341,146.0837970968904,-14.855495177894724,157.97292705292682,3787.28002246397
2,821,2.4408689746111274,-108.27492142058972,146.13099741838872,-14.893292492253766,157.97575016308417,3794.574008172686
2,822,2.3755369694654833,-108.25554041245667,146.1784436138179,-14.931071670659977,157.97856503505648,3801.8666922691145
2,823,2.310205402966105,-108.23616209003099,146.2259144057082,-14.968836017284088,157.9813712007467,3809.1580100291376
2,824,2.2448741160306467,-108.21678666113822,146.27363069219237,-15.006582534490438,157.98416923944194,3816.4480406833245
2,825,2.1795430858037865,-108.1974126549926,146.32143499541934,-15.044313817851252,157.98695683120513,3823.736779838262
2,826,2.1142130946683366,-108.17804166470356,146.36939339887445,-15.082028323490585,157.98973637791983,3831.024114115994
2,827,2.0488840438810807,-108.15867250511675,146.41756927036775,-15.119725511001764,157.99250608638772,3838.3101107284606
2,828,1.9835549929124103,-108.13930620920388,146.46589501635637,-15.157406748983831,157.99526833782534,3845.5948053472025
2,829,1.9182267838380032,-108.11994213888313,146.51424788361228,-15.195073507559561,157.99802174970444,3852.878089424803
2,830,1.8528992799051895,-108.10057967092361,146.56281759165788,-15.23272339311854,158.00076549828646,3860.160057623622
2,831,1.787571512381198,-108.08121956499144,146.61163188092132,-15.270356497781476,158.00350151170755,3867.4407893431485
2,832,1.7222452312024015,-108.06186145530944,146.66047583743463,-15.307975038025894,158.0062283831437,3874.7200440119727
2,833,1.65691944618104,-108.04250499257971,146.709441100806,-15.345578406583417,158.00894620356587,3881.997961076151
2,834,1.5915949303480323,-108.0231506640462,146.75865634223632,-15.383164404129523,158.01165551009376,3889.274486260006
2,835,1.5262698632700344,-108.00379866598321,146.8080207163021,-15.42073545861937,158.01435773283242,3896.5497605964447
2,836,1.4609468454172607,-107.98444835805938,146.85741615483352,-15.458292007877503,158.01705056712035,3903.823498638967
2,837,1.3956231026801382,-107.96509912133448,146.9070248416448,-15.49583320259883,158.01973460350757,3911.096060212287
2,838,1.330301202840449,-107.94575171605972,146.95688498509767,-15.533357102884372,158.02240987517325,3918.367170010775
2,839,1.2649793460926555,-107.92640577212313,147.00677051104884,-15.570867928102361,158.02507686197396,3925.6369428495123
2,840,1.1996591939980439,-107.90706177815463,147.05681157772895,-15.60836299531382,158.0277356265142,3932.9052352910917
2,841,1.1343389060423101,-107.88771882241845,147.10697291012946,-15.645844007852151,158.03038577845507,3940.17224860786
2,842,1.0690201492554432,-107.86837739516879,147.15738428639995,-15.683308299267035,158.03302738166212,3947.43783895172
2,843,1.0037019937249763,-107.84903795970659,147.20785311591533,-15.720758995723871,158.03566181558858,3954.7020165122717
2,844,0.9383843348465256,-107.82969906552286,147.2585389633095,-15.75819430705825,158.03828690061698,3961.9648908841873
2,845,0.8730671046490884,-107.81036174205155,147.3093772313539,-15.795615051187694,158.04090448643046,3969.2264099281997
2,846,0.807751991970801,-107.79102591343684,147.3603706616899,-15.833020383710783,158.0435137006799,3976.4864031399466
2,847,0.7424371651868735,-107.77169093566472,147.41139019843285,-15.87041321175625,158.0461145856674,3983.745029564866
2,848,0.6771225187959726,-107.75235703264305,147.46265685019736,-15.907790639648226,158.04870769230274,3991.002365189513
2,849,0.6118097564043878,-107.73302356053213,147.51404712215344,-15.945153618308094,158.05129122807898,3998.2582134070317
2,850,0.5464970284428127,-107.71369127973166,147.56558901450597,-15.982502696955908,158.0538675159845,4005.5127427497605
2,851,0.48118602379085335,-107.69436011446268,147.6172843160443,-16.019837042425596,158.05643568971277,4012.7657825129045
2,852,0.41587578010074433,-107.67502998896003,147.6691317635132,-16.057157270724336,158.05899625508505,4020.017428935934
2,853,0.3505662204026831,-107.65569999083115,147.72110086972734,-16.094464060754213,158.0615479150888,4027.2677060622104
2,854,0.285258146243661,-107.63637171753795,147.7732527018767,-16.131755969325,158.0640929547526,4034.516498569833
2,855,0.21995059500365632,-107.61704315426918,147.82562113395335,-16.16903347943258,158.0666287653537,4041.7639784974076
2,856,0.15464437759623037,-107.59771559367105,147.8780461107986,-16.206298138882687,158.06915713410638,4049.0099628788917
2,857,0.0893394116197105,-107.57838785706551,147.93059237951226,-16.243549401255287,158.07167634896211,4056.2545180080942
2,858,0.02403473358115134,-107.55906154258017,147.9833200190384,-16.280786777119285,158.07418958312678,4063.497706618812
2,859,-0.041267083440664536,-107.53973490051871,148.0361685095532,-16.318010074999474,158.07669286203895,4070.739302146173
2,860,-0.1065696533878734,-107.52040869214372,148.08916787378303,-16.355220751169007,158.0791893705955,4077.9796517540294
2,861,-0.17187040293773231,-107.50108367905568,148.14234776681943,-16.39241699151615,158.08167913353964,4085.2184781570313
2,862,-0.2371702957374517,-107.48175811107544,148.19564792015498,-16.42960046832448,158.08415999007752,4092.455911678655
2,863,-0.3024694054762493,-107.46243248627962,148.2491937019434,-16.46676956051642,158.08663289744095,4099.691984368998
2,864,-0.3677669350604129,-107.44310725616654,148.30279361059144,-16.50392634468079,158.08909829360687,4106.926530747607
2,865,-0.4330638433253464,-107.42378208132848,148.35654338875506,-16.541070198366942,158.09155625241874,4114.159689122586
2,866,-0.4983593252663146,-107.4044568860888,148.4104421522394,-16.578200787002373,158.0940063743974,4121.391377425941
2,867,-0.5636534595598994,-107.38513159477063,148.46448958209808,-16.615318235551925,158.09644870664852,4128.621602889988
2,868,-0.6289463248844714,-107.36580613169595,148.51868539673092,-16.652422667893816,158.0988832959198,4135.850372753861
2,869,-0.6942379999192227,-107.3464804211846,148.57302935188636,-16.68951420682953,158.10131018860466,4143.0776942634675
2,870,-0.7595285745250504,-107.3271546490266,148.6274257870596,-16.726594167195483,158.10372984531318,4150.303533377688
2,871,-0.8248181021941982,-107.30782905449644,148.68209517876338,-16.76365975328845,158.1061427891317,4157.52796285133
2,872,-0.8901057955798297,-107.28850214737398,148.7368808687739,-16.800712891321687,158.10854642400705,4164.750893381469
2,873,-0.955392609056396,-107.26917552843616,148.7918435498979,-16.837753093368086,158.1109438489616,4171.972387372284
2,874,-1.0206786297500712,-107.24984744531511,148.8469237678079,-16.874781530749075,158.11333250043754,4179.192486464971
2,875,-1.085962176402538,-107.23051975923016,148.90208154797648,-16.911797569865374,158.11571456230035,4186.410943409624
2,876,-1.151245068015359,-107.21119103565962,148.95748154219146,-16.94880037096242,158.118088830832,4193.628043799518
2,877,-1.216526532821237,-107.19186171874135,149.01293068429177,-16.98579197764149,158.12045573559794,4200.843623368468
2,878,-1.2818074922053897,-107.17253205230706,149.0686514922306,-17.02277005955896,158.12281622987496,4208.05784353292
2,879,-1.347086306359416,-107.15320080170683,149.12438929667604,-17.05973726272992,158.12516771791525,4215.270485147373
2,880,-1.412363003425545,-107.13386905084369,149.18039362649154,-17.096690309068922,158.1275120120182,4222.481602402024
2,881,-1.477639468548274,-107.11453724188944,149.2364780019643,-17.133632540054638,158.12985083875014,4229.691300311527
2,882,-1.5429140071916567,-107.09520336183772,149.29267393469345,-17.170563063003684,158.13218038773675,4236.8994822577215
2,883,-1.608187567682814,-107.07586901336451,149.3490426302422,-17.20748138967198,158.13450371028796,4244.106210443991
2,884,-1.6734593523063273,-107.05653328147127,149.4055517240055,-17.244387722570476,158.1368191306933,4251.311419752401
2,885,-1.7387294142673293,-107.0371958330365,149.46229645338096,-17.281281009364694,158.13912628837397,4258.515157842935
2,886,-1.8039978745586014,-107.01785794678923,149.51911464977172,-17.318163189437314,158.14142731831998,4265.717333545393
2,887,-1.8692656970816435,-106.9985195463616,149.5760092002591,-17.355034797873344,158.14372268754948,4272.918044026072
2,888,-1.9345311569747463,-106.97917836256993,149.6331061596237,-17.391893793380984,158.14600821637896,4280.117232560286
2,889,-1.9997961085449247,-106.95983625629452,149.69037481570618,-17.428741276061594,158.14828776292416,4287.315010688647
2,890,-2.065058863828708,-106.94049315194707,149.74780805949123,-17.46557651777267,158.15056050766327,4294.511205893089
2,891,-2.1303195419068874,-106.92114838927897,149.8052806530278,-17.502401302241328,158.1528256244469,4301.705802783596
2,892,-2.1955790426689727,-106.90180138077825,149.86298722042145,-17.539213840364855,158.15508277922243,4308.898978744372
2,893,-2.2608374652559893,-106.88245314687275,149.9208611498913,-17.576014894019778,158.15733368246674,4316.090683284704
2,894,-2.3260940392271823,-106.86310386670615,149.97880266664643,-17.61280531392872,158.1595783468115,4323.280793726132
2,895,-2.391348820982485,-106.8437523684889,150.036878031075,-17.649584560979267,158.16181514790014,4330.469374925363
2,896,-2.4566018532166707,-106.82439832189517,150.0951826143246,-17.68635159437948,158.16404372979503,4337.656473925834
2,897,-2.521854146472388,-106.80504384159426,150.15358710223623,-17.723108229379953,158.166267873915,4344.842072927403
2,898,-2.5871040121085964,-106.7856860743456,150.21209149712791,-17.759854112767837,158.16848259867277,4352.026092023261
2,899,-2.6523523771164363,-106.76632746731116,150.27078648619448,-17.796588257664666,158.17069213743753,4359.208575324546
2,900,-2.717598460498201,-106.74696626235388,150.3296094496222,-17.833311370211195,158.172893596903,4366.389475386939
2,901,-2.7828440936681824,-106.72760322473879,150.38859843069037,-17.87002386702362,158.17508911253424,4373.568961870148
2,902,-2.848086720314498,-106.70823743700635,150.4477100116033,-17.906725144091553,158.17727621100494,4380.746789428688
2,903,-2.9133281712339976,-106.68886966460799,150.50698235618415,-17.943415616711672,158.17945702296527,4387.923127714495
2,904,-2.9785685244954063,-106.6694998316195,150.5664154006038,-17.980095390131808,158.18163158450398,4395.097983950085
2,905,-3.0438061074051603,-106.65012702011204,150.62596988603474,-18.01676426896642,158.18379785244804,4402.27120282624
2,906,-3.109041899724246,-106.63075308945615,150.6856121471226,-18.053422905718367,158.1859591657992,4409.442806724911
2,907,-3.1742767979690365,-106.61137577621528,150.74548158555945,-18.0900705183966,158.1881127047452,4416.613007363459
2,908,-3.2395092099601186,-106.591995506746,150.80537573155203,-18.12670868834346,158.19025846573982,4423.78155309937
2,909,-3.3047399730134877,-106.57261338730457,150.86554820651563,-18.163334666575683,158.19239859280833,4430.94858382563
2,910,-3.3699692759770796,-106.55322900125006,150.92577891540807,-18.19995131228351,158.1945326690685,4438.114046451475
2,911,-3.435196231852824,-106.53384092849609,150.98622469119263,-18.236556569677106,158.19665829862765,4445.277953936729
2,912,-3.5004210050418414,-106.51445043597178,151.04672217893042,-18.273152310771557,158.19877753944206,4452.440217512613
2,913,-3.5656444530741482,-106.4950569473579,151.10746857601404,-18.309736774125007,158.2008900587881,4459.601012562454
2,914,-3.63086587703336,-106.47566088593106,151.1682661223989,-18.346311926044624,158.20299626177723,4466.760178183539
2,915,-3.696085303618534,-106.45626192547385,151.2292101780772,-18.382876744668867,158.20509579401676,4473.917760449627
2,916,-3.761302755655818,-106.43685974080825,151.2903961509662,-18.41943021322969,158.2071883028848,4481.073805213702
2,917,-3.8265184217160773,-106.41745475347098,151.3516323687136,-18.45597467539882,158.20927460388998,4488.228242259679
2,918,-3.8917323255798038,-106.39804663793129,151.41301431126612,-18.492509111247056,158.2113543433927,4495.381117510872
2,919,-3.9569436645200797,-106.37863531771379,151.4745348909823,-18.529033243446193,158.21342714794775,4502.532347681057
2,920,-4.022153398170717,-106.35922071629912,151.5362006317498,-18.565547552486752,158.21549346376014,4509.682030423459
2,921,-4.0873616048948715,-106.33980275712305,151.59801142113284,-18.602052137372265,158.21755332623025,4516.8301729516315
2,922,-4.152566539943546,-106.32038111635975,151.66004842001385,-18.638545237165257,158.2196055690805,4523.976639725265
2,923,-4.217770165500674,-106.30095621205179,151.72213418327553,-18.675029926285173,158.22165181781384,4531.121542263626
2,924,-4.282971600306143,-106.28152856459923,151.78438491639122,-18.711504340095516,158.22369252461942,4538.264817338151
2,925,-4.348171840271394,-106.26209640821854,151.8467519474989,-18.747969903741307,158.22572570839702,4545.406599244161
2,926,-4.413369165421366,-106.24266135543387,151.9092758400254,-18.784425021138023,158.22775301269826,4552.546677427076
2,927,-4.478564553506696,-106.22322248480558,151.97193587542512,-18.82087063899114,158.22977366888222,4559.68516793196
2,928,-4.543757202736672,-106.2037797194313,152.03472393961064,-18.857306488499557,158.23178730834468,4566.821987295495
2,929,-4.608948004032064,-106.18433273701358,152.0977432994889,-18.893731933783606,158.2337939885963,4573.957271284481
2,930,-4.674137171261237,-106.16488195149572,152.1608023853535,-18.930149274213782,158.2357945108563,4581.090951188985
2,931,-4.739323815405811,-106.14542788584855,152.22401629312802,-18.966556668850597,158.2377893235083,4588.222963086076
2,932,-4.804508915016731,-106.12596961761966,152.28736523266508,-19.00295504953885,158.2397776619224,4595.3534232574375
2,933,-4.869690716810132,-106.10650682536115,152.35092794836498,-19.039342694880315,158.24175837699613,4602.482195120626
2,934,-4.9348711814475426,-106.08704076677253,152.41455714763887,-19.075722145755204,158.24373426441355,4609.609373418209
2,935,-5.000049457209939,-106.06757027422887,152.4783122341456,-19.112092510302453,158.2457033786726,4616.734930793761
2,936,-5.065224668339955,-106.04809502690813,152.54227987290173,-19.14845243632193,158.24766497595613,4623.858821160309
2,937,-5.1303987799443,-106.02861628121477,152.6063134575775,-19.184804448903886,158.2496218402856,4630.981139674623
2,938,-5.195569982164208,-106.00913262672728,152.67055894088372,-19.221146217519436,158.2515712563237,4638.10180539938
2,939,-5.2607385067838095,-105.98964447208037,152.73482440696657,-19.257480016984996,158.25351401801208,4645.220750592451
2,940,-5.325905134770295,-105.97015210112926,152.7993375615105,-19.29380365468252,158.25545098697285,4652.338129503605
2,941,-5.391069141863182,-105.95065567965999,152.86399312856608,-19.330117963210693,158.25738217455284,4659.453820962882
2,942,-5.456231508345996,-105.93115428305171,152.92877283649614,-19.366423849306425,158.2593068256507,4666.567941663668
2,943,-5.521391434027307,-105.9116478335267,152.99366709078757,-19.402721055543005,158.26122457827694,4673.680407896594
2,944,-5.586548095592482,-105.89213710097378,153.05869313419424,-19.439008868620267,158.26313625146463,4680.791117199176
2,945,-5.651703328907116,-105.87262200798384,153.1238699789103,-19.475288075860686,158.26504266610686,4687.900258633605
2,946,-5.716855478815286,-105.85310162901422,153.189150553355,-19.51155853889728,158.26694188661054,4695.007676107795
2,947,-5.782005393185705,-105.83357649369466,153.25466729159746,-19.54781916014923,158.26883514239398,4702.113485971566
2,948,-5.847153344918934,-105.81404615740328,153.32020141655022,-19.584072642403775,158.27072203951184,4709.217640271632
2,949,-5.912298337864803,-105.7945109096716,153.38596104421094,-19.620316127819297,158.2726026424416,4716.320110146364
2,950,-5.977441414213141,-105.77497091332425,153.45186037409584,-19.656551125501327,158.2744777483067,4723.420956884152
2,951,-6.04258179940005,-105.75542524162228,153.51786175585445,-19.692777842492507,158.27634582626456,4730.52011539088
2,952,-6.107719547179593,-105.73587466526932,153.5839918403849,-19.728995915727204,158.27820807818944,4737.617574006787
2,953,-6.172854736051343,-105.71631910631554,153.65025024186727,-19.765205437389042,158.28006453424223,4744.713339867743
2,954,-6.237987378107569,-105.69675739856046,153.7167054180717,-19.801405883941474,158.2819136889035,4751.80747552333
2,955,-6.303117590574574,-105.67719140189843,153.7833151763929,-19.837597511044084,158.28375827385105,4758.899913730185
2,956,-6.368245598350745,-105.65761957725933,153.84992979479023,-19.873782376031667,158.28559636243017,4765.990663052176
2,957,-6.433371197739431,-105.63804113127878,153.91683622964285,-19.90995737297458,158.2874268768428,4773.079839915009
2,958,-6.498493819823972,-105.61845840003645,153.98378948709555,-19.94612455461016,158.2892528909989,4780.167213165918
2,959,-6.563613475547913,-105.59887021712763,154.05085793879908,-19.982283398437,158.2910729037353,4787.252845261858
2,960,-6.628731049790238,-105.5792754163932,154.1181216690531,-20.0184337098471,158.2928858078251,4794.336889791005
2,961,-6.693845813527898,-105.55967500712994,154.1854999947725,-20.05457586293877,158.29469277361522,4801.4192073941485
2,962,-6.758957817696596,-105.54006976162222,154.25301913177873,-20.090709501545373,158.29649498349136,4808.499786153266
2,963,-6.824067095428538,-105.52045766315938,154.3207211527722,-20.12683455100827,158.2982897932461,4815.57870732033
2,964,-6.889173899028139,-105.50083995665844,154.38844103890193,-20.162952764674362,158.30007912170367,4822.655886950008
2,965,-6.954278104134141,-105.48121609079152,154.45636985071096,-20.199062120728534,158.30186226361695,4829.731404153656
2,966,-7.019379786562672,-105.46158598738805,154.52450733583515,-20.23516270962978,158.30363924936705,4836.805265930753
2,967,-7.084478356028829,-105.44195003881669,154.59264963689913,-20.271256402881423,158.30541045766017,4843.87731634278
2,968,-7.149574529332491,-105.42230854711708,154.66102639528737,-20.3073410641916,158.30717671328443,4850.947706353192
2,969,-7.214667671635112,-105.40265996474582,154.72947645621375,-20.34341839585603,158.30893573949913,4858.016354241105
2,970,-7.279757833022238,-105.38300506426307,154.7980258136997,-20.379488043613982,158.31068871154685,4865.083247985282
2,971,-7.344845829258663,-105.36334438464759,154.86680877228548,-20.415548924452803,158.31243681585443,4872.148502501214
2,972,-7.409931030140825,-105.34367637614753,154.9356641841447,-20.4516027336645,158.31417778369314,4879.212036330694
2,973,-7.475012468818387,-105.32400243091351,155.0047268644264,-20.48764732615066,158.31591317923335,4886.273762055338
2,974,-7.540092113401586,-105.3043218509285,155.07390052758996,-20.52368489453427,158.31764301649662,4893.333853528623
2,975,-7.605168292789062,-105.2846345564477,155.14315879995377,-20.559714900767304,158.3193665646604,4900.392134910902
2,976,-7.67024193007834,-105.26494132125485,155.21254057881887,-20.595737305111047,158.3210853654848,4907.448685534477
2,977,-7.735313020199581,-105.2452409794962,155.28211513339915,-20.631751588995858,158.32279795011823,4914.503567109835
2,978,-7.800380796263583,-105.22553259790375,155.35184272508602,-20.667757965454598,158.32450284016306,4921.556714471996
2,979,-7.865445473468934,-105.20581912357761,155.42160978005455,-20.70375729349308,158.3262041789194,4928.608006232063
2,980,-7.930507867528728,-105.18609744960014,155.49154283404258,-20.739749189296813,158.32789825957184,4935.657669600675
2,981,-7.995566242968511,-105.16636920509968,155.56166595812607,-20.775732267153185,158.32958661513635,4942.70548949666
2,982,-8.060622575397261,-105.1466336876171,155.63188496760932,-20.811708683972192,158.33126925949819,4949.751640675937
2,983,-8.125675917066546,-105.1268914405508,155.7023071840899,-20.84767675847644,158.3329466091177,4956.79605406617
2,984,-8.19072562438654,-105.10714176031252,155.77279663025402,-20.88363773650113,158.33461755161807,4963.838629639945
2,985,-8.255773490791682,-105.08738542165983,155.843407240808,-20.919591870861147,158.33628398652127,4970.879538416196
2,986,-8.320816884785557,-105.0676212583639,155.9141654812107,-20.95553774989732,158.33794333742617,4977.918566668239
2,987,-8.385858627000868,-105.04784942038759,155.98501873860974,-20.9914773772257,158.33959711434068,4984.955961917338
2,988,-8.450896891595114,-105.02807045297067,156.05605904278346,-21.02740878859269,158.34124535762885,4991.99156289282
2,989,-8.515931788554253,-105.00828342008188,156.12726025646924,-21.063332496602133,158.34288697798343,4999.0253961563885
2,990,-8.58096348778128,-104.98848932712366,156.19855205811467,-21.0992491833692,158.3445234764264,5006.057414601331
2,991,-8.645992068295683,-104.96868809339973,156.2699340171367,-21.135158931549377,158.3461548778473,5013.087625350168
2,992,-8.711018386672272,-104.94887855233597,156.34149088855833,-21.17106151742367,158.3477801105539,5020.116181401344
2,993,-8.776040740358393,-104.92906148033886,156.41321768835468,-21.20695601903304,158.34939957198628,5027.1428864409245
2,994,-8.841060243743863,-104.90923616805213,156.48500819865242,-21.2428442510816,158.35101290493776,5034.167824735606
2,995,-8.906076809292987,-104.88940316329484,156.5569831136819,-21.278724854965645,158.35262089092316,5041.191017936408
2,996,-8.97108977447612,-104.86956261338158,156.62903110253066,-21.31459864200323,158.35422354003003,5048.212347007202
2,997,-9.036099991661427,-104.84971335139144,156.70123747832795,-21.35046538558942,158.35581978712855,5055.231964834743
2,998,-9.101106630540182,-104.82985615427626,156.7736116145868,-21.386324462455374,158.35741039670188,5062.249766745277
2,999,-9.166109767605109,-104.80999094124894,156.84615301759075,-21.42217595703084,158.35899539482352,5069.2657596967465
2,1000,-9.231110487041315,-104.79011785814211,156.918781837604,-21.45802124548511,158.3605755275811,5076.280008710269